
  .   ____          _            __ _ _
 /\\ / ___'_ __ _ _(_)_ __  __ _ \ \ \ \
( ( )\___ | '_ | '_| | '_ \/ _` | \ \ \ \
 \\/  ___)| |_)| | | | | || (_| |  ) ) ) )
  '  |____| .__|_| |_|_| |_\__, | / / / /
 =========|_|==============|___/=/_/_/_/

 :: Spring Boot ::                (v3.3.4)

2026-09-13T10:56:31.199-04:00  INFO 29984 --- [CatalogService] [           main] c.m.c.CatalogServiceApplication          : Starting CatalogServiceApplication v0.0.1-SNAPSHOT using Java 17.0.17 with PID 29984 (C:\Projects\buyr\catalog-service\target\CatalogService-0.0.1-SNAPSHOT.jar started by Shravan in C:\Projects\buyr\catalog-service)
2026-09-13T10:56:31.219-04:00  INFO 29984 --- [CatalogService] [           main] c.m.c.CatalogServiceApplication          : No active profile set, falling back to 1 default profile: "default"
2026-09-13T10:56:40.920-04:00  INFO 29984 --- [CatalogService] [           main] .s.d.r.c.RepositoryConfigurationDelegate : Multiple Spring Data modules found, entering strict repository configuration mode
2026-09-13T10:56:40.925-04:00  INFO 29984 --- [CatalogService] [           main] .s.d.r.c.RepositoryConfigurationDelegate : Bootstrapping Spring Data JPA repositories in DEFAULT mode.
2026-09-13T10:56:42.070-04:00  INFO 29984 --- [CatalogService] [           main] .s.d.r.c.RepositoryConfigurationDelegate : Finished Spring Data repository scanning in 1110 ms. Found 1 JPA repository interface.
2026-09-13T10:56:42.208-04:00  INFO 29984 --- [CatalogService] [           main] .s.d.r.c.RepositoryConfigurationDelegate : Multiple Spring Data modules found, entering strict repository configuration mode
2026-09-13T10:56:42.211-04:00  INFO 29984 --- [CatalogService] [           main] .s.d.r.c.RepositoryConfigurationDelegate : Bootstrapping Spring Data Redis repositories in DEFAULT mode.
2026-09-13T10:56:42.283-04:00  INFO 29984 --- [CatalogService] [           main] .RepositoryConfigurationExtensionSupport : Spring Data Redis - Could not safely identify store assignment for repository candidate interface com.malison.catalogservice.repository.ProductRepository; If you want this repository to be a Redis repository, consider annotating your entities with one of these annotations: org.springframework.data.redis.core.RedisHash (preferred), or consider extending one of the following types with your repository: org.springframework.data.keyvalue.repository.KeyValueRepository
2026-09-13T10:56:42.286-04:00  INFO 29984 --- [CatalogService] [           main] .s.d.r.c.RepositoryConfigurationDelegate : Finished Spring Data repository scanning in 21 ms. Found 0 Redis repository interfaces.
2026-09-13T10:56:45.241-04:00  INFO 29984 --- [CatalogService] [           main] o.s.cloud.context.scope.GenericScope     : BeanFactory id=be39c751-62bd-3342-a1f2-0c338db655be
2026-09-13T10:56:50.659-04:00  WARN 29984 --- [CatalogService] [           main] trationDelegate$BeanPostProcessorChecker : Bean 'org.springframework.cloud.client.loadbalancer.LoadBalancerAutoConfiguration$DeferringLoadBalancerInterceptorConfig' of type [org.springframework.cloud.client.loadbalancer.LoadBalancerAutoConfiguration$DeferringLoadBalancerInterceptorConfig] is not eligible for getting processed by all BeanPostProcessors (for example: not eligible for auto-proxying). The currently created BeanPostProcessor [lbRestClientPostProcessor] is declared through a non-static factory method on that class; consider declaring it as static instead.
2026-09-13T10:56:50.684-04:00  WARN 29984 --- [CatalogService] [           main] trationDelegate$BeanPostProcessorChecker : Bean 'deferringLoadBalancerInterceptor' of type [org.springframework.cloud.client.loadbalancer.DeferringLoadBalancerInterceptor] is not eligible for getting processed by all BeanPostProcessors (for example: not eligible for auto-proxying). Is this bean getting eagerly injected into a currently created BeanPostProcessor [lbRestClientPostProcessor]? Check the corresponding BeanPostProcessor declaration and its dependencies.
2026-09-13T10:56:57.865-04:00  INFO 29984 --- [CatalogService] [           main] o.s.b.w.embedded.tomcat.TomcatWebServer  : Tomcat initialized with port 8080 (http)
2026-09-13T10:56:58.194-04:00  INFO 29984 --- [CatalogService] [           main] o.apache.catalina.core.StandardService   : Starting service [Tomcat]
2026-09-13T10:56:58.194-04:00  INFO 29984 --- [CatalogService] [           main] o.apache.catalina.core.StandardEngine    : Starting Servlet engine: [Apache Tomcat/10.1.30]
2026-09-13T10:56:59.208-04:00  INFO 29984 --- [CatalogService] [           main] o.a.c.c.C.[Tomcat].[localhost].[/]       : Initializing Spring embedded WebApplicationContext
2026-09-13T10:56:59.216-04:00  INFO 29984 --- [CatalogService] [           main] w.s.c.ServletWebServerApplicationContext : Root WebApplicationContext: initialization completed in 27853 ms
2026-09-13T10:57:16.145-04:00  INFO 29984 --- [CatalogService] [           main] o.hibernate.jpa.internal.util.LogHelper  : HHH000204: Processing PersistenceUnitInfo [name: default]
2026-09-13T10:57:16.431-04:00  INFO 29984 --- [CatalogService] [           main] org.hibernate.Version                    : HHH000412: Hibernate ORM core version 6.5.3.Final
2026-09-13T10:57:16.530-04:00  INFO 29984 --- [CatalogService] [           main] o.h.c.internal.RegionFactoryInitiator    : HHH000026: Second-level cache disabled
2026-09-13T10:57:17.633-04:00  INFO 29984 --- [CatalogService] [           main] o.s.o.j.p.SpringPersistenceUnitInfo      : No LoadTimeWeaver setup: ignoring JPA class transformer
2026-09-13T10:57:17.786-04:00  INFO 29984 --- [CatalogService] [           main] com.zaxxer.hikari.HikariDataSource       : HikariPool-1 - Starting...
2026-09-13T10:57:18.736-04:00  INFO 29984 --- [CatalogService] [           main] com.zaxxer.hikari.pool.HikariPool        : HikariPool-1 - Added connection org.postgresql.jdbc.PgConnection@4470106b
2026-09-13T10:57:18.740-04:00  INFO 29984 --- [CatalogService] [           main] com.zaxxer.hikari.HikariDataSource       : HikariPool-1 - Start completed.
2026-09-13T10:57:19.144-04:00  WARN 29984 --- [CatalogService] [           main] org.hibernate.orm.deprecation            : HHH90000025: PostgreSQLDialect does not need to be specified explicitly using 'hibernate.dialect' (remove the property setting and it will be selected by default)
2026-09-13T10:57:21.249-04:00  INFO 29984 --- [CatalogService] [           main] o.h.e.t.j.p.i.JtaPlatformInitiator       : HHH000489: No JTA platform available (set 'hibernate.transaction.jta.platform' to enable JTA platform integration)
2026-09-13T10:57:21.411-04:00  INFO 29984 --- [CatalogService] [           main] j.LocalContainerEntityManagerFactoryBean : Initialized JPA EntityManagerFactory for persistence unit 'default'
2026-09-13T10:57:37.688-04:00  INFO 29984 --- [CatalogService] [           main] DiscoveryClientOptionalArgsConfiguration : Eureka HTTP Client uses RestTemplate.
2026-09-13T10:57:38.224-04:00  WARN 29984 --- [CatalogService] [           main] iguration$LoadBalancerCaffeineWarnLogger : Spring Cloud LoadBalancer is currently working with the default cache. While this cache implementation is useful for development and tests, it's recommended to use Caffeine cache in production.You can switch to using Caffeine cache, by adding it and org.springframework.cache.caffeine.CaffeineCacheManager to the classpath.
2026-09-13T10:57:39.189-04:00  INFO 29984 --- [CatalogService] [           main] o.s.c.n.eureka.InstanceInfoFactory       : Setting initial instance status as: STARTING
2026-09-13T10:57:39.840-04:00  INFO 29984 --- [CatalogService] [           main] com.netflix.discovery.DiscoveryClient    : Initializing Eureka in region us-east-1
2026-09-13T10:57:39.930-04:00  INFO 29984 --- [CatalogService] [           main] c.n.d.s.r.aws.ConfigClusterResolver      : Resolving eureka endpoints via configuration
2026-09-13T10:57:40.126-04:00  INFO 29984 --- [CatalogService] [           main] com.netflix.discovery.DiscoveryClient    : Disable delta property : false
2026-09-13T10:57:40.126-04:00  INFO 29984 --- [CatalogService] [           main] com.netflix.discovery.DiscoveryClient    : Single vip registry refresh property : null
2026-09-13T10:57:40.126-04:00  INFO 29984 --- [CatalogService] [           main] com.netflix.discovery.DiscoveryClient    : Force full registry fetch : false
2026-09-13T10:57:40.127-04:00  INFO 29984 --- [CatalogService] [           main] com.netflix.discovery.DiscoveryClient    : Application is null : false
2026-09-13T10:57:40.127-04:00  INFO 29984 --- [CatalogService] [           main] com.netflix.discovery.DiscoveryClient    : Registered Applications size is zero : true
2026-09-13T10:57:40.127-04:00  INFO 29984 --- [CatalogService] [           main] com.netflix.discovery.DiscoveryClient    : Application version is -1: true
2026-09-13T10:57:40.127-04:00  INFO 29984 --- [CatalogService] [           main] com.netflix.discovery.DiscoveryClient    : Getting all instance registry info from the eureka server
2026-09-13T10:57:47.426-04:00  INFO 29984 --- [CatalogService] [           main] com.netflix.discovery.DiscoveryClient    : The response status is 200
2026-09-13T10:57:47.483-04:00  INFO 29984 --- [CatalogService] [           main] com.netflix.discovery.DiscoveryClient    : Starting heartbeat executor: renew interval is: 30
2026-09-13T10:57:47.539-04:00  INFO 29984 --- [CatalogService] [           main] c.n.discovery.InstanceInfoReplicator     : InstanceInfoReplicator onDemand update allowed rate per min is 4
2026-09-13T10:57:47.575-04:00  INFO 29984 --- [CatalogService] [           main] com.netflix.discovery.DiscoveryClient    : Discovery Client initialized at timestamp 1789311467573 with initial instances count: 0
2026-09-13T10:57:47.595-04:00  INFO 29984 --- [CatalogService] [           main] o.s.c.n.e.s.EurekaServiceRegistry        : Registering application CATALOGSERVICE with eureka with status UP
2026-09-13T10:57:47.597-04:00  INFO 29984 --- [CatalogService] [           main] com.netflix.discovery.DiscoveryClient    : Saw local status change event StatusChangeEvent [timestamp=1789311467597, current=UP, previous=STARTING]
2026-09-13T10:57:47.698-04:00  INFO 29984 --- [CatalogService] [foReplicator-%d] com.netflix.discovery.DiscoveryClient    : DiscoveryClient_CATALOGSERVICE/host.docker.internal:CatalogService:8080: registering service...
2026-09-13T10:57:47.866-04:00  INFO 29984 --- [CatalogService] [           main] o.s.b.w.embedded.tomcat.TomcatWebServer  : Tomcat started on port 8080 (http) with context path '/'
2026-09-13T10:57:47.868-04:00  INFO 29984 --- [CatalogService] [           main] .s.c.n.e.s.EurekaAutoServiceRegistration : Updating port to 8080
2026-09-13T10:57:48.563-04:00  INFO 29984 --- [CatalogService] [nio-8080-exec-1] o.a.c.c.C.[Tomcat].[localhost].[/]       : Initializing Spring DispatcherServlet 'dispatcherServlet'
2026-09-13T10:57:48.564-04:00  INFO 29984 --- [CatalogService] [nio-8080-exec-1] o.s.web.servlet.DispatcherServlet        : Initializing Servlet 'dispatcherServlet'
2026-09-13T10:57:48.568-04:00  INFO 29984 --- [CatalogService] [nio-8080-exec-1] o.s.web.servlet.DispatcherServlet        : Completed initialization in 4 ms
2026-09-13T10:57:49.147-04:00  INFO 29984 --- [CatalogService] [foReplicator-%d] com.netflix.discovery.DiscoveryClient    : DiscoveryClient_CATALOGSERVICE/host.docker.internal:CatalogService:8080 - registration status: 204
2026-09-13T10:58:02.539-04:00  INFO 29984 --- [CatalogService] [           main] c.m.c.CatalogServiceApplication          : Started CatalogServiceApplication in 92.907 seconds (process running for 94.101)
2026-09-13T10:58:17.515-04:00  INFO 29984 --- [CatalogService] [reshExecutor-%d] com.netflix.discovery.DiscoveryClient    : Disable delta property : false
2026-09-13T10:58:17.516-04:00  INFO 29984 --- [CatalogService] [reshExecutor-%d] com.netflix.discovery.DiscoveryClient    : Single vip registry refresh property : null
2026-09-13T10:58:17.516-04:00  INFO 29984 --- [CatalogService] [reshExecutor-%d] com.netflix.discovery.DiscoveryClient    : Force full registry fetch : false
2026-09-13T10:58:17.516-04:00  INFO 29984 --- [CatalogService] [reshExecutor-%d] com.netflix.discovery.DiscoveryClient    : Application is null : false
2026-09-13T10:58:17.516-04:00  INFO 29984 --- [CatalogService] [reshExecutor-%d] com.netflix.discovery.DiscoveryClient    : Registered Applications size is zero : true
2026-09-13T10:58:17.516-04:00  INFO 29984 --- [CatalogService] [reshExecutor-%d] com.netflix.discovery.DiscoveryClient    : Application version is -1: false
2026-09-13T10:58:17.516-04:00  INFO 29984 --- [CatalogService] [reshExecutor-%d] com.netflix.discovery.DiscoveryClient    : Getting all instance registry info from the eureka server
2026-09-13T10:58:17.548-04:00  INFO 29984 --- [CatalogService] [reshExecutor-%d] com.netflix.discovery.DiscoveryClient    : The response status is 200
2026-09-13T10:58:23.709-04:00  INFO 29984 --- [CatalogService] [nio-8080-exec-6] c.m.c.service.impl.ProductServiceImpl    : Getting all products from database
Hibernate: 
    select
        p1_0.id,
        p1_0.description,
        p1_0.name,
        p1_0.price,
        p1_0.quantity 
    from
        product p1_0
2026-09-13T10:58:25.387-04:00  INFO 29984 --- [CatalogService] [ioEventLoop-4-1] i.lettuce.core.protocol.CommandHandler   : null Unexpected exception during request: java.net.SocketException: Connection reset

java.net.SocketException: Connection reset
	at java.base/sun.nio.ch.SocketChannelImpl.throwConnectionReset(SocketChannelImpl.java:394) ~[na:na]
	at java.base/sun.nio.ch.SocketChannelImpl.read(SocketChannelImpl.java:426) ~[na:na]
	at io.netty.buffer.PooledByteBuf.setBytes(PooledByteBuf.java:255) ~[netty-buffer-4.1.113.Final.jar!/:4.1.113.Final]
	at io.netty.buffer.AbstractByteBuf.writeBytes(AbstractByteBuf.java:1132) ~[netty-buffer-4.1.113.Final.jar!/:4.1.113.Final]
	at io.netty.channel.socket.nio.NioSocketChannel.doReadBytes(NioSocketChannel.java:356) ~[netty-transport-4.1.113.Final.jar!/:4.1.113.Final]
	at io.netty.channel.nio.AbstractNioByteChannel$NioByteUnsafe.read(AbstractNioByteChannel.java:151) ~[netty-transport-4.1.113.Final.jar!/:4.1.113.Final]
	at io.netty.channel.nio.NioEventLoop.processSelectedKey(NioEventLoop.java:788) ~[netty-transport-4.1.113.Final.jar!/:4.1.113.Final]
	at io.netty.channel.nio.NioEventLoop.processSelectedKeysOptimized(NioEventLoop.java:724) ~[netty-transport-4.1.113.Final.jar!/:4.1.113.Final]
	at io.netty.channel.nio.NioEventLoop.processSelectedKeys(NioEventLoop.java:650) ~[netty-transport-4.1.113.Final.jar!/:4.1.113.Final]
	at io.netty.channel.nio.NioEventLoop.run(NioEventLoop.java:562) ~[netty-transport-4.1.113.Final.jar!/:4.1.113.Final]
	at io.netty.util.concurrent.SingleThreadEventExecutor$4.run(SingleThreadEventExecutor.java:997) ~[netty-common-4.1.113.Final.jar!/:4.1.113.Final]
	at io.netty.util.internal.ThreadExecutorMap$2.run(ThreadExecutorMap.java:74) ~[netty-common-4.1.113.Final.jar!/:4.1.113.Final]
	at io.netty.util.concurrent.FastThreadLocalRunnable.run(FastThreadLocalRunnable.java:30) ~[netty-common-4.1.113.Final.jar!/:4.1.113.Final]
	at java.base/java.lang.Thread.run(Thread.java:842) ~[na:na]

2026-09-13T10:58:25.433-04:00  INFO 29984 --- [CatalogService] [ioEventLoop-4-2] i.lettuce.core.protocol.CommandHandler   : null Unexpected exception during request: java.net.SocketException: Connection reset

java.net.SocketException: Connection reset
	at java.base/sun.nio.ch.SocketChannelImpl.throwConnectionReset(SocketChannelImpl.java:394) ~[na:na]
	at java.base/sun.nio.ch.SocketChannelImpl.read(SocketChannelImpl.java:426) ~[na:na]
	at io.netty.buffer.PooledByteBuf.setBytes(PooledByteBuf.java:255) ~[netty-buffer-4.1.113.Final.jar!/:4.1.113.Final]
	at io.netty.buffer.AbstractByteBuf.writeBytes(AbstractByteBuf.java:1132) ~[netty-buffer-4.1.113.Final.jar!/:4.1.113.Final]
	at io.netty.channel.socket.nio.NioSocketChannel.doReadBytes(NioSocketChannel.java:356) ~[netty-transport-4.1.113.Final.jar!/:4.1.113.Final]
	at io.netty.channel.nio.AbstractNioByteChannel$NioByteUnsafe.read(AbstractNioByteChannel.java:151) ~[netty-transport-4.1.113.Final.jar!/:4.1.113.Final]
	at io.netty.channel.nio.NioEventLoop.processSelectedKey(NioEventLoop.java:788) ~[netty-transport-4.1.113.Final.jar!/:4.1.113.Final]
	at io.netty.channel.nio.NioEventLoop.processSelectedKeysOptimized(NioEventLoop.java:724) ~[netty-transport-4.1.113.Final.jar!/:4.1.113.Final]
	at io.netty.channel.nio.NioEventLoop.processSelectedKeys(NioEventLoop.java:650) ~[netty-transport-4.1.113.Final.jar!/:4.1.113.Final]
	at io.netty.channel.nio.NioEventLoop.run(NioEventLoop.java:562) ~[netty-transport-4.1.113.Final.jar!/:4.1.113.Final]
	at io.netty.util.concurrent.SingleThreadEventExecutor$4.run(SingleThreadEventExecutor.java:997) ~[netty-common-4.1.113.Final.jar!/:4.1.113.Final]
	at io.netty.util.internal.ThreadExecutorMap$2.run(ThreadExecutorMap.java:74) ~[netty-common-4.1.113.Final.jar!/:4.1.113.Final]
	at io.netty.util.concurrent.FastThreadLocalRunnable.run(FastThreadLocalRunnable.java:30) ~[netty-common-4.1.113.Final.jar!/:4.1.113.Final]
	at java.base/java.lang.Thread.run(Thread.java:842) ~[na:na]

2026-09-13T10:58:25.512-04:00  INFO 29984 --- [CatalogService] [xecutorLoop-1-2] i.l.core.protocol.ConnectionWatchdog     : Reconnecting, last destination was localhost/127.0.0.1:6379
2026-09-13T10:58:25.512-04:00  INFO 29984 --- [CatalogService] [xecutorLoop-1-1] i.l.core.protocol.ConnectionWatchdog     : Reconnecting, last destination was localhost/127.0.0.1:6379
2026-09-13T10:58:25.540-04:00  WARN 29984 --- [CatalogService] [ioEventLoop-4-3] i.l.core.protocol.ConnectionWatchdog     : Cannot reconnect to [localhost/<unresolved>:6379]: Connection refused: no further information: localhost/127.0.0.1:6379
2026-09-13T10:58:25.540-04:00  WARN 29984 --- [CatalogService] [ioEventLoop-4-4] i.l.core.protocol.ConnectionWatchdog     : Cannot reconnect to [localhost/<unresolved>:6379]: Connection refused: no further information: localhost/127.0.0.1:6379
2026-09-13T10:58:31.292-04:00  INFO 29984 --- [CatalogService] [nio-8080-exec-8] c.m.c.service.impl.ProductServiceImpl    : Getting all products from database
2026-09-13T10:58:31.307-04:00  WARN 29984 --- [CatalogService] [nio-8080-exec-8] com.zaxxer.hikari.pool.PoolBase          : HikariPool-1 - Failed to validate connection org.postgresql.jdbc.PgConnection@4470106b (This connection has been closed.). Possibly consider using a shorter maxLifetime value.
2026-09-13T10:58:31.309-04:00  WARN 29984 --- [CatalogService] [nio-8080-exec-8] com.zaxxer.hikari.pool.PoolBase          : HikariPool-1 - Failed to validate connection org.postgresql.jdbc.PgConnection@3fd2335d (This connection has been closed.). Possibly consider using a shorter maxLifetime value.
2026-09-13T10:58:31.310-04:00  WARN 29984 --- [CatalogService] [nio-8080-exec-8] com.zaxxer.hikari.pool.PoolBase          : HikariPool-1 - Failed to validate connection org.postgresql.jdbc.PgConnection@6b79e284 (This connection has been closed.). Possibly consider using a shorter maxLifetime value.
2026-09-13T10:58:31.312-04:00  WARN 29984 --- [CatalogService] [nio-8080-exec-8] com.zaxxer.hikari.pool.PoolBase          : HikariPool-1 - Failed to validate connection org.postgresql.jdbc.PgConnection@205439c6 (This connection has been closed.). Possibly consider using a shorter maxLifetime value.
2026-09-13T10:58:31.313-04:00  WARN 29984 --- [CatalogService] [nio-8080-exec-8] com.zaxxer.hikari.pool.PoolBase          : HikariPool-1 - Failed to validate connection org.postgresql.jdbc.PgConnection@6c90df3a (This connection has been closed.). Possibly consider using a shorter maxLifetime value.
2026-09-13T10:58:31.314-04:00  WARN 29984 --- [CatalogService] [nio-8080-exec-8] com.zaxxer.hikari.pool.PoolBase          : HikariPool-1 - Failed to validate connection org.postgresql.jdbc.PgConnection@4276512e (This connection has been closed.). Possibly consider using a shorter maxLifetime value.
2026-09-13T10:58:31.315-04:00  WARN 29984 --- [CatalogService] [nio-8080-exec-8] com.zaxxer.hikari.pool.PoolBase          : HikariPool-1 - Failed to validate connection org.postgresql.jdbc.PgConnection@66bff626 (This connection has been closed.). Possibly consider using a shorter maxLifetime value.
2026-09-13T10:58:31.316-04:00  WARN 29984 --- [CatalogService] [nio-8080-exec-8] com.zaxxer.hikari.pool.PoolBase          : HikariPool-1 - Failed to validate connection org.postgresql.jdbc.PgConnection@6724793e (This connection has been closed.). Possibly consider using a shorter maxLifetime value.
2026-09-13T10:58:31.319-04:00  WARN 29984 --- [CatalogService] [nio-8080-exec-8] com.zaxxer.hikari.pool.PoolBase          : HikariPool-1 - Failed to validate connection org.postgresql.jdbc.PgConnection@d2703ef (This connection has been closed.). Possibly consider using a shorter maxLifetime value.
2026-09-13T10:58:31.320-04:00  WARN 29984 --- [CatalogService] [nio-8080-exec-8] com.zaxxer.hikari.pool.PoolBase          : HikariPool-1 - Failed to validate connection org.postgresql.jdbc.PgConnection@7d28cc44 (This connection has been closed.). Possibly consider using a shorter maxLifetime value.
2026-09-13T10:58:34.489-04:00  INFO 29984 --- [CatalogService] [xecutorLoop-1-1] i.l.core.protocol.ConnectionWatchdog     : Reconnecting, last destination was localhost/<unresolved>:6379
2026-09-13T10:58:34.489-04:00  INFO 29984 --- [CatalogService] [xecutorLoop-1-2] i.l.core.protocol.ConnectionWatchdog     : Reconnecting, last destination was localhost/<unresolved>:6379
2026-09-13T10:58:34.490-04:00  WARN 29984 --- [CatalogService] [ioEventLoop-4-3] i.l.core.protocol.ConnectionWatchdog     : Cannot reconnect to [localhost/<unresolved>:6379]: Connection refused: no further information: localhost/127.0.0.1:6379
2026-09-13T10:58:34.490-04:00  WARN 29984 --- [CatalogService] [ioEventLoop-4-4] i.l.core.protocol.ConnectionWatchdog     : Cannot reconnect to [localhost/<unresolved>:6379]: Connection refused: no further information: localhost/127.0.0.1:6379
2026-09-13T10:58:42.710-04:00  INFO 29984 --- [CatalogService] [xecutorLoop-1-3] i.l.core.protocol.ConnectionWatchdog     : Reconnecting, last destination was localhost/<unresolved>:6379
2026-09-13T10:58:42.710-04:00  INFO 29984 --- [CatalogService] [xecutorLoop-1-4] i.l.core.protocol.ConnectionWatchdog     : Reconnecting, last destination was localhost/<unresolved>:6379
2026-09-13T10:58:42.712-04:00  WARN 29984 --- [CatalogService] [ioEventLoop-4-1] i.l.core.protocol.ConnectionWatchdog     : Cannot reconnect to [localhost/<unresolved>:6379]: Connection refused: no further information: localhost/127.0.0.1:6379
2026-09-13T10:58:42.713-04:00  WARN 29984 --- [CatalogService] [ioEventLoop-4-2] i.l.core.protocol.ConnectionWatchdog     : Cannot reconnect to [localhost/<unresolved>:6379]: Connection refused: no further information: localhost/127.0.0.1:6379
2026-09-13T10:58:59.204-04:00  INFO 29984 --- [CatalogService] [xecutorLoop-1-1] i.l.core.protocol.ConnectionWatchdog     : Reconnecting, last destination was localhost/<unresolved>:6379
2026-09-13T10:58:59.204-04:00  INFO 29984 --- [CatalogService] [xecutorLoop-1-2] i.l.core.protocol.ConnectionWatchdog     : Reconnecting, last destination was localhost/<unresolved>:6379
2026-09-13T10:58:59.206-04:00  WARN 29984 --- [CatalogService] [ioEventLoop-4-4] i.l.core.protocol.ConnectionWatchdog     : Cannot reconnect to [localhost/<unresolved>:6379]: Connection refused: no further information: localhost/127.0.0.1:6379
2026-09-13T10:58:59.206-04:00  WARN 29984 --- [CatalogService] [ioEventLoop-4-3] i.l.core.protocol.ConnectionWatchdog     : Cannot reconnect to [localhost/<unresolved>:6379]: Connection refused: no further information: localhost/127.0.0.1:6379
2026-09-13T10:59:01.314-04:00  WARN 29984 --- [CatalogService] [nio-8080-exec-8] o.h.engine.jdbc.spi.SqlExceptionHelper   : SQL Error: 0, SQLState: 08001
2026-09-13T10:59:01.315-04:00 ERROR 29984 --- [CatalogService] [nio-8080-exec-8] o.h.engine.jdbc.spi.SqlExceptionHelper   : HikariPool-1 - Connection is not available, request timed out after 30014ms (total=0, active=0, idle=0, waiting=0)
2026-09-13T10:59:01.315-04:00 ERROR 29984 --- [CatalogService] [nio-8080-exec-8] o.h.engine.jdbc.spi.SqlExceptionHelper   : Connection to localhost:5432 refused. Check that the hostname and port are correct and that the postmaster is accepting TCP/IP connections.
2026-09-13T10:59:01.328-04:00 ERROR 29984 --- [CatalogService] [nio-8080-exec-8] o.a.c.c.C.[.[.[/].[dispatcherServlet]    : Servlet.service() for servlet [dispatcherServlet] in context with path [] threw exception [Request processing failed: org.springframework.transaction.CannotCreateTransactionException: Could not open JPA EntityManager for transaction] with root cause

java.net.ConnectException: Connection refused: no further information
	at java.base/sun.nio.ch.Net.pollConnect(Native Method) ~[na:na]
	at java.base/sun.nio.ch.Net.pollConnectNow(Net.java:684) ~[na:na]
	at java.base/sun.nio.ch.NioSocketImpl.timedFinishConnect(NioSocketImpl.java:547) ~[na:na]
	at java.base/sun.nio.ch.NioSocketImpl.connect(NioSocketImpl.java:602) ~[na:na]
	at java.base/java.net.SocksSocketImpl.connect(SocksSocketImpl.java:327) ~[na:na]
	at java.base/java.net.Socket.connect(Socket.java:633) ~[na:na]
	at org.postgresql.core.PGStream.createSocket(PGStream.java:260) ~[postgresql-42.7.4.jar!/:42.7.4]
	at org.postgresql.core.PGStream.<init>(PGStream.java:121) ~[postgresql-42.7.4.jar!/:42.7.4]
	at org.postgresql.core.v3.ConnectionFactoryImpl.tryConnect(ConnectionFactoryImpl.java:140) ~[postgresql-42.7.4.jar!/:42.7.4]
	at org.postgresql.core.v3.ConnectionFactoryImpl.openConnectionImpl(ConnectionFactoryImpl.java:268) ~[postgresql-42.7.4.jar!/:42.7.4]
	at org.postgresql.core.ConnectionFactory.openConnection(ConnectionFactory.java:54) ~[postgresql-42.7.4.jar!/:42.7.4]
	at org.postgresql.jdbc.PgConnection.<init>(PgConnection.java:273) ~[postgresql-42.7.4.jar!/:42.7.4]
	at org.postgresql.Driver.makeConnection(Driver.java:446) ~[postgresql-42.7.4.jar!/:42.7.4]
	at org.postgresql.Driver.connect(Driver.java:298) ~[postgresql-42.7.4.jar!/:42.7.4]
	at com.zaxxer.hikari.util.DriverDataSource.getConnection(DriverDataSource.java:137) ~[HikariCP-5.1.0.jar!/:na]
	at com.zaxxer.hikari.pool.PoolBase.newConnection(PoolBase.java:360) ~[HikariCP-5.1.0.jar!/:na]
	at com.zaxxer.hikari.pool.PoolBase.newPoolEntry(PoolBase.java:202) ~[HikariCP-5.1.0.jar!/:na]
	at com.zaxxer.hikari.pool.HikariPool.createPoolEntry(HikariPool.java:461) ~[HikariCP-5.1.0.jar!/:na]
	at com.zaxxer.hikari.pool.HikariPool$PoolEntryCreator.call(HikariPool.java:724) ~[HikariCP-5.1.0.jar!/:na]
	at com.zaxxer.hikari.pool.HikariPool$PoolEntryCreator.call(HikariPool.java:703) ~[HikariCP-5.1.0.jar!/:na]
	at java.base/java.util.concurrent.FutureTask.run(FutureTask.java:264) ~[na:na]
	at java.base/java.util.concurrent.ThreadPoolExecutor.runWorker(ThreadPoolExecutor.java:1136) ~[na:na]
	at java.base/java.util.concurrent.ThreadPoolExecutor$Worker.run(ThreadPoolExecutor.java:635) ~[na:na]
	at java.base/java.lang.Thread.run(Thread.java:842) ~[na:na]

2026-09-13T10:59:29.290-04:00  INFO 29984 --- [CatalogService] [xecutorLoop-1-1] i.l.core.protocol.ConnectionWatchdog     : Reconnecting, last destination was localhost/<unresolved>:6379
2026-09-13T10:59:29.290-04:00  INFO 29984 --- [CatalogService] [xecutorLoop-1-2] i.l.core.protocol.ConnectionWatchdog     : Reconnecting, last destination was localhost/<unresolved>:6379
2026-09-13T10:59:29.292-04:00  WARN 29984 --- [CatalogService] [ioEventLoop-4-2] i.l.core.protocol.ConnectionWatchdog     : Cannot reconnect to [localhost/<unresolved>:6379]: Connection refused: no further information: localhost/127.0.0.1:6379
2026-09-13T10:59:29.292-04:00  WARN 29984 --- [CatalogService] [ioEventLoop-4-1] i.l.core.protocol.ConnectionWatchdog     : Cannot reconnect to [localhost/<unresolved>:6379]: Connection refused: no further information: localhost/127.0.0.1:6379
2026-09-13T10:59:36.142-04:00  INFO 29984 --- [CatalogService] [nio-8080-exec-1] c.m.c.service.impl.ProductServiceImpl    : Getting all products from database
2026-09-13T10:59:59.399-04:00  INFO 29984 --- [CatalogService] [xecutorLoop-1-3] i.l.core.protocol.ConnectionWatchdog     : Reconnecting, last destination was localhost/<unresolved>:6379
2026-09-13T10:59:59.399-04:00  INFO 29984 --- [CatalogService] [xecutorLoop-1-4] i.l.core.protocol.ConnectionWatchdog     : Reconnecting, last destination was localhost/<unresolved>:6379
2026-09-13T10:59:59.402-04:00  WARN 29984 --- [CatalogService] [ioEventLoop-4-4] i.l.core.protocol.ConnectionWatchdog     : Cannot reconnect to [localhost/<unresolved>:6379]: Connection refused: no further information: localhost/127.0.0.1:6379
2026-09-13T10:59:59.402-04:00  WARN 29984 --- [CatalogService] [ioEventLoop-4-3] i.l.core.protocol.ConnectionWatchdog     : Cannot reconnect to [localhost/<unresolved>:6379]: Connection refused: no further information: localhost/127.0.0.1:6379
2026-09-13T11:00:06.158-04:00  WARN 29984 --- [CatalogService] [nio-8080-exec-1] o.h.engine.jdbc.spi.SqlExceptionHelper   : SQL Error: 0, SQLState: 08001
2026-09-13T11:00:06.159-04:00 ERROR 29984 --- [CatalogService] [nio-8080-exec-1] o.h.engine.jdbc.spi.SqlExceptionHelper   : HikariPool-1 - Connection is not available, request timed out after 30013ms (total=0, active=0, idle=0, waiting=0)
2026-09-13T11:00:06.159-04:00 ERROR 29984 --- [CatalogService] [nio-8080-exec-1] o.h.engine.jdbc.spi.SqlExceptionHelper   : Connection to localhost:5432 refused. Check that the hostname and port are correct and that the postmaster is accepting TCP/IP connections.
2026-09-13T11:00:06.160-04:00 ERROR 29984 --- [CatalogService] [nio-8080-exec-1] o.a.c.c.C.[.[.[/].[dispatcherServlet]    : Servlet.service() for servlet [dispatcherServlet] in context with path [] threw exception [Request processing failed: org.springframework.transaction.CannotCreateTransactionException: Could not open JPA EntityManager for transaction] with root cause

java.net.ConnectException: Connection refused: no further information
	at java.base/sun.nio.ch.Net.pollConnect(Native Method) ~[na:na]
	at java.base/sun.nio.ch.Net.pollConnectNow(Net.java:684) ~[na:na]
	at java.base/sun.nio.ch.NioSocketImpl.timedFinishConnect(NioSocketImpl.java:547) ~[na:na]
	at java.base/sun.nio.ch.NioSocketImpl.connect(NioSocketImpl.java:602) ~[na:na]
	at java.base/java.net.SocksSocketImpl.connect(SocksSocketImpl.java:327) ~[na:na]
	at java.base/java.net.Socket.connect(Socket.java:633) ~[na:na]
	at org.postgresql.core.PGStream.createSocket(PGStream.java:260) ~[postgresql-42.7.4.jar!/:42.7.4]
	at org.postgresql.core.PGStream.<init>(PGStream.java:121) ~[postgresql-42.7.4.jar!/:42.7.4]
	at org.postgresql.core.v3.ConnectionFactoryImpl.tryConnect(ConnectionFactoryImpl.java:140) ~[postgresql-42.7.4.jar!/:42.7.4]
	at org.postgresql.core.v3.ConnectionFactoryImpl.openConnectionImpl(ConnectionFactoryImpl.java:268) ~[postgresql-42.7.4.jar!/:42.7.4]
	at org.postgresql.core.ConnectionFactory.openConnection(ConnectionFactory.java:54) ~[postgresql-42.7.4.jar!/:42.7.4]
	at org.postgresql.jdbc.PgConnection.<init>(PgConnection.java:273) ~[postgresql-42.7.4.jar!/:42.7.4]
	at org.postgresql.Driver.makeConnection(Driver.java:446) ~[postgresql-42.7.4.jar!/:42.7.4]
	at org.postgresql.Driver.connect(Driver.java:298) ~[postgresql-42.7.4.jar!/:42.7.4]
	at com.zaxxer.hikari.util.DriverDataSource.getConnection(DriverDataSource.java:137) ~[HikariCP-5.1.0.jar!/:na]
	at com.zaxxer.hikari.pool.PoolBase.newConnection(PoolBase.java:360) ~[HikariCP-5.1.0.jar!/:na]
	at com.zaxxer.hikari.pool.PoolBase.newPoolEntry(PoolBase.java:202) ~[HikariCP-5.1.0.jar!/:na]
	at com.zaxxer.hikari.pool.HikariPool.createPoolEntry(HikariPool.java:461) ~[HikariCP-5.1.0.jar!/:na]
	at com.zaxxer.hikari.pool.HikariPool$PoolEntryCreator.call(HikariPool.java:724) ~[HikariCP-5.1.0.jar!/:na]
	at com.zaxxer.hikari.pool.HikariPool$PoolEntryCreator.call(HikariPool.java:703) ~[HikariCP-5.1.0.jar!/:na]
	at java.base/java.util.concurrent.FutureTask.run(FutureTask.java:264) ~[na:na]
	at java.base/java.util.concurrent.ThreadPoolExecutor.runWorker(ThreadPoolExecutor.java:1136) ~[na:na]
	at java.base/java.util.concurrent.ThreadPoolExecutor$Worker.run(ThreadPoolExecutor.java:635) ~[na:na]
	at java.base/java.lang.Thread.run(Thread.java:842) ~[na:na]

2026-09-13T11:00:25.796-04:00  INFO 29984 --- [CatalogService] [nio-8080-exec-3] c.m.c.service.impl.ProductServiceImpl    : Getting all products from database
2026-09-13T11:00:29.490-04:00  INFO 29984 --- [CatalogService] [xecutorLoop-1-4] i.l.core.protocol.ConnectionWatchdog     : Reconnecting, last destination was localhost/<unresolved>:6379
2026-09-13T11:00:29.490-04:00  INFO 29984 --- [CatalogService] [xecutorLoop-1-3] i.l.core.protocol.ConnectionWatchdog     : Reconnecting, last destination was localhost/<unresolved>:6379
2026-09-13T11:00:29.493-04:00  WARN 29984 --- [CatalogService] [ioEventLoop-4-1] i.l.core.protocol.ConnectionWatchdog     : Cannot reconnect to [localhost/<unresolved>:6379]: Connection refused: no further information: localhost/127.0.0.1:6379
2026-09-13T11:00:29.495-04:00  WARN 29984 --- [CatalogService] [ioEventLoop-4-2] i.l.core.protocol.ConnectionWatchdog     : Cannot reconnect to [localhost/<unresolved>:6379]: Connection refused: no further information: localhost/127.0.0.1:6379
2026-09-13T11:00:40.745-04:00  INFO 29984 --- [CatalogService] [nio-8080-exec-7] c.m.c.service.impl.ProductServiceImpl    : Getting all products from database
2026-09-13T11:00:55.802-04:00  WARN 29984 --- [CatalogService] [nio-8080-exec-3] o.h.engine.jdbc.spi.SqlExceptionHelper   : SQL Error: 0, SQLState: 08001
2026-09-13T11:00:55.802-04:00 ERROR 29984 --- [CatalogService] [nio-8080-exec-3] o.h.engine.jdbc.spi.SqlExceptionHelper   : HikariPool-1 - Connection is not available, request timed out after 30003ms (total=0, active=0, idle=0, waiting=1)
2026-09-13T11:00:55.803-04:00 ERROR 29984 --- [CatalogService] [nio-8080-exec-3] o.h.engine.jdbc.spi.SqlExceptionHelper   : Connection to localhost:5432 refused. Check that the hostname and port are correct and that the postmaster is accepting TCP/IP connections.
2026-09-13T11:00:55.809-04:00 ERROR 29984 --- [CatalogService] [nio-8080-exec-3] o.a.c.c.C.[.[.[/].[dispatcherServlet]    : Servlet.service() for servlet [dispatcherServlet] in context with path [] threw exception [Request processing failed: org.springframework.transaction.CannotCreateTransactionException: Could not open JPA EntityManager for transaction] with root cause

java.net.ConnectException: Connection refused: no further information
	at java.base/sun.nio.ch.Net.pollConnect(Native Method) ~[na:na]
	at java.base/sun.nio.ch.Net.pollConnectNow(Net.java:684) ~[na:na]
	at java.base/sun.nio.ch.NioSocketImpl.timedFinishConnect(NioSocketImpl.java:547) ~[na:na]
	at java.base/sun.nio.ch.NioSocketImpl.connect(NioSocketImpl.java:602) ~[na:na]
	at java.base/java.net.SocksSocketImpl.connect(SocksSocketImpl.java:327) ~[na:na]
	at java.base/java.net.Socket.connect(Socket.java:633) ~[na:na]
	at org.postgresql.core.PGStream.createSocket(PGStream.java:260) ~[postgresql-42.7.4.jar!/:42.7.4]
	at org.postgresql.core.PGStream.<init>(PGStream.java:121) ~[postgresql-42.7.4.jar!/:42.7.4]
	at org.postgresql.core.v3.ConnectionFactoryImpl.tryConnect(ConnectionFactoryImpl.java:140) ~[postgresql-42.7.4.jar!/:42.7.4]
	at org.postgresql.core.v3.ConnectionFactoryImpl.openConnectionImpl(ConnectionFactoryImpl.java:268) ~[postgresql-42.7.4.jar!/:42.7.4]
	at org.postgresql.core.ConnectionFactory.openConnection(ConnectionFactory.java:54) ~[postgresql-42.7.4.jar!/:42.7.4]
	at org.postgresql.jdbc.PgConnection.<init>(PgConnection.java:273) ~[postgresql-42.7.4.jar!/:42.7.4]
	at org.postgresql.Driver.makeConnection(Driver.java:446) ~[postgresql-42.7.4.jar!/:42.7.4]
	at org.postgresql.Driver.connect(Driver.java:298) ~[postgresql-42.7.4.jar!/:42.7.4]
	at com.zaxxer.hikari.util.DriverDataSource.getConnection(DriverDataSource.java:137) ~[HikariCP-5.1.0.jar!/:na]
	at com.zaxxer.hikari.pool.PoolBase.newConnection(PoolBase.java:360) ~[HikariCP-5.1.0.jar!/:na]
	at com.zaxxer.hikari.pool.PoolBase.newPoolEntry(PoolBase.java:202) ~[HikariCP-5.1.0.jar!/:na]
	at com.zaxxer.hikari.pool.HikariPool.createPoolEntry(HikariPool.java:461) ~[HikariCP-5.1.0.jar!/:na]
	at com.zaxxer.hikari.pool.HikariPool$PoolEntryCreator.call(HikariPool.java:724) ~[HikariCP-5.1.0.jar!/:na]
	at com.zaxxer.hikari.pool.HikariPool$PoolEntryCreator.call(HikariPool.java:703) ~[HikariCP-5.1.0.jar!/:na]
	at java.base/java.util.concurrent.FutureTask.run(FutureTask.java:264) ~[na:na]
	at java.base/java.util.concurrent.ThreadPoolExecutor.runWorker(ThreadPoolExecutor.java:1136) ~[na:na]
	at java.base/java.util.concurrent.ThreadPoolExecutor$Worker.run(ThreadPoolExecutor.java:635) ~[na:na]
	at java.base/java.lang.Thread.run(Thread.java:842) ~[na:na]

2026-09-13T11:00:59.594-04:00  INFO 29984 --- [CatalogService] [xecutorLoop-1-4] i.l.core.protocol.ConnectionWatchdog     : Reconnecting, last destination was localhost/<unresolved>:6379
2026-09-13T11:00:59.593-04:00  INFO 29984 --- [CatalogService] [xecutorLoop-1-3] i.l.core.protocol.ConnectionWatchdog     : Reconnecting, last destination was localhost/<unresolved>:6379
2026-09-13T11:00:59.602-04:00  WARN 29984 --- [CatalogService] [ioEventLoop-4-4] i.l.core.protocol.ConnectionWatchdog     : Cannot reconnect to [localhost/<unresolved>:6379]: Connection refused: no further information: localhost/127.0.0.1:6379
2026-09-13T11:00:59.603-04:00  WARN 29984 --- [CatalogService] [xecutorLoop-1-4] i.l.core.protocol.ConnectionWatchdog     : Cannot reconnect to [localhost/<unresolved>:6379]: Connection refused: no further information: localhost/127.0.0.1:6379
2026-09-13T11:01:09.487-04:00  INFO 29984 --- [CatalogService] [nio-8080-exec-8] c.m.c.service.impl.ProductServiceImpl    : Getting all products from database
2026-09-13T11:01:10.755-04:00  WARN 29984 --- [CatalogService] [nio-8080-exec-7] o.h.engine.jdbc.spi.SqlExceptionHelper   : SQL Error: 0, SQLState: 08001
2026-09-13T11:01:10.757-04:00 ERROR 29984 --- [CatalogService] [nio-8080-exec-7] o.h.engine.jdbc.spi.SqlExceptionHelper   : HikariPool-1 - Connection is not available, request timed out after 30008ms (total=0, active=0, idle=0, waiting=1)
2026-09-13T11:01:10.757-04:00 ERROR 29984 --- [CatalogService] [nio-8080-exec-7] o.h.engine.jdbc.spi.SqlExceptionHelper   : Connection to localhost:5432 refused. Check that the hostname and port are correct and that the postmaster is accepting TCP/IP connections.
2026-09-13T11:01:10.758-04:00 ERROR 29984 --- [CatalogService] [nio-8080-exec-7] o.a.c.c.C.[.[.[/].[dispatcherServlet]    : Servlet.service() for servlet [dispatcherServlet] in context with path [] threw exception [Request processing failed: org.springframework.transaction.CannotCreateTransactionException: Could not open JPA EntityManager for transaction] with root cause

java.net.ConnectException: Connection refused: no further information
	at java.base/sun.nio.ch.Net.pollConnect(Native Method) ~[na:na]
	at java.base/sun.nio.ch.Net.pollConnectNow(Net.java:684) ~[na:na]
	at java.base/sun.nio.ch.NioSocketImpl.timedFinishConnect(NioSocketImpl.java:547) ~[na:na]
	at java.base/sun.nio.ch.NioSocketImpl.connect(NioSocketImpl.java:602) ~[na:na]
	at java.base/java.net.SocksSocketImpl.connect(SocksSocketImpl.java:327) ~[na:na]
	at java.base/java.net.Socket.connect(Socket.java:633) ~[na:na]
	at org.postgresql.core.PGStream.createSocket(PGStream.java:260) ~[postgresql-42.7.4.jar!/:42.7.4]
	at org.postgresql.core.PGStream.<init>(PGStream.java:121) ~[postgresql-42.7.4.jar!/:42.7.4]
	at org.postgresql.core.v3.ConnectionFactoryImpl.tryConnect(ConnectionFactoryImpl.java:140) ~[postgresql-42.7.4.jar!/:42.7.4]
	at org.postgresql.core.v3.ConnectionFactoryImpl.openConnectionImpl(ConnectionFactoryImpl.java:268) ~[postgresql-42.7.4.jar!/:42.7.4]
	at org.postgresql.core.ConnectionFactory.openConnection(ConnectionFactory.java:54) ~[postgresql-42.7.4.jar!/:42.7.4]
	at org.postgresql.jdbc.PgConnection.<init>(PgConnection.java:273) ~[postgresql-42.7.4.jar!/:42.7.4]
	at org.postgresql.Driver.makeConnection(Driver.java:446) ~[postgresql-42.7.4.jar!/:42.7.4]
	at org.postgresql.Driver.connect(Driver.java:298) ~[postgresql-42.7.4.jar!/:42.7.4]
	at com.zaxxer.hikari.util.DriverDataSource.getConnection(DriverDataSource.java:137) ~[HikariCP-5.1.0.jar!/:na]
	at com.zaxxer.hikari.pool.PoolBase.newConnection(PoolBase.java:360) ~[HikariCP-5.1.0.jar!/:na]
	at com.zaxxer.hikari.pool.PoolBase.newPoolEntry(PoolBase.java:202) ~[HikariCP-5.1.0.jar!/:na]
	at com.zaxxer.hikari.pool.HikariPool.createPoolEntry(HikariPool.java:461) ~[HikariCP-5.1.0.jar!/:na]
	at com.zaxxer.hikari.pool.HikariPool$PoolEntryCreator.call(HikariPool.java:724) ~[HikariCP-5.1.0.jar!/:na]
	at com.zaxxer.hikari.pool.HikariPool$PoolEntryCreator.call(HikariPool.java:703) ~[HikariCP-5.1.0.jar!/:na]
	at java.base/java.util.concurrent.FutureTask.run(FutureTask.java:264) ~[na:na]
	at java.base/java.util.concurrent.ThreadPoolExecutor.runWorker(ThreadPoolExecutor.java:1136) ~[na:na]
	at java.base/java.util.concurrent.ThreadPoolExecutor$Worker.run(ThreadPoolExecutor.java:635) ~[na:na]
	at java.base/java.lang.Thread.run(Thread.java:842) ~[na:na]

2026-09-13T11:01:29.691-04:00  INFO 29984 --- [CatalogService] [xecutorLoop-1-3] i.l.core.protocol.ConnectionWatchdog     : Reconnecting, last destination was localhost/<unresolved>:6379
2026-09-13T11:01:29.691-04:00  INFO 29984 --- [CatalogService] [xecutorLoop-1-4] i.l.core.protocol.ConnectionWatchdog     : Reconnecting, last destination was localhost/<unresolved>:6379
2026-09-13T11:01:29.693-04:00  WARN 29984 --- [CatalogService] [ioEventLoop-4-1] i.l.core.protocol.ConnectionWatchdog     : Cannot reconnect to [localhost/<unresolved>:6379]: Connection refused: no further information: localhost/127.0.0.1:6379
2026-09-13T11:01:29.693-04:00  WARN 29984 --- [CatalogService] [ioEventLoop-4-2] i.l.core.protocol.ConnectionWatchdog     : Cannot reconnect to [localhost/<unresolved>:6379]: Connection refused: no further information: localhost/127.0.0.1:6379
2026-09-13T11:01:30.727-04:00  INFO 29984 --- [CatalogService] [nio-8080-exec-1] c.m.c.service.impl.ProductServiceImpl    : Getting all products from database
2026-09-13T11:01:39.490-04:00  WARN 29984 --- [CatalogService] [nio-8080-exec-8] o.h.engine.jdbc.spi.SqlExceptionHelper   : SQL Error: 0, SQLState: 08001
2026-09-13T11:01:39.491-04:00 ERROR 29984 --- [CatalogService] [nio-8080-exec-8] o.h.engine.jdbc.spi.SqlExceptionHelper   : HikariPool-1 - Connection is not available, request timed out after 30002ms (total=0, active=0, idle=0, waiting=1)
2026-09-13T11:01:39.491-04:00 ERROR 29984 --- [CatalogService] [nio-8080-exec-8] o.h.engine.jdbc.spi.SqlExceptionHelper   : Connection to localhost:5432 refused. Check that the hostname and port are correct and that the postmaster is accepting TCP/IP connections.
2026-09-13T11:01:39.492-04:00 ERROR 29984 --- [CatalogService] [nio-8080-exec-8] o.a.c.c.C.[.[.[/].[dispatcherServlet]    : Servlet.service() for servlet [dispatcherServlet] in context with path [] threw exception [Request processing failed: org.springframework.transaction.CannotCreateTransactionException: Could not open JPA EntityManager for transaction] with root cause

java.net.ConnectException: Connection refused: no further information
	at java.base/sun.nio.ch.Net.pollConnect(Native Method) ~[na:na]
	at java.base/sun.nio.ch.Net.pollConnectNow(Net.java:684) ~[na:na]
	at java.base/sun.nio.ch.NioSocketImpl.timedFinishConnect(NioSocketImpl.java:547) ~[na:na]
	at java.base/sun.nio.ch.NioSocketImpl.connect(NioSocketImpl.java:602) ~[na:na]
	at java.base/java.net.SocksSocketImpl.connect(SocksSocketImpl.java:327) ~[na:na]
	at java.base/java.net.Socket.connect(Socket.java:633) ~[na:na]
	at org.postgresql.core.PGStream.createSocket(PGStream.java:260) ~[postgresql-42.7.4.jar!/:42.7.4]
	at org.postgresql.core.PGStream.<init>(PGStream.java:121) ~[postgresql-42.7.4.jar!/:42.7.4]
	at org.postgresql.core.v3.ConnectionFactoryImpl.tryConnect(ConnectionFactoryImpl.java:140) ~[postgresql-42.7.4.jar!/:42.7.4]
	at org.postgresql.core.v3.ConnectionFactoryImpl.openConnectionImpl(ConnectionFactoryImpl.java:268) ~[postgresql-42.7.4.jar!/:42.7.4]
	at org.postgresql.core.ConnectionFactory.openConnection(ConnectionFactory.java:54) ~[postgresql-42.7.4.jar!/:42.7.4]
	at org.postgresql.jdbc.PgConnection.<init>(PgConnection.java:273) ~[postgresql-42.7.4.jar!/:42.7.4]
	at org.postgresql.Driver.makeConnection(Driver.java:446) ~[postgresql-42.7.4.jar!/:42.7.4]
	at org.postgresql.Driver.connect(Driver.java:298) ~[postgresql-42.7.4.jar!/:42.7.4]
	at com.zaxxer.hikari.util.DriverDataSource.getConnection(DriverDataSource.java:137) ~[HikariCP-5.1.0.jar!/:na]
	at com.zaxxer.hikari.pool.PoolBase.newConnection(PoolBase.java:360) ~[HikariCP-5.1.0.jar!/:na]
	at com.zaxxer.hikari.pool.PoolBase.newPoolEntry(PoolBase.java:202) ~[HikariCP-5.1.0.jar!/:na]
	at com.zaxxer.hikari.pool.HikariPool.createPoolEntry(HikariPool.java:461) ~[HikariCP-5.1.0.jar!/:na]
	at com.zaxxer.hikari.pool.HikariPool$PoolEntryCreator.call(HikariPool.java:724) ~[HikariCP-5.1.0.jar!/:na]
	at com.zaxxer.hikari.pool.HikariPool$PoolEntryCreator.call(HikariPool.java:703) ~[HikariCP-5.1.0.jar!/:na]
	at java.base/java.util.concurrent.FutureTask.run(FutureTask.java:264) ~[na:na]
	at java.base/java.util.concurrent.ThreadPoolExecutor.runWorker(ThreadPoolExecutor.java:1136) ~[na:na]
	at java.base/java.util.concurrent.ThreadPoolExecutor$Worker.run(ThreadPoolExecutor.java:635) ~[na:na]
	at java.base/java.lang.Thread.run(Thread.java:842) ~[na:na]

2026-09-13T11:01:45.366-04:00  INFO 29984 --- [CatalogService] [nio-8080-exec-4] c.m.c.service.impl.ProductServiceImpl    : Getting all products from database
2026-09-13T11:01:59.801-04:00  INFO 29984 --- [CatalogService] [xecutorLoop-1-3] i.l.core.protocol.ConnectionWatchdog     : Reconnecting, last destination was localhost/<unresolved>:6379
2026-09-13T11:01:59.803-04:00  INFO 29984 --- [CatalogService] [xecutorLoop-1-4] i.l.core.protocol.ConnectionWatchdog     : Reconnecting, last destination was localhost/<unresolved>:6379
2026-09-13T11:01:59.807-04:00  WARN 29984 --- [CatalogService] [ioEventLoop-4-3] i.l.core.protocol.ConnectionWatchdog     : Cannot reconnect to [localhost/<unresolved>:6379]: Connection refused: no further information: localhost/127.0.0.1:6379
2026-09-13T11:01:59.807-04:00  WARN 29984 --- [CatalogService] [ioEventLoop-4-4] i.l.core.protocol.ConnectionWatchdog     : Cannot reconnect to [localhost/<unresolved>:6379]: Connection refused: no further information: localhost/127.0.0.1:6379
2026-09-13T11:02:00.735-04:00  WARN 29984 --- [CatalogService] [nio-8080-exec-1] o.h.engine.jdbc.spi.SqlExceptionHelper   : SQL Error: 0, SQLState: 08001
2026-09-13T11:02:00.735-04:00 ERROR 29984 --- [CatalogService] [nio-8080-exec-1] o.h.engine.jdbc.spi.SqlExceptionHelper   : HikariPool-1 - Connection is not available, request timed out after 30006ms (total=0, active=0, idle=0, waiting=1)
2026-09-13T11:02:00.735-04:00 ERROR 29984 --- [CatalogService] [nio-8080-exec-1] o.h.engine.jdbc.spi.SqlExceptionHelper   : Connection to localhost:5432 refused. Check that the hostname and port are correct and that the postmaster is accepting TCP/IP connections.
2026-09-13T11:02:00.737-04:00 ERROR 29984 --- [CatalogService] [nio-8080-exec-1] o.a.c.c.C.[.[.[/].[dispatcherServlet]    : Servlet.service() for servlet [dispatcherServlet] in context with path [] threw exception [Request processing failed: org.springframework.transaction.CannotCreateTransactionException: Could not open JPA EntityManager for transaction] with root cause

java.net.ConnectException: Connection refused: no further information
	at java.base/sun.nio.ch.Net.pollConnect(Native Method) ~[na:na]
	at java.base/sun.nio.ch.Net.pollConnectNow(Net.java:684) ~[na:na]
	at java.base/sun.nio.ch.NioSocketImpl.timedFinishConnect(NioSocketImpl.java:547) ~[na:na]
	at java.base/sun.nio.ch.NioSocketImpl.connect(NioSocketImpl.java:602) ~[na:na]
	at java.base/java.net.SocksSocketImpl.connect(SocksSocketImpl.java:327) ~[na:na]
	at java.base/java.net.Socket.connect(Socket.java:633) ~[na:na]
	at org.postgresql.core.PGStream.createSocket(PGStream.java:260) ~[postgresql-42.7.4.jar!/:42.7.4]
	at org.postgresql.core.PGStream.<init>(PGStream.java:121) ~[postgresql-42.7.4.jar!/:42.7.4]
	at org.postgresql.core.v3.ConnectionFactoryImpl.tryConnect(ConnectionFactoryImpl.java:140) ~[postgresql-42.7.4.jar!/:42.7.4]
	at org.postgresql.core.v3.ConnectionFactoryImpl.openConnectionImpl(ConnectionFactoryImpl.java:268) ~[postgresql-42.7.4.jar!/:42.7.4]
	at org.postgresql.core.ConnectionFactory.openConnection(ConnectionFactory.java:54) ~[postgresql-42.7.4.jar!/:42.7.4]
	at org.postgresql.jdbc.PgConnection.<init>(PgConnection.java:273) ~[postgresql-42.7.4.jar!/:42.7.4]
	at org.postgresql.Driver.makeConnection(Driver.java:446) ~[postgresql-42.7.4.jar!/:42.7.4]
	at org.postgresql.Driver.connect(Driver.java:298) ~[postgresql-42.7.4.jar!/:42.7.4]
	at com.zaxxer.hikari.util.DriverDataSource.getConnection(DriverDataSource.java:137) ~[HikariCP-5.1.0.jar!/:na]
	at com.zaxxer.hikari.pool.PoolBase.newConnection(PoolBase.java:360) ~[HikariCP-5.1.0.jar!/:na]
	at com.zaxxer.hikari.pool.PoolBase.newPoolEntry(PoolBase.java:202) ~[HikariCP-5.1.0.jar!/:na]
	at com.zaxxer.hikari.pool.HikariPool.createPoolEntry(HikariPool.java:461) ~[HikariCP-5.1.0.jar!/:na]
	at com.zaxxer.hikari.pool.HikariPool$PoolEntryCreator.call(HikariPool.java:724) ~[HikariCP-5.1.0.jar!/:na]
	at com.zaxxer.hikari.pool.HikariPool$PoolEntryCreator.call(HikariPool.java:703) ~[HikariCP-5.1.0.jar!/:na]
	at java.base/java.util.concurrent.FutureTask.run(FutureTask.java:264) ~[na:na]
	at java.base/java.util.concurrent.ThreadPoolExecutor.runWorker(ThreadPoolExecutor.java:1136) ~[na:na]
	at java.base/java.util.concurrent.ThreadPoolExecutor$Worker.run(ThreadPoolExecutor.java:635) ~[na:na]
	at java.base/java.lang.Thread.run(Thread.java:842) ~[na:na]

2026-09-13T11:02:15.382-04:00  WARN 29984 --- [CatalogService] [nio-8080-exec-4] o.h.engine.jdbc.spi.SqlExceptionHelper   : SQL Error: 0, SQLState: 08001
2026-09-13T11:02:15.383-04:00 ERROR 29984 --- [CatalogService] [nio-8080-exec-4] o.h.engine.jdbc.spi.SqlExceptionHelper   : HikariPool-1 - Connection is not available, request timed out after 30015ms (total=0, active=0, idle=0, waiting=0)
2026-09-13T11:02:15.384-04:00 ERROR 29984 --- [CatalogService] [nio-8080-exec-4] o.h.engine.jdbc.spi.SqlExceptionHelper   : Connection to localhost:5432 refused. Check that the hostname and port are correct and that the postmaster is accepting TCP/IP connections.
2026-09-13T11:02:15.387-04:00 ERROR 29984 --- [CatalogService] [nio-8080-exec-4] o.a.c.c.C.[.[.[/].[dispatcherServlet]    : Servlet.service() for servlet [dispatcherServlet] in context with path [] threw exception [Request processing failed: org.springframework.transaction.CannotCreateTransactionException: Could not open JPA EntityManager for transaction] with root cause

java.net.ConnectException: Connection refused: no further information
	at java.base/sun.nio.ch.Net.pollConnect(Native Method) ~[na:na]
	at java.base/sun.nio.ch.Net.pollConnectNow(Net.java:684) ~[na:na]
	at java.base/sun.nio.ch.NioSocketImpl.timedFinishConnect(NioSocketImpl.java:547) ~[na:na]
	at java.base/sun.nio.ch.NioSocketImpl.connect(NioSocketImpl.java:602) ~[na:na]
	at java.base/java.net.SocksSocketImpl.connect(SocksSocketImpl.java:327) ~[na:na]
	at java.base/java.net.Socket.connect(Socket.java:633) ~[na:na]
	at org.postgresql.core.PGStream.createSocket(PGStream.java:260) ~[postgresql-42.7.4.jar!/:42.7.4]
	at org.postgresql.core.PGStream.<init>(PGStream.java:121) ~[postgresql-42.7.4.jar!/:42.7.4]
	at org.postgresql.core.v3.ConnectionFactoryImpl.tryConnect(ConnectionFactoryImpl.java:140) ~[postgresql-42.7.4.jar!/:42.7.4]
	at org.postgresql.core.v3.ConnectionFactoryImpl.openConnectionImpl(ConnectionFactoryImpl.java:268) ~[postgresql-42.7.4.jar!/:42.7.4]
	at org.postgresql.core.ConnectionFactory.openConnection(ConnectionFactory.java:54) ~[postgresql-42.7.4.jar!/:42.7.4]
	at org.postgresql.jdbc.PgConnection.<init>(PgConnection.java:273) ~[postgresql-42.7.4.jar!/:42.7.4]
	at org.postgresql.Driver.makeConnection(Driver.java:446) ~[postgresql-42.7.4.jar!/:42.7.4]
	at org.postgresql.Driver.connect(Driver.java:298) ~[postgresql-42.7.4.jar!/:42.7.4]
	at com.zaxxer.hikari.util.DriverDataSource.getConnection(DriverDataSource.java:137) ~[HikariCP-5.1.0.jar!/:na]
	at com.zaxxer.hikari.pool.PoolBase.newConnection(PoolBase.java:360) ~[HikariCP-5.1.0.jar!/:na]
	at com.zaxxer.hikari.pool.PoolBase.newPoolEntry(PoolBase.java:202) ~[HikariCP-5.1.0.jar!/:na]
	at com.zaxxer.hikari.pool.HikariPool.createPoolEntry(HikariPool.java:461) ~[HikariCP-5.1.0.jar!/:na]
	at com.zaxxer.hikari.pool.HikariPool$PoolEntryCreator.call(HikariPool.java:724) ~[HikariCP-5.1.0.jar!/:na]
	at com.zaxxer.hikari.pool.HikariPool$PoolEntryCreator.call(HikariPool.java:703) ~[HikariCP-5.1.0.jar!/:na]
	at java.base/java.util.concurrent.FutureTask.run(FutureTask.java:264) ~[na:na]
	at java.base/java.util.concurrent.ThreadPoolExecutor.runWorker(ThreadPoolExecutor.java:1136) ~[na:na]
	at java.base/java.util.concurrent.ThreadPoolExecutor$Worker.run(ThreadPoolExecutor.java:635) ~[na:na]
	at java.base/java.lang.Thread.run(Thread.java:842) ~[na:na]

2026-09-13T11:02:29.918-04:00  INFO 29984 --- [CatalogService] [xecutorLoop-1-3] i.l.core.protocol.ConnectionWatchdog     : Reconnecting, last destination was localhost/<unresolved>:6379
2026-09-13T11:02:29.918-04:00  INFO 29984 --- [CatalogService] [xecutorLoop-1-4] i.l.core.protocol.ConnectionWatchdog     : Reconnecting, last destination was localhost/<unresolved>:6379
2026-09-13T11:02:29.920-04:00  WARN 29984 --- [CatalogService] [ioEventLoop-4-1] i.l.core.protocol.ConnectionWatchdog     : Cannot reconnect to [localhost/<unresolved>:6379]: Connection refused: no further information: localhost/127.0.0.1:6379
2026-09-13T11:02:29.920-04:00  WARN 29984 --- [CatalogService] [ioEventLoop-4-2] i.l.core.protocol.ConnectionWatchdog     : Cannot reconnect to [localhost/<unresolved>:6379]: Connection refused: no further information: localhost/127.0.0.1:6379
2026-09-13T11:02:35.344-04:00  INFO 29984 --- [CatalogService] [nio-8080-exec-5] c.m.c.service.impl.ProductServiceImpl    : Getting all products from database
2026-09-13T11:02:40.140-04:00  INFO 29984 --- [CatalogService] [rap-executor-%d] c.n.d.s.r.aws.ConfigClusterResolver      : Resolving eureka endpoints via configuration
2026-09-13T11:02:49.924-04:00  INFO 29984 --- [CatalogService] [nio-8080-exec-7] c.m.c.service.impl.ProductServiceImpl    : Getting all products from database
2026-09-13T11:02:59.990-04:00  INFO 29984 --- [CatalogService] [xecutorLoop-1-3] i.l.core.protocol.ConnectionWatchdog     : Reconnecting, last destination was localhost/<unresolved>:6379
2026-09-13T11:02:59.990-04:00  INFO 29984 --- [CatalogService] [xecutorLoop-1-4] i.l.core.protocol.ConnectionWatchdog     : Reconnecting, last destination was localhost/<unresolved>:6379
2026-09-13T11:02:59.992-04:00  WARN 29984 --- [CatalogService] [ioEventLoop-4-4] i.l.core.protocol.ConnectionWatchdog     : Cannot reconnect to [localhost/<unresolved>:6379]: Connection refused: no further information: localhost/127.0.0.1:6379
2026-09-13T11:02:59.992-04:00  WARN 29984 --- [CatalogService] [ioEventLoop-4-3] i.l.core.protocol.ConnectionWatchdog     : Cannot reconnect to [localhost/<unresolved>:6379]: Connection refused: no further information: localhost/127.0.0.1:6379
2026-09-13T11:03:05.351-04:00  WARN 29984 --- [CatalogService] [nio-8080-exec-5] o.h.engine.jdbc.spi.SqlExceptionHelper   : SQL Error: 0, SQLState: 08001
2026-09-13T11:03:05.352-04:00 ERROR 29984 --- [CatalogService] [nio-8080-exec-5] o.h.engine.jdbc.spi.SqlExceptionHelper   : HikariPool-1 - Connection is not available, request timed out after 30006ms (total=0, active=0, idle=0, waiting=1)
2026-09-13T11:03:05.352-04:00 ERROR 29984 --- [CatalogService] [nio-8080-exec-5] o.h.engine.jdbc.spi.SqlExceptionHelper   : Connection to localhost:5432 refused. Check that the hostname and port are correct and that the postmaster is accepting TCP/IP connections.
2026-09-13T11:03:05.355-04:00 ERROR 29984 --- [CatalogService] [nio-8080-exec-5] o.a.c.c.C.[.[.[/].[dispatcherServlet]    : Servlet.service() for servlet [dispatcherServlet] in context with path [] threw exception [Request processing failed: org.springframework.transaction.CannotCreateTransactionException: Could not open JPA EntityManager for transaction] with root cause

java.net.ConnectException: Connection refused: no further information
	at java.base/sun.nio.ch.Net.pollConnect(Native Method) ~[na:na]
	at java.base/sun.nio.ch.Net.pollConnectNow(Net.java:684) ~[na:na]
	at java.base/sun.nio.ch.NioSocketImpl.timedFinishConnect(NioSocketImpl.java:547) ~[na:na]
	at java.base/sun.nio.ch.NioSocketImpl.connect(NioSocketImpl.java:602) ~[na:na]
	at java.base/java.net.SocksSocketImpl.connect(SocksSocketImpl.java:327) ~[na:na]
	at java.base/java.net.Socket.connect(Socket.java:633) ~[na:na]
	at org.postgresql.core.PGStream.createSocket(PGStream.java:260) ~[postgresql-42.7.4.jar!/:42.7.4]
	at org.postgresql.core.PGStream.<init>(PGStream.java:121) ~[postgresql-42.7.4.jar!/:42.7.4]
	at org.postgresql.core.v3.ConnectionFactoryImpl.tryConnect(ConnectionFactoryImpl.java:140) ~[postgresql-42.7.4.jar!/:42.7.4]
	at org.postgresql.core.v3.ConnectionFactoryImpl.openConnectionImpl(ConnectionFactoryImpl.java:268) ~[postgresql-42.7.4.jar!/:42.7.4]
	at org.postgresql.core.ConnectionFactory.openConnection(ConnectionFactory.java:54) ~[postgresql-42.7.4.jar!/:42.7.4]
	at org.postgresql.jdbc.PgConnection.<init>(PgConnection.java:273) ~[postgresql-42.7.4.jar!/:42.7.4]
	at org.postgresql.Driver.makeConnection(Driver.java:446) ~[postgresql-42.7.4.jar!/:42.7.4]
	at org.postgresql.Driver.connect(Driver.java:298) ~[postgresql-42.7.4.jar!/:42.7.4]
	at com.zaxxer.hikari.util.DriverDataSource.getConnection(DriverDataSource.java:137) ~[HikariCP-5.1.0.jar!/:na]
	at com.zaxxer.hikari.pool.PoolBase.newConnection(PoolBase.java:360) ~[HikariCP-5.1.0.jar!/:na]
	at com.zaxxer.hikari.pool.PoolBase.newPoolEntry(PoolBase.java:202) ~[HikariCP-5.1.0.jar!/:na]
	at com.zaxxer.hikari.pool.HikariPool.createPoolEntry(HikariPool.java:461) ~[HikariCP-5.1.0.jar!/:na]
	at com.zaxxer.hikari.pool.HikariPool$PoolEntryCreator.call(HikariPool.java:724) ~[HikariCP-5.1.0.jar!/:na]
	at com.zaxxer.hikari.pool.HikariPool$PoolEntryCreator.call(HikariPool.java:703) ~[HikariCP-5.1.0.jar!/:na]
	at java.base/java.util.concurrent.FutureTask.run(FutureTask.java:264) ~[na:na]
	at java.base/java.util.concurrent.ThreadPoolExecutor.runWorker(ThreadPoolExecutor.java:1136) ~[na:na]
	at java.base/java.util.concurrent.ThreadPoolExecutor$Worker.run(ThreadPoolExecutor.java:635) ~[na:na]
	at java.base/java.lang.Thread.run(Thread.java:842) ~[na:na]

2026-09-13T11:03:19.932-04:00  WARN 29984 --- [CatalogService] [nio-8080-exec-7] o.h.engine.jdbc.spi.SqlExceptionHelper   : SQL Error: 0, SQLState: 08001
2026-09-13T11:03:19.935-04:00 ERROR 29984 --- [CatalogService] [nio-8080-exec-7] o.h.engine.jdbc.spi.SqlExceptionHelper   : HikariPool-1 - Connection is not available, request timed out after 30004ms (total=0, active=0, idle=0, waiting=0)
2026-09-13T11:03:19.935-04:00 ERROR 29984 --- [CatalogService] [nio-8080-exec-7] o.h.engine.jdbc.spi.SqlExceptionHelper   : Connection to localhost:5432 refused. Check that the hostname and port are correct and that the postmaster is accepting TCP/IP connections.
2026-09-13T11:03:19.938-04:00 ERROR 29984 --- [CatalogService] [nio-8080-exec-7] o.a.c.c.C.[.[.[/].[dispatcherServlet]    : Servlet.service() for servlet [dispatcherServlet] in context with path [] threw exception [Request processing failed: org.springframework.transaction.CannotCreateTransactionException: Could not open JPA EntityManager for transaction] with root cause

java.net.ConnectException: Connection refused: no further information
	at java.base/sun.nio.ch.Net.pollConnect(Native Method) ~[na:na]
	at java.base/sun.nio.ch.Net.pollConnectNow(Net.java:684) ~[na:na]
	at java.base/sun.nio.ch.NioSocketImpl.timedFinishConnect(NioSocketImpl.java:547) ~[na:na]
	at java.base/sun.nio.ch.NioSocketImpl.connect(NioSocketImpl.java:602) ~[na:na]
	at java.base/java.net.SocksSocketImpl.connect(SocksSocketImpl.java:327) ~[na:na]
	at java.base/java.net.Socket.connect(Socket.java:633) ~[na:na]
	at org.postgresql.core.PGStream.createSocket(PGStream.java:260) ~[postgresql-42.7.4.jar!/:42.7.4]
	at org.postgresql.core.PGStream.<init>(PGStream.java:121) ~[postgresql-42.7.4.jar!/:42.7.4]
	at org.postgresql.core.v3.ConnectionFactoryImpl.tryConnect(ConnectionFactoryImpl.java:140) ~[postgresql-42.7.4.jar!/:42.7.4]
	at org.postgresql.core.v3.ConnectionFactoryImpl.openConnectionImpl(ConnectionFactoryImpl.java:268) ~[postgresql-42.7.4.jar!/:42.7.4]
	at org.postgresql.core.ConnectionFactory.openConnection(ConnectionFactory.java:54) ~[postgresql-42.7.4.jar!/:42.7.4]
	at org.postgresql.jdbc.PgConnection.<init>(PgConnection.java:273) ~[postgresql-42.7.4.jar!/:42.7.4]
	at org.postgresql.Driver.makeConnection(Driver.java:446) ~[postgresql-42.7.4.jar!/:42.7.4]
	at org.postgresql.Driver.connect(Driver.java:298) ~[postgresql-42.7.4.jar!/:42.7.4]
	at com.zaxxer.hikari.util.DriverDataSource.getConnection(DriverDataSource.java:137) ~[HikariCP-5.1.0.jar!/:na]
	at com.zaxxer.hikari.pool.PoolBase.newConnection(PoolBase.java:360) ~[HikariCP-5.1.0.jar!/:na]
	at com.zaxxer.hikari.pool.PoolBase.newPoolEntry(PoolBase.java:202) ~[HikariCP-5.1.0.jar!/:na]
	at com.zaxxer.hikari.pool.HikariPool.createPoolEntry(HikariPool.java:461) ~[HikariCP-5.1.0.jar!/:na]
	at com.zaxxer.hikari.pool.HikariPool$PoolEntryCreator.call(HikariPool.java:724) ~[HikariCP-5.1.0.jar!/:na]
	at com.zaxxer.hikari.pool.HikariPool$PoolEntryCreator.call(HikariPool.java:703) ~[HikariCP-5.1.0.jar!/:na]
	at java.base/java.util.concurrent.FutureTask.run(FutureTask.java:264) ~[na:na]
	at java.base/java.util.concurrent.ThreadPoolExecutor.runWorker(ThreadPoolExecutor.java:1136) ~[na:na]
	at java.base/java.util.concurrent.ThreadPoolExecutor$Worker.run(ThreadPoolExecutor.java:635) ~[na:na]
	at java.base/java.lang.Thread.run(Thread.java:842) ~[na:na]

2026-09-13T11:03:30.091-04:00  INFO 29984 --- [CatalogService] [xecutorLoop-1-4] i.l.core.protocol.ConnectionWatchdog     : Reconnecting, last destination was localhost/<unresolved>:6379
2026-09-13T11:03:30.091-04:00  INFO 29984 --- [CatalogService] [xecutorLoop-1-3] i.l.core.protocol.ConnectionWatchdog     : Reconnecting, last destination was localhost/<unresolved>:6379
2026-09-13T11:03:30.095-04:00  WARN 29984 --- [CatalogService] [ioEventLoop-4-1] i.l.core.protocol.ConnectionWatchdog     : Cannot reconnect to [localhost/<unresolved>:6379]: Connection refused: no further information: localhost/127.0.0.1:6379
2026-09-13T11:03:30.095-04:00  WARN 29984 --- [CatalogService] [ioEventLoop-4-2] i.l.core.protocol.ConnectionWatchdog     : Cannot reconnect to [localhost/<unresolved>:6379]: Connection refused: no further information: localhost/127.0.0.1:6379
2026-09-13T11:03:54.496-04:00  INFO 29984 --- [CatalogService] [nio-8080-exec-8] c.m.c.service.impl.ProductServiceImpl    : Getting all products from database
2026-09-13T11:04:00.193-04:00  INFO 29984 --- [CatalogService] [xecutorLoop-1-4] i.l.core.protocol.ConnectionWatchdog     : Reconnecting, last destination was localhost/<unresolved>:6379
2026-09-13T11:04:00.193-04:00  INFO 29984 --- [CatalogService] [xecutorLoop-1-3] i.l.core.protocol.ConnectionWatchdog     : Reconnecting, last destination was localhost/<unresolved>:6379
2026-09-13T11:04:00.198-04:00  WARN 29984 --- [CatalogService] [ioEventLoop-4-3] i.l.core.protocol.ConnectionWatchdog     : Cannot reconnect to [localhost/<unresolved>:6379]: Connection refused: no further information: localhost/127.0.0.1:6379
2026-09-13T11:04:00.198-04:00  WARN 29984 --- [CatalogService] [ioEventLoop-4-4] i.l.core.protocol.ConnectionWatchdog     : Cannot reconnect to [localhost/<unresolved>:6379]: Connection refused: no further information: localhost/127.0.0.1:6379
2026-09-13T11:04:24.505-04:00  WARN 29984 --- [CatalogService] [nio-8080-exec-8] o.h.engine.jdbc.spi.SqlExceptionHelper   : SQL Error: 0, SQLState: 08001
2026-09-13T11:04:24.507-04:00 ERROR 29984 --- [CatalogService] [nio-8080-exec-8] o.h.engine.jdbc.spi.SqlExceptionHelper   : HikariPool-1 - Connection is not available, request timed out after 30008ms (total=0, active=0, idle=0, waiting=0)
2026-09-13T11:04:24.507-04:00 ERROR 29984 --- [CatalogService] [nio-8080-exec-8] o.h.engine.jdbc.spi.SqlExceptionHelper   : Connection to localhost:5432 refused. Check that the hostname and port are correct and that the postmaster is accepting TCP/IP connections.
2026-09-13T11:04:24.509-04:00 ERROR 29984 --- [CatalogService] [nio-8080-exec-8] o.a.c.c.C.[.[.[/].[dispatcherServlet]    : Servlet.service() for servlet [dispatcherServlet] in context with path [] threw exception [Request processing failed: org.springframework.transaction.CannotCreateTransactionException: Could not open JPA EntityManager for transaction] with root cause

java.net.ConnectException: Connection refused: no further information
	at java.base/sun.nio.ch.Net.pollConnect(Native Method) ~[na:na]
	at java.base/sun.nio.ch.Net.pollConnectNow(Net.java:684) ~[na:na]
	at java.base/sun.nio.ch.NioSocketImpl.timedFinishConnect(NioSocketImpl.java:547) ~[na:na]
	at java.base/sun.nio.ch.NioSocketImpl.connect(NioSocketImpl.java:602) ~[na:na]
	at java.base/java.net.SocksSocketImpl.connect(SocksSocketImpl.java:327) ~[na:na]
	at java.base/java.net.Socket.connect(Socket.java:633) ~[na:na]
	at org.postgresql.core.PGStream.createSocket(PGStream.java:260) ~[postgresql-42.7.4.jar!/:42.7.4]
	at org.postgresql.core.PGStream.<init>(PGStream.java:121) ~[postgresql-42.7.4.jar!/:42.7.4]
	at org.postgresql.core.v3.ConnectionFactoryImpl.tryConnect(ConnectionFactoryImpl.java:140) ~[postgresql-42.7.4.jar!/:42.7.4]
	at org.postgresql.core.v3.ConnectionFactoryImpl.openConnectionImpl(ConnectionFactoryImpl.java:268) ~[postgresql-42.7.4.jar!/:42.7.4]
	at org.postgresql.core.ConnectionFactory.openConnection(ConnectionFactory.java:54) ~[postgresql-42.7.4.jar!/:42.7.4]
	at org.postgresql.jdbc.PgConnection.<init>(PgConnection.java:273) ~[postgresql-42.7.4.jar!/:42.7.4]
	at org.postgresql.Driver.makeConnection(Driver.java:446) ~[postgresql-42.7.4.jar!/:42.7.4]
	at org.postgresql.Driver.connect(Driver.java:298) ~[postgresql-42.7.4.jar!/:42.7.4]
	at com.zaxxer.hikari.util.DriverDataSource.getConnection(DriverDataSource.java:137) ~[HikariCP-5.1.0.jar!/:na]
	at com.zaxxer.hikari.pool.PoolBase.newConnection(PoolBase.java:360) ~[HikariCP-5.1.0.jar!/:na]
	at com.zaxxer.hikari.pool.PoolBase.newPoolEntry(PoolBase.java:202) ~[HikariCP-5.1.0.jar!/:na]
	at com.zaxxer.hikari.pool.HikariPool.createPoolEntry(HikariPool.java:461) ~[HikariCP-5.1.0.jar!/:na]
	at com.zaxxer.hikari.pool.HikariPool$PoolEntryCreator.call(HikariPool.java:724) ~[HikariCP-5.1.0.jar!/:na]
	at com.zaxxer.hikari.pool.HikariPool$PoolEntryCreator.call(HikariPool.java:703) ~[HikariCP-5.1.0.jar!/:na]
	at java.base/java.util.concurrent.FutureTask.run(FutureTask.java:264) ~[na:na]
	at java.base/java.util.concurrent.ThreadPoolExecutor.runWorker(ThreadPoolExecutor.java:1136) ~[na:na]
	at java.base/java.util.concurrent.ThreadPoolExecutor$Worker.run(ThreadPoolExecutor.java:635) ~[na:na]
	at java.base/java.lang.Thread.run(Thread.java:842) ~[na:na]

2026-09-13T11:04:30.302-04:00  INFO 29984 --- [CatalogService] [xecutorLoop-1-3] i.l.core.protocol.ConnectionWatchdog     : Reconnecting, last destination was localhost/<unresolved>:6379
2026-09-13T11:04:30.303-04:00  INFO 29984 --- [CatalogService] [xecutorLoop-1-4] i.l.core.protocol.ConnectionWatchdog     : Reconnecting, last destination was localhost/<unresolved>:6379
2026-09-13T11:04:30.309-04:00  WARN 29984 --- [CatalogService] [ioEventLoop-4-2] i.l.core.protocol.ConnectionWatchdog     : Cannot reconnect to [localhost/<unresolved>:6379]: Connection refused: no further information: localhost/127.0.0.1:6379
2026-09-13T11:04:30.309-04:00  WARN 29984 --- [CatalogService] [ioEventLoop-4-1] i.l.core.protocol.ConnectionWatchdog     : Cannot reconnect to [localhost/<unresolved>:6379]: Connection refused: no further information: localhost/127.0.0.1:6379
2026-09-13T11:04:45.232-04:00  INFO 29984 --- [CatalogService] [nio-8080-exec-2] c.m.c.service.impl.ProductServiceImpl    : Getting all products from database
2026-09-13T11:04:59.095-04:00  INFO 29984 --- [CatalogService] [nio-8080-exec-6] c.m.c.service.impl.ProductServiceImpl    : Getting all products from database
2026-09-13T11:05:00.392-04:00  INFO 29984 --- [CatalogService] [xecutorLoop-1-4] i.l.core.protocol.ConnectionWatchdog     : Reconnecting, last destination was localhost/<unresolved>:6379
2026-09-13T11:05:00.392-04:00  INFO 29984 --- [CatalogService] [xecutorLoop-1-3] i.l.core.protocol.ConnectionWatchdog     : Reconnecting, last destination was localhost/<unresolved>:6379
2026-09-13T11:05:00.398-04:00  WARN 29984 --- [CatalogService] [ioEventLoop-4-3] i.l.core.protocol.ConnectionWatchdog     : Cannot reconnect to [localhost/<unresolved>:6379]: Connection refused: no further information: localhost/127.0.0.1:6379
2026-09-13T11:05:00.398-04:00  WARN 29984 --- [CatalogService] [ioEventLoop-4-4] i.l.core.protocol.ConnectionWatchdog     : Cannot reconnect to [localhost/<unresolved>:6379]: Connection refused: no further information: localhost/127.0.0.1:6379
2026-09-13T11:05:15.235-04:00  WARN 29984 --- [CatalogService] [nio-8080-exec-2] o.h.engine.jdbc.spi.SqlExceptionHelper   : SQL Error: 0, SQLState: 08001
2026-09-13T11:05:15.238-04:00 ERROR 29984 --- [CatalogService] [nio-8080-exec-2] o.h.engine.jdbc.spi.SqlExceptionHelper   : HikariPool-1 - Connection is not available, request timed out after 30001ms (total=0, active=0, idle=0, waiting=1)
2026-09-13T11:05:15.239-04:00 ERROR 29984 --- [CatalogService] [nio-8080-exec-2] o.h.engine.jdbc.spi.SqlExceptionHelper   : Connection to localhost:5432 refused. Check that the hostname and port are correct and that the postmaster is accepting TCP/IP connections.
2026-09-13T11:05:15.240-04:00 ERROR 29984 --- [CatalogService] [nio-8080-exec-2] o.a.c.c.C.[.[.[/].[dispatcherServlet]    : Servlet.service() for servlet [dispatcherServlet] in context with path [] threw exception [Request processing failed: org.springframework.transaction.CannotCreateTransactionException: Could not open JPA EntityManager for transaction] with root cause

java.net.ConnectException: Connection refused: no further information
	at java.base/sun.nio.ch.Net.pollConnect(Native Method) ~[na:na]
	at java.base/sun.nio.ch.Net.pollConnectNow(Net.java:684) ~[na:na]
	at java.base/sun.nio.ch.NioSocketImpl.timedFinishConnect(NioSocketImpl.java:547) ~[na:na]
	at java.base/sun.nio.ch.NioSocketImpl.connect(NioSocketImpl.java:602) ~[na:na]
	at java.base/java.net.SocksSocketImpl.connect(SocksSocketImpl.java:327) ~[na:na]
	at java.base/java.net.Socket.connect(Socket.java:633) ~[na:na]
	at org.postgresql.core.PGStream.createSocket(PGStream.java:260) ~[postgresql-42.7.4.jar!/:42.7.4]
	at org.postgresql.core.PGStream.<init>(PGStream.java:121) ~[postgresql-42.7.4.jar!/:42.7.4]
	at org.postgresql.core.v3.ConnectionFactoryImpl.tryConnect(ConnectionFactoryImpl.java:140) ~[postgresql-42.7.4.jar!/:42.7.4]
	at org.postgresql.core.v3.ConnectionFactoryImpl.openConnectionImpl(ConnectionFactoryImpl.java:268) ~[postgresql-42.7.4.jar!/:42.7.4]
	at org.postgresql.core.ConnectionFactory.openConnection(ConnectionFactory.java:54) ~[postgresql-42.7.4.jar!/:42.7.4]
	at org.postgresql.jdbc.PgConnection.<init>(PgConnection.java:273) ~[postgresql-42.7.4.jar!/:42.7.4]
	at org.postgresql.Driver.makeConnection(Driver.java:446) ~[postgresql-42.7.4.jar!/:42.7.4]
	at org.postgresql.Driver.connect(Driver.java:298) ~[postgresql-42.7.4.jar!/:42.7.4]
	at com.zaxxer.hikari.util.DriverDataSource.getConnection(DriverDataSource.java:137) ~[HikariCP-5.1.0.jar!/:na]
	at com.zaxxer.hikari.pool.PoolBase.newConnection(PoolBase.java:360) ~[HikariCP-5.1.0.jar!/:na]
	at com.zaxxer.hikari.pool.PoolBase.newPoolEntry(PoolBase.java:202) ~[HikariCP-5.1.0.jar!/:na]
	at com.zaxxer.hikari.pool.HikariPool.createPoolEntry(HikariPool.java:461) ~[HikariCP-5.1.0.jar!/:na]
	at com.zaxxer.hikari.pool.HikariPool$PoolEntryCreator.call(HikariPool.java:724) ~[HikariCP-5.1.0.jar!/:na]
	at com.zaxxer.hikari.pool.HikariPool$PoolEntryCreator.call(HikariPool.java:703) ~[HikariCP-5.1.0.jar!/:na]
	at java.base/java.util.concurrent.FutureTask.run(FutureTask.java:264) ~[na:na]
	at java.base/java.util.concurrent.ThreadPoolExecutor.runWorker(ThreadPoolExecutor.java:1136) ~[na:na]
	at java.base/java.util.concurrent.ThreadPoolExecutor$Worker.run(ThreadPoolExecutor.java:635) ~[na:na]
	at java.base/java.lang.Thread.run(Thread.java:842) ~[na:na]

2026-09-13T11:05:29.098-04:00  WARN 29984 --- [CatalogService] [nio-8080-exec-6] o.h.engine.jdbc.spi.SqlExceptionHelper   : SQL Error: 0, SQLState: 08001
2026-09-13T11:05:29.098-04:00 ERROR 29984 --- [CatalogService] [nio-8080-exec-6] o.h.engine.jdbc.spi.SqlExceptionHelper   : HikariPool-1 - Connection is not available, request timed out after 30002ms (total=0, active=0, idle=0, waiting=0)
2026-09-13T11:05:29.098-04:00 ERROR 29984 --- [CatalogService] [nio-8080-exec-6] o.h.engine.jdbc.spi.SqlExceptionHelper   : Connection to localhost:5432 refused. Check that the hostname and port are correct and that the postmaster is accepting TCP/IP connections.
2026-09-13T11:05:29.099-04:00 ERROR 29984 --- [CatalogService] [nio-8080-exec-6] o.a.c.c.C.[.[.[/].[dispatcherServlet]    : Servlet.service() for servlet [dispatcherServlet] in context with path [] threw exception [Request processing failed: org.springframework.transaction.CannotCreateTransactionException: Could not open JPA EntityManager for transaction] with root cause

java.net.ConnectException: Connection refused: no further information
	at java.base/sun.nio.ch.Net.pollConnect(Native Method) ~[na:na]
	at java.base/sun.nio.ch.Net.pollConnectNow(Net.java:684) ~[na:na]
	at java.base/sun.nio.ch.NioSocketImpl.timedFinishConnect(NioSocketImpl.java:547) ~[na:na]
	at java.base/sun.nio.ch.NioSocketImpl.connect(NioSocketImpl.java:602) ~[na:na]
	at java.base/java.net.SocksSocketImpl.connect(SocksSocketImpl.java:327) ~[na:na]
	at java.base/java.net.Socket.connect(Socket.java:633) ~[na:na]
	at org.postgresql.core.PGStream.createSocket(PGStream.java:260) ~[postgresql-42.7.4.jar!/:42.7.4]
	at org.postgresql.core.PGStream.<init>(PGStream.java:121) ~[postgresql-42.7.4.jar!/:42.7.4]
	at org.postgresql.core.v3.ConnectionFactoryImpl.tryConnect(ConnectionFactoryImpl.java:140) ~[postgresql-42.7.4.jar!/:42.7.4]
	at org.postgresql.core.v3.ConnectionFactoryImpl.openConnectionImpl(ConnectionFactoryImpl.java:268) ~[postgresql-42.7.4.jar!/:42.7.4]
	at org.postgresql.core.ConnectionFactory.openConnection(ConnectionFactory.java:54) ~[postgresql-42.7.4.jar!/:42.7.4]
	at org.postgresql.jdbc.PgConnection.<init>(PgConnection.java:273) ~[postgresql-42.7.4.jar!/:42.7.4]
	at org.postgresql.Driver.makeConnection(Driver.java:446) ~[postgresql-42.7.4.jar!/:42.7.4]
	at org.postgresql.Driver.connect(Driver.java:298) ~[postgresql-42.7.4.jar!/:42.7.4]
	at com.zaxxer.hikari.util.DriverDataSource.getConnection(DriverDataSource.java:137) ~[HikariCP-5.1.0.jar!/:na]
	at com.zaxxer.hikari.pool.PoolBase.newConnection(PoolBase.java:360) ~[HikariCP-5.1.0.jar!/:na]
	at com.zaxxer.hikari.pool.PoolBase.newPoolEntry(PoolBase.java:202) ~[HikariCP-5.1.0.jar!/:na]
	at com.zaxxer.hikari.pool.HikariPool.createPoolEntry(HikariPool.java:461) ~[HikariCP-5.1.0.jar!/:na]
	at com.zaxxer.hikari.pool.HikariPool$PoolEntryCreator.call(HikariPool.java:724) ~[HikariCP-5.1.0.jar!/:na]
	at com.zaxxer.hikari.pool.HikariPool$PoolEntryCreator.call(HikariPool.java:703) ~[HikariCP-5.1.0.jar!/:na]
	at java.base/java.util.concurrent.FutureTask.run(FutureTask.java:264) ~[na:na]
	at java.base/java.util.concurrent.ThreadPoolExecutor.runWorker(ThreadPoolExecutor.java:1136) ~[na:na]
	at java.base/java.util.concurrent.ThreadPoolExecutor$Worker.run(ThreadPoolExecutor.java:635) ~[na:na]
	at java.base/java.lang.Thread.run(Thread.java:842) ~[na:na]

2026-09-13T11:05:30.494-04:00  INFO 29984 --- [CatalogService] [xecutorLoop-1-4] i.l.core.protocol.ConnectionWatchdog     : Reconnecting, last destination was localhost/<unresolved>:6379
2026-09-13T11:05:30.494-04:00  INFO 29984 --- [CatalogService] [xecutorLoop-1-3] i.l.core.protocol.ConnectionWatchdog     : Reconnecting, last destination was localhost/<unresolved>:6379
2026-09-13T11:05:30.499-04:00  WARN 29984 --- [CatalogService] [ioEventLoop-4-2] i.l.core.protocol.ConnectionWatchdog     : Cannot reconnect to [localhost/<unresolved>:6379]: Connection refused: no further information: localhost/127.0.0.1:6379
2026-09-13T11:05:30.499-04:00  WARN 29984 --- [CatalogService] [ioEventLoop-4-1] i.l.core.protocol.ConnectionWatchdog     : Cannot reconnect to [localhost/<unresolved>:6379]: Connection refused: no further information: localhost/127.0.0.1:6379
2026-09-13T11:06:00.590-04:00  INFO 29984 --- [CatalogService] [xecutorLoop-1-4] i.l.core.protocol.ConnectionWatchdog     : Reconnecting, last destination was localhost/<unresolved>:6379
2026-09-13T11:06:00.590-04:00  INFO 29984 --- [CatalogService] [xecutorLoop-1-3] i.l.core.protocol.ConnectionWatchdog     : Reconnecting, last destination was localhost/<unresolved>:6379
2026-09-13T11:06:00.595-04:00  WARN 29984 --- [CatalogService] [ioEventLoop-4-3] i.l.core.protocol.ConnectionWatchdog     : Cannot reconnect to [localhost/<unresolved>:6379]: Connection refused: no further information: localhost/127.0.0.1:6379
2026-09-13T11:06:00.595-04:00  WARN 29984 --- [CatalogService] [ioEventLoop-4-4] i.l.core.protocol.ConnectionWatchdog     : Cannot reconnect to [localhost/<unresolved>:6379]: Connection refused: no further information: localhost/127.0.0.1:6379
2026-09-13T11:06:03.820-04:00  INFO 29984 --- [CatalogService] [nio-8080-exec-7] c.m.c.service.impl.ProductServiceImpl    : Getting all products from database
2026-09-13T11:06:30.690-04:00  INFO 29984 --- [CatalogService] [xecutorLoop-1-4] i.l.core.protocol.ConnectionWatchdog     : Reconnecting, last destination was localhost/<unresolved>:6379
2026-09-13T11:06:30.690-04:00  INFO 29984 --- [CatalogService] [xecutorLoop-1-3] i.l.core.protocol.ConnectionWatchdog     : Reconnecting, last destination was localhost/<unresolved>:6379
2026-09-13T11:06:30.692-04:00  WARN 29984 --- [CatalogService] [ioEventLoop-4-1] i.l.core.protocol.ConnectionWatchdog     : Cannot reconnect to [localhost/<unresolved>:6379]: Connection refused: no further information: localhost/127.0.0.1:6379
2026-09-13T11:06:30.692-04:00  WARN 29984 --- [CatalogService] [ioEventLoop-4-2] i.l.core.protocol.ConnectionWatchdog     : Cannot reconnect to [localhost/<unresolved>:6379]: Connection refused: no further information: localhost/127.0.0.1:6379
2026-09-13T11:06:33.832-04:00  WARN 29984 --- [CatalogService] [nio-8080-exec-7] o.h.engine.jdbc.spi.SqlExceptionHelper   : SQL Error: 0, SQLState: 08001
2026-09-13T11:06:33.833-04:00 ERROR 29984 --- [CatalogService] [nio-8080-exec-7] o.h.engine.jdbc.spi.SqlExceptionHelper   : HikariPool-1 - Connection is not available, request timed out after 30012ms (total=0, active=0, idle=0, waiting=0)
2026-09-13T11:06:33.833-04:00 ERROR 29984 --- [CatalogService] [nio-8080-exec-7] o.h.engine.jdbc.spi.SqlExceptionHelper   : Connection to localhost:5432 refused. Check that the hostname and port are correct and that the postmaster is accepting TCP/IP connections.
2026-09-13T11:06:33.835-04:00 ERROR 29984 --- [CatalogService] [nio-8080-exec-7] o.a.c.c.C.[.[.[/].[dispatcherServlet]    : Servlet.service() for servlet [dispatcherServlet] in context with path [] threw exception [Request processing failed: org.springframework.transaction.CannotCreateTransactionException: Could not open JPA EntityManager for transaction] with root cause

java.net.ConnectException: Connection refused: no further information
	at java.base/sun.nio.ch.Net.pollConnect(Native Method) ~[na:na]
	at java.base/sun.nio.ch.Net.pollConnectNow(Net.java:684) ~[na:na]
	at java.base/sun.nio.ch.NioSocketImpl.timedFinishConnect(NioSocketImpl.java:547) ~[na:na]
	at java.base/sun.nio.ch.NioSocketImpl.connect(NioSocketImpl.java:602) ~[na:na]
	at java.base/java.net.SocksSocketImpl.connect(SocksSocketImpl.java:327) ~[na:na]
	at java.base/java.net.Socket.connect(Socket.java:633) ~[na:na]
	at org.postgresql.core.PGStream.createSocket(PGStream.java:260) ~[postgresql-42.7.4.jar!/:42.7.4]
	at org.postgresql.core.PGStream.<init>(PGStream.java:121) ~[postgresql-42.7.4.jar!/:42.7.4]
	at org.postgresql.core.v3.ConnectionFactoryImpl.tryConnect(ConnectionFactoryImpl.java:140) ~[postgresql-42.7.4.jar!/:42.7.4]
	at org.postgresql.core.v3.ConnectionFactoryImpl.openConnectionImpl(ConnectionFactoryImpl.java:268) ~[postgresql-42.7.4.jar!/:42.7.4]
	at org.postgresql.core.ConnectionFactory.openConnection(ConnectionFactory.java:54) ~[postgresql-42.7.4.jar!/:42.7.4]
	at org.postgresql.jdbc.PgConnection.<init>(PgConnection.java:273) ~[postgresql-42.7.4.jar!/:42.7.4]
	at org.postgresql.Driver.makeConnection(Driver.java:446) ~[postgresql-42.7.4.jar!/:42.7.4]
	at org.postgresql.Driver.connect(Driver.java:298) ~[postgresql-42.7.4.jar!/:42.7.4]
	at com.zaxxer.hikari.util.DriverDataSource.getConnection(DriverDataSource.java:137) ~[HikariCP-5.1.0.jar!/:na]
	at com.zaxxer.hikari.pool.PoolBase.newConnection(PoolBase.java:360) ~[HikariCP-5.1.0.jar!/:na]
	at com.zaxxer.hikari.pool.PoolBase.newPoolEntry(PoolBase.java:202) ~[HikariCP-5.1.0.jar!/:na]
	at com.zaxxer.hikari.pool.HikariPool.createPoolEntry(HikariPool.java:461) ~[HikariCP-5.1.0.jar!/:na]
	at com.zaxxer.hikari.pool.HikariPool$PoolEntryCreator.call(HikariPool.java:724) ~[HikariCP-5.1.0.jar!/:na]
	at com.zaxxer.hikari.pool.HikariPool$PoolEntryCreator.call(HikariPool.java:703) ~[HikariCP-5.1.0.jar!/:na]
	at java.base/java.util.concurrent.FutureTask.run(FutureTask.java:264) ~[na:na]
	at java.base/java.util.concurrent.ThreadPoolExecutor.runWorker(ThreadPoolExecutor.java:1136) ~[na:na]
	at java.base/java.util.concurrent.ThreadPoolExecutor$Worker.run(ThreadPoolExecutor.java:635) ~[na:na]
	at java.base/java.lang.Thread.run(Thread.java:842) ~[na:na]

2026-09-13T11:07:00.806-04:00  INFO 29984 --- [CatalogService] [xecutorLoop-1-4] i.l.core.protocol.ConnectionWatchdog     : Reconnecting, last destination was localhost/<unresolved>:6379
2026-09-13T11:07:00.806-04:00  INFO 29984 --- [CatalogService] [xecutorLoop-1-3] i.l.core.protocol.ConnectionWatchdog     : Reconnecting, last destination was localhost/<unresolved>:6379
2026-09-13T11:07:00.812-04:00  WARN 29984 --- [CatalogService] [ioEventLoop-4-3] i.l.core.protocol.ConnectionWatchdog     : Cannot reconnect to [localhost/<unresolved>:6379]: Connection refused: no further information: localhost/127.0.0.1:6379
2026-09-13T11:07:00.815-04:00  WARN 29984 --- [CatalogService] [xecutorLoop-1-3] i.l.core.protocol.ConnectionWatchdog     : Cannot reconnect to [localhost/<unresolved>:6379]: Connection refused: no further information: localhost/127.0.0.1:6379
2026-09-13T11:07:08.451-04:00  INFO 29984 --- [CatalogService] [nio-8080-exec-8] c.m.c.service.impl.ProductServiceImpl    : Getting all products from database
2026-09-13T11:07:30.895-04:00  INFO 29984 --- [CatalogService] [xecutorLoop-1-3] i.l.core.protocol.ConnectionWatchdog     : Reconnecting, last destination was localhost/<unresolved>:6379
2026-09-13T11:07:30.900-04:00  INFO 29984 --- [CatalogService] [xecutorLoop-1-4] i.l.core.protocol.ConnectionWatchdog     : Reconnecting, last destination was localhost/<unresolved>:6379
2026-09-13T11:07:30.903-04:00  WARN 29984 --- [CatalogService] [ioEventLoop-4-1] i.l.core.protocol.ConnectionWatchdog     : Cannot reconnect to [localhost/<unresolved>:6379]: Connection refused: no further information: localhost/127.0.0.1:6379
2026-09-13T11:07:30.907-04:00  WARN 29984 --- [CatalogService] [ioEventLoop-4-2] i.l.core.protocol.ConnectionWatchdog     : Cannot reconnect to [localhost/<unresolved>:6379]: Connection refused: no further information: localhost/127.0.0.1:6379
2026-09-13T11:07:38.462-04:00  WARN 29984 --- [CatalogService] [nio-8080-exec-8] o.h.engine.jdbc.spi.SqlExceptionHelper   : SQL Error: 0, SQLState: 08001
2026-09-13T11:07:38.462-04:00 ERROR 29984 --- [CatalogService] [nio-8080-exec-8] o.h.engine.jdbc.spi.SqlExceptionHelper   : HikariPool-1 - Connection is not available, request timed out after 30010ms (total=0, active=0, idle=0, waiting=0)
2026-09-13T11:07:38.462-04:00 ERROR 29984 --- [CatalogService] [nio-8080-exec-8] o.h.engine.jdbc.spi.SqlExceptionHelper   : Connection to localhost:5432 refused. Check that the hostname and port are correct and that the postmaster is accepting TCP/IP connections.
2026-09-13T11:07:38.463-04:00 ERROR 29984 --- [CatalogService] [nio-8080-exec-8] o.a.c.c.C.[.[.[/].[dispatcherServlet]    : Servlet.service() for servlet [dispatcherServlet] in context with path [] threw exception [Request processing failed: org.springframework.transaction.CannotCreateTransactionException: Could not open JPA EntityManager for transaction] with root cause

java.net.ConnectException: Connection refused: no further information
	at java.base/sun.nio.ch.Net.pollConnect(Native Method) ~[na:na]
	at java.base/sun.nio.ch.Net.pollConnectNow(Net.java:684) ~[na:na]
	at java.base/sun.nio.ch.NioSocketImpl.timedFinishConnect(NioSocketImpl.java:547) ~[na:na]
	at java.base/sun.nio.ch.NioSocketImpl.connect(NioSocketImpl.java:602) ~[na:na]
	at java.base/java.net.SocksSocketImpl.connect(SocksSocketImpl.java:327) ~[na:na]
	at java.base/java.net.Socket.connect(Socket.java:633) ~[na:na]
	at org.postgresql.core.PGStream.createSocket(PGStream.java:260) ~[postgresql-42.7.4.jar!/:42.7.4]
	at org.postgresql.core.PGStream.<init>(PGStream.java:121) ~[postgresql-42.7.4.jar!/:42.7.4]
	at org.postgresql.core.v3.ConnectionFactoryImpl.tryConnect(ConnectionFactoryImpl.java:140) ~[postgresql-42.7.4.jar!/:42.7.4]
	at org.postgresql.core.v3.ConnectionFactoryImpl.openConnectionImpl(ConnectionFactoryImpl.java:268) ~[postgresql-42.7.4.jar!/:42.7.4]
	at org.postgresql.core.ConnectionFactory.openConnection(ConnectionFactory.java:54) ~[postgresql-42.7.4.jar!/:42.7.4]
	at org.postgresql.jdbc.PgConnection.<init>(PgConnection.java:273) ~[postgresql-42.7.4.jar!/:42.7.4]
	at org.postgresql.Driver.makeConnection(Driver.java:446) ~[postgresql-42.7.4.jar!/:42.7.4]
	at org.postgresql.Driver.connect(Driver.java:298) ~[postgresql-42.7.4.jar!/:42.7.4]
	at com.zaxxer.hikari.util.DriverDataSource.getConnection(DriverDataSource.java:137) ~[HikariCP-5.1.0.jar!/:na]
	at com.zaxxer.hikari.pool.PoolBase.newConnection(PoolBase.java:360) ~[HikariCP-5.1.0.jar!/:na]
	at com.zaxxer.hikari.pool.PoolBase.newPoolEntry(PoolBase.java:202) ~[HikariCP-5.1.0.jar!/:na]
	at com.zaxxer.hikari.pool.HikariPool.createPoolEntry(HikariPool.java:461) ~[HikariCP-5.1.0.jar!/:na]
	at com.zaxxer.hikari.pool.HikariPool$PoolEntryCreator.call(HikariPool.java:724) ~[HikariCP-5.1.0.jar!/:na]
	at com.zaxxer.hikari.pool.HikariPool$PoolEntryCreator.call(HikariPool.java:703) ~[HikariCP-5.1.0.jar!/:na]
	at java.base/java.util.concurrent.FutureTask.run(FutureTask.java:264) ~[na:na]
	at java.base/java.util.concurrent.ThreadPoolExecutor.runWorker(ThreadPoolExecutor.java:1136) ~[na:na]
	at java.base/java.util.concurrent.ThreadPoolExecutor$Worker.run(ThreadPoolExecutor.java:635) ~[na:na]
	at java.base/java.lang.Thread.run(Thread.java:842) ~[na:na]

2026-09-13T11:07:40.143-04:00  INFO 29984 --- [CatalogService] [rap-executor-%d] c.n.d.s.r.aws.ConfigClusterResolver      : Resolving eureka endpoints via configuration
2026-09-13T11:08:00.994-04:00  INFO 29984 --- [CatalogService] [xecutorLoop-1-3] i.l.core.protocol.ConnectionWatchdog     : Reconnecting, last destination was localhost/<unresolved>:6379
2026-09-13T11:08:00.996-04:00  INFO 29984 --- [CatalogService] [xecutorLoop-1-4] i.l.core.protocol.ConnectionWatchdog     : Reconnecting, last destination was localhost/<unresolved>:6379
2026-09-13T11:08:01.001-04:00  WARN 29984 --- [CatalogService] [ioEventLoop-4-3] i.l.core.protocol.ConnectionWatchdog     : Cannot reconnect to [localhost/<unresolved>:6379]: Connection refused: no further information: localhost/127.0.0.1:6379
2026-09-13T11:08:01.001-04:00  WARN 29984 --- [CatalogService] [ioEventLoop-4-4] i.l.core.protocol.ConnectionWatchdog     : Cannot reconnect to [localhost/<unresolved>:6379]: Connection refused: no further information: localhost/127.0.0.1:6379
2026-09-13T11:08:13.197-04:00  INFO 29984 --- [CatalogService] [nio-8080-exec-4] c.m.c.service.impl.ProductServiceImpl    : Getting all products from database
2026-09-13T11:08:31.092-04:00  INFO 29984 --- [CatalogService] [xecutorLoop-1-4] i.l.core.protocol.ConnectionWatchdog     : Reconnecting, last destination was localhost/<unresolved>:6379
2026-09-13T11:08:31.092-04:00  INFO 29984 --- [CatalogService] [xecutorLoop-1-3] i.l.core.protocol.ConnectionWatchdog     : Reconnecting, last destination was localhost/<unresolved>:6379
2026-09-13T11:08:31.097-04:00  WARN 29984 --- [CatalogService] [ioEventLoop-4-2] i.l.core.protocol.ConnectionWatchdog     : Cannot reconnect to [localhost/<unresolved>:6379]: Connection refused: no further information: localhost/127.0.0.1:6379
2026-09-13T11:08:31.097-04:00  WARN 29984 --- [CatalogService] [ioEventLoop-4-1] i.l.core.protocol.ConnectionWatchdog     : Cannot reconnect to [localhost/<unresolved>:6379]: Connection refused: no further information: localhost/127.0.0.1:6379
2026-09-13T11:08:43.202-04:00  WARN 29984 --- [CatalogService] [nio-8080-exec-4] o.h.engine.jdbc.spi.SqlExceptionHelper   : SQL Error: 0, SQLState: 08001
2026-09-13T11:08:43.202-04:00 ERROR 29984 --- [CatalogService] [nio-8080-exec-4] o.h.engine.jdbc.spi.SqlExceptionHelper   : HikariPool-1 - Connection is not available, request timed out after 30003ms (total=0, active=0, idle=0, waiting=0)
2026-09-13T11:08:43.202-04:00 ERROR 29984 --- [CatalogService] [nio-8080-exec-4] o.h.engine.jdbc.spi.SqlExceptionHelper   : Connection to localhost:5432 refused. Check that the hostname and port are correct and that the postmaster is accepting TCP/IP connections.
2026-09-13T11:08:43.203-04:00 ERROR 29984 --- [CatalogService] [nio-8080-exec-4] o.a.c.c.C.[.[.[/].[dispatcherServlet]    : Servlet.service() for servlet [dispatcherServlet] in context with path [] threw exception [Request processing failed: org.springframework.transaction.CannotCreateTransactionException: Could not open JPA EntityManager for transaction] with root cause

java.net.ConnectException: Connection refused: no further information
	at java.base/sun.nio.ch.Net.pollConnect(Native Method) ~[na:na]
	at java.base/sun.nio.ch.Net.pollConnectNow(Net.java:684) ~[na:na]
	at java.base/sun.nio.ch.NioSocketImpl.timedFinishConnect(NioSocketImpl.java:547) ~[na:na]
	at java.base/sun.nio.ch.NioSocketImpl.connect(NioSocketImpl.java:602) ~[na:na]
	at java.base/java.net.SocksSocketImpl.connect(SocksSocketImpl.java:327) ~[na:na]
	at java.base/java.net.Socket.connect(Socket.java:633) ~[na:na]
	at org.postgresql.core.PGStream.createSocket(PGStream.java:260) ~[postgresql-42.7.4.jar!/:42.7.4]
	at org.postgresql.core.PGStream.<init>(PGStream.java:121) ~[postgresql-42.7.4.jar!/:42.7.4]
	at org.postgresql.core.v3.ConnectionFactoryImpl.tryConnect(ConnectionFactoryImpl.java:140) ~[postgresql-42.7.4.jar!/:42.7.4]
	at org.postgresql.core.v3.ConnectionFactoryImpl.openConnectionImpl(ConnectionFactoryImpl.java:268) ~[postgresql-42.7.4.jar!/:42.7.4]
	at org.postgresql.core.ConnectionFactory.openConnection(ConnectionFactory.java:54) ~[postgresql-42.7.4.jar!/:42.7.4]
	at org.postgresql.jdbc.PgConnection.<init>(PgConnection.java:273) ~[postgresql-42.7.4.jar!/:42.7.4]
	at org.postgresql.Driver.makeConnection(Driver.java:446) ~[postgresql-42.7.4.jar!/:42.7.4]
	at org.postgresql.Driver.connect(Driver.java:298) ~[postgresql-42.7.4.jar!/:42.7.4]
	at com.zaxxer.hikari.util.DriverDataSource.getConnection(DriverDataSource.java:137) ~[HikariCP-5.1.0.jar!/:na]
	at com.zaxxer.hikari.pool.PoolBase.newConnection(PoolBase.java:360) ~[HikariCP-5.1.0.jar!/:na]
	at com.zaxxer.hikari.pool.PoolBase.newPoolEntry(PoolBase.java:202) ~[HikariCP-5.1.0.jar!/:na]
	at com.zaxxer.hikari.pool.HikariPool.createPoolEntry(HikariPool.java:461) ~[HikariCP-5.1.0.jar!/:na]
	at com.zaxxer.hikari.pool.HikariPool$PoolEntryCreator.call(HikariPool.java:724) ~[HikariCP-5.1.0.jar!/:na]
	at com.zaxxer.hikari.pool.HikariPool$PoolEntryCreator.call(HikariPool.java:703) ~[HikariCP-5.1.0.jar!/:na]
	at java.base/java.util.concurrent.FutureTask.run(FutureTask.java:264) ~[na:na]
	at java.base/java.util.concurrent.ThreadPoolExecutor.runWorker(ThreadPoolExecutor.java:1136) ~[na:na]
	at java.base/java.util.concurrent.ThreadPoolExecutor$Worker.run(ThreadPoolExecutor.java:635) ~[na:na]
	at java.base/java.lang.Thread.run(Thread.java:842) ~[na:na]

2026-09-13T11:09:01.199-04:00  INFO 29984 --- [CatalogService] [xecutorLoop-1-4] i.l.core.protocol.ConnectionWatchdog     : Reconnecting, last destination was localhost/<unresolved>:6379
2026-09-13T11:09:01.199-04:00  INFO 29984 --- [CatalogService] [xecutorLoop-1-3] i.l.core.protocol.ConnectionWatchdog     : Reconnecting, last destination was localhost/<unresolved>:6379
2026-09-13T11:09:01.200-04:00  WARN 29984 --- [CatalogService] [ioEventLoop-4-3] i.l.core.protocol.ConnectionWatchdog     : Cannot reconnect to [localhost/<unresolved>:6379]: Connection refused: no further information: localhost/127.0.0.1:6379
2026-09-13T11:09:01.201-04:00  WARN 29984 --- [CatalogService] [ioEventLoop-4-4] i.l.core.protocol.ConnectionWatchdog     : Cannot reconnect to [localhost/<unresolved>:6379]: Connection refused: no further information: localhost/127.0.0.1:6379
2026-09-13T11:09:17.877-04:00  INFO 29984 --- [CatalogService] [nio-8080-exec-3] c.m.c.service.impl.ProductServiceImpl    : Getting all products from database
2026-09-13T11:09:31.292-04:00  INFO 29984 --- [CatalogService] [xecutorLoop-1-3] i.l.core.protocol.ConnectionWatchdog     : Reconnecting, last destination was localhost/<unresolved>:6379
2026-09-13T11:09:31.292-04:00  INFO 29984 --- [CatalogService] [xecutorLoop-1-4] i.l.core.protocol.ConnectionWatchdog     : Reconnecting, last destination was localhost/<unresolved>:6379
2026-09-13T11:09:31.299-04:00  WARN 29984 --- [CatalogService] [ioEventLoop-4-1] i.l.core.protocol.ConnectionWatchdog     : Cannot reconnect to [localhost/<unresolved>:6379]: Connection refused: no further information: localhost/127.0.0.1:6379
2026-09-13T11:09:31.299-04:00  WARN 29984 --- [CatalogService] [ioEventLoop-4-2] i.l.core.protocol.ConnectionWatchdog     : Cannot reconnect to [localhost/<unresolved>:6379]: Connection refused: no further information: localhost/127.0.0.1:6379
2026-09-13T11:09:47.881-04:00  WARN 29984 --- [CatalogService] [nio-8080-exec-3] o.h.engine.jdbc.spi.SqlExceptionHelper   : SQL Error: 0, SQLState: 08001
2026-09-13T11:09:47.882-04:00 ERROR 29984 --- [CatalogService] [nio-8080-exec-3] o.h.engine.jdbc.spi.SqlExceptionHelper   : HikariPool-1 - Connection is not available, request timed out after 30004ms (total=0, active=0, idle=0, waiting=0)
2026-09-13T11:09:47.882-04:00 ERROR 29984 --- [CatalogService] [nio-8080-exec-3] o.h.engine.jdbc.spi.SqlExceptionHelper   : Connection to localhost:5432 refused. Check that the hostname and port are correct and that the postmaster is accepting TCP/IP connections.
2026-09-13T11:09:47.884-04:00 ERROR 29984 --- [CatalogService] [nio-8080-exec-3] o.a.c.c.C.[.[.[/].[dispatcherServlet]    : Servlet.service() for servlet [dispatcherServlet] in context with path [] threw exception [Request processing failed: org.springframework.transaction.CannotCreateTransactionException: Could not open JPA EntityManager for transaction] with root cause

java.net.ConnectException: Connection refused: no further information
	at java.base/sun.nio.ch.Net.pollConnect(Native Method) ~[na:na]
	at java.base/sun.nio.ch.Net.pollConnectNow(Net.java:684) ~[na:na]
	at java.base/sun.nio.ch.NioSocketImpl.timedFinishConnect(NioSocketImpl.java:547) ~[na:na]
	at java.base/sun.nio.ch.NioSocketImpl.connect(NioSocketImpl.java:602) ~[na:na]
	at java.base/java.net.SocksSocketImpl.connect(SocksSocketImpl.java:327) ~[na:na]
	at java.base/java.net.Socket.connect(Socket.java:633) ~[na:na]
	at org.postgresql.core.PGStream.createSocket(PGStream.java:260) ~[postgresql-42.7.4.jar!/:42.7.4]
	at org.postgresql.core.PGStream.<init>(PGStream.java:121) ~[postgresql-42.7.4.jar!/:42.7.4]
	at org.postgresql.core.v3.ConnectionFactoryImpl.tryConnect(ConnectionFactoryImpl.java:140) ~[postgresql-42.7.4.jar!/:42.7.4]
	at org.postgresql.core.v3.ConnectionFactoryImpl.openConnectionImpl(ConnectionFactoryImpl.java:268) ~[postgresql-42.7.4.jar!/:42.7.4]
	at org.postgresql.core.ConnectionFactory.openConnection(ConnectionFactory.java:54) ~[postgresql-42.7.4.jar!/:42.7.4]
	at org.postgresql.jdbc.PgConnection.<init>(PgConnection.java:273) ~[postgresql-42.7.4.jar!/:42.7.4]
	at org.postgresql.Driver.makeConnection(Driver.java:446) ~[postgresql-42.7.4.jar!/:42.7.4]
	at org.postgresql.Driver.connect(Driver.java:298) ~[postgresql-42.7.4.jar!/:42.7.4]
	at com.zaxxer.hikari.util.DriverDataSource.getConnection(DriverDataSource.java:137) ~[HikariCP-5.1.0.jar!/:na]
	at com.zaxxer.hikari.pool.PoolBase.newConnection(PoolBase.java:360) ~[HikariCP-5.1.0.jar!/:na]
	at com.zaxxer.hikari.pool.PoolBase.newPoolEntry(PoolBase.java:202) ~[HikariCP-5.1.0.jar!/:na]
	at com.zaxxer.hikari.pool.HikariPool.createPoolEntry(HikariPool.java:461) ~[HikariCP-5.1.0.jar!/:na]
	at com.zaxxer.hikari.pool.HikariPool$PoolEntryCreator.call(HikariPool.java:724) ~[HikariCP-5.1.0.jar!/:na]
	at com.zaxxer.hikari.pool.HikariPool$PoolEntryCreator.call(HikariPool.java:703) ~[HikariCP-5.1.0.jar!/:na]
	at java.base/java.util.concurrent.FutureTask.run(FutureTask.java:264) ~[na:na]
	at java.base/java.util.concurrent.ThreadPoolExecutor.runWorker(ThreadPoolExecutor.java:1136) ~[na:na]
	at java.base/java.util.concurrent.ThreadPoolExecutor$Worker.run(ThreadPoolExecutor.java:635) ~[na:na]
	at java.base/java.lang.Thread.run(Thread.java:842) ~[na:na]

2026-09-13T11:10:01.399-04:00  INFO 29984 --- [CatalogService] [xecutorLoop-1-3] i.l.core.protocol.ConnectionWatchdog     : Reconnecting, last destination was localhost/<unresolved>:6379
2026-09-13T11:10:01.399-04:00  INFO 29984 --- [CatalogService] [xecutorLoop-1-4] i.l.core.protocol.ConnectionWatchdog     : Reconnecting, last destination was localhost/<unresolved>:6379
2026-09-13T11:10:01.401-04:00  WARN 29984 --- [CatalogService] [ioEventLoop-4-3] i.l.core.protocol.ConnectionWatchdog     : Cannot reconnect to [localhost/<unresolved>:6379]: Connection refused: no further information: localhost/127.0.0.1:6379
2026-09-13T11:10:01.403-04:00  WARN 29984 --- [CatalogService] [ioEventLoop-4-4] i.l.core.protocol.ConnectionWatchdog     : Cannot reconnect to [localhost/<unresolved>:6379]: Connection refused: no further information: localhost/127.0.0.1:6379
2026-09-13T11:10:22.584-04:00  INFO 29984 --- [CatalogService] [nio-8080-exec-9] c.m.c.service.impl.ProductServiceImpl    : Getting all products from database
2026-09-13T11:10:31.494-04:00  INFO 29984 --- [CatalogService] [xecutorLoop-1-3] i.l.core.protocol.ConnectionWatchdog     : Reconnecting, last destination was localhost/<unresolved>:6379
2026-09-13T11:10:31.494-04:00  INFO 29984 --- [CatalogService] [xecutorLoop-1-4] i.l.core.protocol.ConnectionWatchdog     : Reconnecting, last destination was localhost/<unresolved>:6379
2026-09-13T11:10:31.500-04:00  WARN 29984 --- [CatalogService] [ioEventLoop-4-1] i.l.core.protocol.ConnectionWatchdog     : Cannot reconnect to [localhost/<unresolved>:6379]: Connection refused: no further information: localhost/127.0.0.1:6379
2026-09-13T11:10:31.500-04:00  WARN 29984 --- [CatalogService] [ioEventLoop-4-2] i.l.core.protocol.ConnectionWatchdog     : Cannot reconnect to [localhost/<unresolved>:6379]: Connection refused: no further information: localhost/127.0.0.1:6379
2026-09-13T11:10:52.597-04:00  WARN 29984 --- [CatalogService] [nio-8080-exec-9] o.h.engine.jdbc.spi.SqlExceptionHelper   : SQL Error: 0, SQLState: 08001
2026-09-13T11:10:52.599-04:00 ERROR 29984 --- [CatalogService] [nio-8080-exec-9] o.h.engine.jdbc.spi.SqlExceptionHelper   : HikariPool-1 - Connection is not available, request timed out after 30012ms (total=0, active=0, idle=0, waiting=0)
2026-09-13T11:10:52.599-04:00 ERROR 29984 --- [CatalogService] [nio-8080-exec-9] o.h.engine.jdbc.spi.SqlExceptionHelper   : Connection to localhost:5432 refused. Check that the hostname and port are correct and that the postmaster is accepting TCP/IP connections.
2026-09-13T11:10:52.602-04:00 ERROR 29984 --- [CatalogService] [nio-8080-exec-9] o.a.c.c.C.[.[.[/].[dispatcherServlet]    : Servlet.service() for servlet [dispatcherServlet] in context with path [] threw exception [Request processing failed: org.springframework.transaction.CannotCreateTransactionException: Could not open JPA EntityManager for transaction] with root cause

java.net.ConnectException: Connection refused: no further information
	at java.base/sun.nio.ch.Net.pollConnect(Native Method) ~[na:na]
	at java.base/sun.nio.ch.Net.pollConnectNow(Net.java:684) ~[na:na]
	at java.base/sun.nio.ch.NioSocketImpl.timedFinishConnect(NioSocketImpl.java:547) ~[na:na]
	at java.base/sun.nio.ch.NioSocketImpl.connect(NioSocketImpl.java:602) ~[na:na]
	at java.base/java.net.SocksSocketImpl.connect(SocksSocketImpl.java:327) ~[na:na]
	at java.base/java.net.Socket.connect(Socket.java:633) ~[na:na]
	at org.postgresql.core.PGStream.createSocket(PGStream.java:260) ~[postgresql-42.7.4.jar!/:42.7.4]
	at org.postgresql.core.PGStream.<init>(PGStream.java:121) ~[postgresql-42.7.4.jar!/:42.7.4]
	at org.postgresql.core.v3.ConnectionFactoryImpl.tryConnect(ConnectionFactoryImpl.java:140) ~[postgresql-42.7.4.jar!/:42.7.4]
	at org.postgresql.core.v3.ConnectionFactoryImpl.openConnectionImpl(ConnectionFactoryImpl.java:268) ~[postgresql-42.7.4.jar!/:42.7.4]
	at org.postgresql.core.ConnectionFactory.openConnection(ConnectionFactory.java:54) ~[postgresql-42.7.4.jar!/:42.7.4]
	at org.postgresql.jdbc.PgConnection.<init>(PgConnection.java:273) ~[postgresql-42.7.4.jar!/:42.7.4]
	at org.postgresql.Driver.makeConnection(Driver.java:446) ~[postgresql-42.7.4.jar!/:42.7.4]
	at org.postgresql.Driver.connect(Driver.java:298) ~[postgresql-42.7.4.jar!/:42.7.4]
	at com.zaxxer.hikari.util.DriverDataSource.getConnection(DriverDataSource.java:137) ~[HikariCP-5.1.0.jar!/:na]
	at com.zaxxer.hikari.pool.PoolBase.newConnection(PoolBase.java:360) ~[HikariCP-5.1.0.jar!/:na]
	at com.zaxxer.hikari.pool.PoolBase.newPoolEntry(PoolBase.java:202) ~[HikariCP-5.1.0.jar!/:na]
	at com.zaxxer.hikari.pool.HikariPool.createPoolEntry(HikariPool.java:461) ~[HikariCP-5.1.0.jar!/:na]
	at com.zaxxer.hikari.pool.HikariPool$PoolEntryCreator.call(HikariPool.java:724) ~[HikariCP-5.1.0.jar!/:na]
	at com.zaxxer.hikari.pool.HikariPool$PoolEntryCreator.call(HikariPool.java:703) ~[HikariCP-5.1.0.jar!/:na]
	at java.base/java.util.concurrent.FutureTask.run(FutureTask.java:264) ~[na:na]
	at java.base/java.util.concurrent.ThreadPoolExecutor.runWorker(ThreadPoolExecutor.java:1136) ~[na:na]
	at java.base/java.util.concurrent.ThreadPoolExecutor$Worker.run(ThreadPoolExecutor.java:635) ~[na:na]
	at java.base/java.lang.Thread.run(Thread.java:842) ~[na:na]

2026-09-13T11:11:01.594-04:00  INFO 29984 --- [CatalogService] [xecutorLoop-1-4] i.l.core.protocol.ConnectionWatchdog     : Reconnecting, last destination was localhost/<unresolved>:6379
2026-09-13T11:11:01.594-04:00  INFO 29984 --- [CatalogService] [xecutorLoop-1-3] i.l.core.protocol.ConnectionWatchdog     : Reconnecting, last destination was localhost/<unresolved>:6379
2026-09-13T11:11:01.601-04:00  WARN 29984 --- [CatalogService] [ioEventLoop-4-4] i.l.core.protocol.ConnectionWatchdog     : Cannot reconnect to [localhost/<unresolved>:6379]: Connection refused: no further information: localhost/127.0.0.1:6379
2026-09-13T11:11:01.601-04:00  WARN 29984 --- [CatalogService] [ioEventLoop-4-3] i.l.core.protocol.ConnectionWatchdog     : Cannot reconnect to [localhost/<unresolved>:6379]: Connection refused: no further information: localhost/127.0.0.1:6379
2026-09-13T11:11:27.271-04:00  INFO 29984 --- [CatalogService] [nio-8080-exec-1] c.m.c.service.impl.ProductServiceImpl    : Getting all products from database
2026-09-13T11:11:31.694-04:00  INFO 29984 --- [CatalogService] [xecutorLoop-1-3] i.l.core.protocol.ConnectionWatchdog     : Reconnecting, last destination was localhost/<unresolved>:6379
2026-09-13T11:11:31.694-04:00  INFO 29984 --- [CatalogService] [xecutorLoop-1-4] i.l.core.protocol.ConnectionWatchdog     : Reconnecting, last destination was localhost/<unresolved>:6379
2026-09-13T11:11:31.698-04:00  WARN 29984 --- [CatalogService] [ioEventLoop-4-1] i.l.core.protocol.ConnectionWatchdog     : Cannot reconnect to [localhost/<unresolved>:6379]: Connection refused: no further information: localhost/127.0.0.1:6379
2026-09-13T11:11:31.698-04:00  WARN 29984 --- [CatalogService] [ioEventLoop-4-2] i.l.core.protocol.ConnectionWatchdog     : Cannot reconnect to [localhost/<unresolved>:6379]: Connection refused: no further information: localhost/127.0.0.1:6379
2026-09-13T11:11:57.279-04:00  WARN 29984 --- [CatalogService] [nio-8080-exec-1] o.h.engine.jdbc.spi.SqlExceptionHelper   : SQL Error: 0, SQLState: 08001
2026-09-13T11:11:57.279-04:00 ERROR 29984 --- [CatalogService] [nio-8080-exec-1] o.h.engine.jdbc.spi.SqlExceptionHelper   : HikariPool-1 - Connection is not available, request timed out after 30007ms (total=0, active=0, idle=0, waiting=0)
2026-09-13T11:11:57.279-04:00 ERROR 29984 --- [CatalogService] [nio-8080-exec-1] o.h.engine.jdbc.spi.SqlExceptionHelper   : Connection to localhost:5432 refused. Check that the hostname and port are correct and that the postmaster is accepting TCP/IP connections.
2026-09-13T11:11:57.281-04:00 ERROR 29984 --- [CatalogService] [nio-8080-exec-1] o.a.c.c.C.[.[.[/].[dispatcherServlet]    : Servlet.service() for servlet [dispatcherServlet] in context with path [] threw exception [Request processing failed: org.springframework.transaction.CannotCreateTransactionException: Could not open JPA EntityManager for transaction] with root cause

java.net.ConnectException: Connection refused: no further information
	at java.base/sun.nio.ch.Net.pollConnect(Native Method) ~[na:na]
	at java.base/sun.nio.ch.Net.pollConnectNow(Net.java:684) ~[na:na]
	at java.base/sun.nio.ch.NioSocketImpl.timedFinishConnect(NioSocketImpl.java:547) ~[na:na]
	at java.base/sun.nio.ch.NioSocketImpl.connect(NioSocketImpl.java:602) ~[na:na]
	at java.base/java.net.SocksSocketImpl.connect(SocksSocketImpl.java:327) ~[na:na]
	at java.base/java.net.Socket.connect(Socket.java:633) ~[na:na]
	at org.postgresql.core.PGStream.createSocket(PGStream.java:260) ~[postgresql-42.7.4.jar!/:42.7.4]
	at org.postgresql.core.PGStream.<init>(PGStream.java:121) ~[postgresql-42.7.4.jar!/:42.7.4]
	at org.postgresql.core.v3.ConnectionFactoryImpl.tryConnect(ConnectionFactoryImpl.java:140) ~[postgresql-42.7.4.jar!/:42.7.4]
	at org.postgresql.core.v3.ConnectionFactoryImpl.openConnectionImpl(ConnectionFactoryImpl.java:268) ~[postgresql-42.7.4.jar!/:42.7.4]
	at org.postgresql.core.ConnectionFactory.openConnection(ConnectionFactory.java:54) ~[postgresql-42.7.4.jar!/:42.7.4]
	at org.postgresql.jdbc.PgConnection.<init>(PgConnection.java:273) ~[postgresql-42.7.4.jar!/:42.7.4]
	at org.postgresql.Driver.makeConnection(Driver.java:446) ~[postgresql-42.7.4.jar!/:42.7.4]
	at org.postgresql.Driver.connect(Driver.java:298) ~[postgresql-42.7.4.jar!/:42.7.4]
	at com.zaxxer.hikari.util.DriverDataSource.getConnection(DriverDataSource.java:137) ~[HikariCP-5.1.0.jar!/:na]
	at com.zaxxer.hikari.pool.PoolBase.newConnection(PoolBase.java:360) ~[HikariCP-5.1.0.jar!/:na]
	at com.zaxxer.hikari.pool.PoolBase.newPoolEntry(PoolBase.java:202) ~[HikariCP-5.1.0.jar!/:na]
	at com.zaxxer.hikari.pool.HikariPool.createPoolEntry(HikariPool.java:461) ~[HikariCP-5.1.0.jar!/:na]
	at com.zaxxer.hikari.pool.HikariPool$PoolEntryCreator.call(HikariPool.java:724) ~[HikariCP-5.1.0.jar!/:na]
	at com.zaxxer.hikari.pool.HikariPool$PoolEntryCreator.call(HikariPool.java:703) ~[HikariCP-5.1.0.jar!/:na]
	at java.base/java.util.concurrent.FutureTask.run(FutureTask.java:264) ~[na:na]
	at java.base/java.util.concurrent.ThreadPoolExecutor.runWorker(ThreadPoolExecutor.java:1136) ~[na:na]
	at java.base/java.util.concurrent.ThreadPoolExecutor$Worker.run(ThreadPoolExecutor.java:635) ~[na:na]
	at java.base/java.lang.Thread.run(Thread.java:842) ~[na:na]

2026-09-13T11:12:01.792-04:00  INFO 29984 --- [CatalogService] [xecutorLoop-1-3] i.l.core.protocol.ConnectionWatchdog     : Reconnecting, last destination was localhost/<unresolved>:6379
2026-09-13T11:12:01.792-04:00  INFO 29984 --- [CatalogService] [xecutorLoop-1-4] i.l.core.protocol.ConnectionWatchdog     : Reconnecting, last destination was localhost/<unresolved>:6379
2026-09-13T11:12:01.793-04:00  WARN 29984 --- [CatalogService] [ioEventLoop-4-3] i.l.core.protocol.ConnectionWatchdog     : Cannot reconnect to [localhost/<unresolved>:6379]: Connection refused: no further information: localhost/127.0.0.1:6379
2026-09-13T11:12:01.794-04:00  WARN 29984 --- [CatalogService] [xecutorLoop-1-3] i.l.core.protocol.ConnectionWatchdog     : Cannot reconnect to [localhost/<unresolved>:6379]: Connection refused: no further information: localhost/127.0.0.1:6379
2026-09-13T11:12:31.851-04:00  INFO 29984 --- [CatalogService] [nio-8080-exec-6] c.m.c.service.impl.ProductServiceImpl    : Getting all products from database
2026-09-13T11:12:31.892-04:00  INFO 29984 --- [CatalogService] [xecutorLoop-1-4] i.l.core.protocol.ConnectionWatchdog     : Reconnecting, last destination was localhost/<unresolved>:6379
2026-09-13T11:12:31.892-04:00  INFO 29984 --- [CatalogService] [xecutorLoop-1-3] i.l.core.protocol.ConnectionWatchdog     : Reconnecting, last destination was localhost/<unresolved>:6379
2026-09-13T11:12:31.893-04:00  WARN 29984 --- [CatalogService] [ioEventLoop-4-1] i.l.core.protocol.ConnectionWatchdog     : Cannot reconnect to [localhost/<unresolved>:6379]: Connection refused: no further information: localhost/127.0.0.1:6379
2026-09-13T11:12:31.893-04:00  WARN 29984 --- [CatalogService] [ioEventLoop-4-2] i.l.core.protocol.ConnectionWatchdog     : Cannot reconnect to [localhost/<unresolved>:6379]: Connection refused: no further information: localhost/127.0.0.1:6379
2026-09-13T11:12:40.152-04:00  INFO 29984 --- [CatalogService] [rap-executor-%d] c.n.d.s.r.aws.ConfigClusterResolver      : Resolving eureka endpoints via configuration
2026-09-13T11:13:01.859-04:00  WARN 29984 --- [CatalogService] [nio-8080-exec-6] o.h.engine.jdbc.spi.SqlExceptionHelper   : SQL Error: 0, SQLState: 08001
2026-09-13T11:13:01.859-04:00 ERROR 29984 --- [CatalogService] [nio-8080-exec-6] o.h.engine.jdbc.spi.SqlExceptionHelper   : HikariPool-1 - Connection is not available, request timed out after 30008ms (total=0, active=0, idle=0, waiting=0)
2026-09-13T11:13:01.860-04:00 ERROR 29984 --- [CatalogService] [nio-8080-exec-6] o.h.engine.jdbc.spi.SqlExceptionHelper   : Connection to localhost:5432 refused. Check that the hostname and port are correct and that the postmaster is accepting TCP/IP connections.
2026-09-13T11:13:01.860-04:00 ERROR 29984 --- [CatalogService] [nio-8080-exec-6] o.a.c.c.C.[.[.[/].[dispatcherServlet]    : Servlet.service() for servlet [dispatcherServlet] in context with path [] threw exception [Request processing failed: org.springframework.transaction.CannotCreateTransactionException: Could not open JPA EntityManager for transaction] with root cause

java.net.ConnectException: Connection refused: no further information
	at java.base/sun.nio.ch.Net.pollConnect(Native Method) ~[na:na]
	at java.base/sun.nio.ch.Net.pollConnectNow(Net.java:684) ~[na:na]
	at java.base/sun.nio.ch.NioSocketImpl.timedFinishConnect(NioSocketImpl.java:547) ~[na:na]
	at java.base/sun.nio.ch.NioSocketImpl.connect(NioSocketImpl.java:602) ~[na:na]
	at java.base/java.net.SocksSocketImpl.connect(SocksSocketImpl.java:327) ~[na:na]
	at java.base/java.net.Socket.connect(Socket.java:633) ~[na:na]
	at org.postgresql.core.PGStream.createSocket(PGStream.java:260) ~[postgresql-42.7.4.jar!/:42.7.4]
	at org.postgresql.core.PGStream.<init>(PGStream.java:121) ~[postgresql-42.7.4.jar!/:42.7.4]
	at org.postgresql.core.v3.ConnectionFactoryImpl.tryConnect(ConnectionFactoryImpl.java:140) ~[postgresql-42.7.4.jar!/:42.7.4]
	at org.postgresql.core.v3.ConnectionFactoryImpl.openConnectionImpl(ConnectionFactoryImpl.java:268) ~[postgresql-42.7.4.jar!/:42.7.4]
	at org.postgresql.core.ConnectionFactory.openConnection(ConnectionFactory.java:54) ~[postgresql-42.7.4.jar!/:42.7.4]
	at org.postgresql.jdbc.PgConnection.<init>(PgConnection.java:273) ~[postgresql-42.7.4.jar!/:42.7.4]
	at org.postgresql.Driver.makeConnection(Driver.java:446) ~[postgresql-42.7.4.jar!/:42.7.4]
	at org.postgresql.Driver.connect(Driver.java:298) ~[postgresql-42.7.4.jar!/:42.7.4]
	at com.zaxxer.hikari.util.DriverDataSource.getConnection(DriverDataSource.java:137) ~[HikariCP-5.1.0.jar!/:na]
	at com.zaxxer.hikari.pool.PoolBase.newConnection(PoolBase.java:360) ~[HikariCP-5.1.0.jar!/:na]
	at com.zaxxer.hikari.pool.PoolBase.newPoolEntry(PoolBase.java:202) ~[HikariCP-5.1.0.jar!/:na]
	at com.zaxxer.hikari.pool.HikariPool.createPoolEntry(HikariPool.java:461) ~[HikariCP-5.1.0.jar!/:na]
	at com.zaxxer.hikari.pool.HikariPool$PoolEntryCreator.call(HikariPool.java:724) ~[HikariCP-5.1.0.jar!/:na]
	at com.zaxxer.hikari.pool.HikariPool$PoolEntryCreator.call(HikariPool.java:703) ~[HikariCP-5.1.0.jar!/:na]
	at java.base/java.util.concurrent.FutureTask.run(FutureTask.java:264) ~[na:na]
	at java.base/java.util.concurrent.ThreadPoolExecutor.runWorker(ThreadPoolExecutor.java:1136) ~[na:na]
	at java.base/java.util.concurrent.ThreadPoolExecutor$Worker.run(ThreadPoolExecutor.java:635) ~[na:na]
	at java.base/java.lang.Thread.run(Thread.java:842) ~[na:na]

2026-09-13T11:13:01.992-04:00  INFO 29984 --- [CatalogService] [xecutorLoop-1-3] i.l.core.protocol.ConnectionWatchdog     : Reconnecting, last destination was localhost/<unresolved>:6379
2026-09-13T11:13:01.992-04:00  INFO 29984 --- [CatalogService] [xecutorLoop-1-4] i.l.core.protocol.ConnectionWatchdog     : Reconnecting, last destination was localhost/<unresolved>:6379
2026-09-13T11:13:01.994-04:00  WARN 29984 --- [CatalogService] [ioEventLoop-4-4] i.l.core.protocol.ConnectionWatchdog     : Cannot reconnect to [localhost/<unresolved>:6379]: Connection refused: no further information: localhost/127.0.0.1:6379
2026-09-13T11:13:01.994-04:00  WARN 29984 --- [CatalogService] [ioEventLoop-4-3] i.l.core.protocol.ConnectionWatchdog     : Cannot reconnect to [localhost/<unresolved>:6379]: Connection refused: no further information: localhost/127.0.0.1:6379
2026-09-13T11:13:32.092-04:00  INFO 29984 --- [CatalogService] [xecutorLoop-1-3] i.l.core.protocol.ConnectionWatchdog     : Reconnecting, last destination was localhost/<unresolved>:6379
2026-09-13T11:13:32.092-04:00  INFO 29984 --- [CatalogService] [xecutorLoop-1-4] i.l.core.protocol.ConnectionWatchdog     : Reconnecting, last destination was localhost/<unresolved>:6379
2026-09-13T11:13:32.094-04:00  WARN 29984 --- [CatalogService] [ioEventLoop-4-2] i.l.core.protocol.ConnectionWatchdog     : Cannot reconnect to [localhost/<unresolved>:6379]: Connection refused: no further information: localhost/127.0.0.1:6379
2026-09-13T11:13:32.094-04:00  WARN 29984 --- [CatalogService] [ioEventLoop-4-1] i.l.core.protocol.ConnectionWatchdog     : Cannot reconnect to [localhost/<unresolved>:6379]: Connection refused: no further information: localhost/127.0.0.1:6379
2026-09-13T11:13:37.839-04:00  INFO 29984 --- [CatalogService] [nio-8080-exec-7] c.m.c.service.impl.ProductServiceImpl    : Getting all products from database
2026-09-13T11:14:02.203-04:00  INFO 29984 --- [CatalogService] [xecutorLoop-1-3] i.l.core.protocol.ConnectionWatchdog     : Reconnecting, last destination was localhost/<unresolved>:6379
2026-09-13T11:14:02.203-04:00  INFO 29984 --- [CatalogService] [xecutorLoop-1-4] i.l.core.protocol.ConnectionWatchdog     : Reconnecting, last destination was localhost/<unresolved>:6379
2026-09-13T11:14:02.206-04:00  WARN 29984 --- [CatalogService] [ioEventLoop-4-3] i.l.core.protocol.ConnectionWatchdog     : Cannot reconnect to [localhost/<unresolved>:6379]: Connection refused: no further information: localhost/127.0.0.1:6379
2026-09-13T11:14:02.206-04:00  WARN 29984 --- [CatalogService] [ioEventLoop-4-4] i.l.core.protocol.ConnectionWatchdog     : Cannot reconnect to [localhost/<unresolved>:6379]: Connection refused: no further information: localhost/127.0.0.1:6379
2026-09-13T11:14:07.916-04:00  WARN 29984 --- [CatalogService] [nio-8080-exec-7] o.h.engine.jdbc.spi.SqlExceptionHelper   : SQL Error: 0, SQLState: 08001
2026-09-13T11:14:07.970-04:00 ERROR 29984 --- [CatalogService] [nio-8080-exec-7] o.h.engine.jdbc.spi.SqlExceptionHelper   : HikariPool-1 - Connection is not available, request timed out after 30075ms (total=0, active=0, idle=0, waiting=0)
2026-09-13T11:14:07.979-04:00 ERROR 29984 --- [CatalogService] [nio-8080-exec-7] o.h.engine.jdbc.spi.SqlExceptionHelper   : Connection to localhost:5432 refused. Check that the hostname and port are correct and that the postmaster is accepting TCP/IP connections.
2026-09-13T11:14:08.051-04:00 ERROR 29984 --- [CatalogService] [nio-8080-exec-7] o.a.c.c.C.[.[.[/].[dispatcherServlet]    : Servlet.service() for servlet [dispatcherServlet] in context with path [] threw exception [Request processing failed: org.springframework.transaction.CannotCreateTransactionException: Could not open JPA EntityManager for transaction] with root cause

java.net.ConnectException: Connection refused: no further information
	at java.base/sun.nio.ch.Net.pollConnect(Native Method) ~[na:na]
	at java.base/sun.nio.ch.Net.pollConnectNow(Net.java:684) ~[na:na]
	at java.base/sun.nio.ch.NioSocketImpl.timedFinishConnect(NioSocketImpl.java:547) ~[na:na]
	at java.base/sun.nio.ch.NioSocketImpl.connect(NioSocketImpl.java:602) ~[na:na]
	at java.base/java.net.SocksSocketImpl.connect(SocksSocketImpl.java:327) ~[na:na]
	at java.base/java.net.Socket.connect(Socket.java:633) ~[na:na]
	at org.postgresql.core.PGStream.createSocket(PGStream.java:260) ~[postgresql-42.7.4.jar!/:42.7.4]
	at org.postgresql.core.PGStream.<init>(PGStream.java:121) ~[postgresql-42.7.4.jar!/:42.7.4]
	at org.postgresql.core.v3.ConnectionFactoryImpl.tryConnect(ConnectionFactoryImpl.java:140) ~[postgresql-42.7.4.jar!/:42.7.4]
	at org.postgresql.core.v3.ConnectionFactoryImpl.openConnectionImpl(ConnectionFactoryImpl.java:268) ~[postgresql-42.7.4.jar!/:42.7.4]
	at org.postgresql.core.ConnectionFactory.openConnection(ConnectionFactory.java:54) ~[postgresql-42.7.4.jar!/:42.7.4]
	at org.postgresql.jdbc.PgConnection.<init>(PgConnection.java:273) ~[postgresql-42.7.4.jar!/:42.7.4]
	at org.postgresql.Driver.makeConnection(Driver.java:446) ~[postgresql-42.7.4.jar!/:42.7.4]
	at org.postgresql.Driver.connect(Driver.java:298) ~[postgresql-42.7.4.jar!/:42.7.4]
	at com.zaxxer.hikari.util.DriverDataSource.getConnection(DriverDataSource.java:137) ~[HikariCP-5.1.0.jar!/:na]
	at com.zaxxer.hikari.pool.PoolBase.newConnection(PoolBase.java:360) ~[HikariCP-5.1.0.jar!/:na]
	at com.zaxxer.hikari.pool.PoolBase.newPoolEntry(PoolBase.java:202) ~[HikariCP-5.1.0.jar!/:na]
	at com.zaxxer.hikari.pool.HikariPool.createPoolEntry(HikariPool.java:461) ~[HikariCP-5.1.0.jar!/:na]
	at com.zaxxer.hikari.pool.HikariPool$PoolEntryCreator.call(HikariPool.java:724) ~[HikariCP-5.1.0.jar!/:na]
	at com.zaxxer.hikari.pool.HikariPool$PoolEntryCreator.call(HikariPool.java:703) ~[HikariCP-5.1.0.jar!/:na]
	at java.base/java.util.concurrent.FutureTask.run(FutureTask.java:264) ~[na:na]
	at java.base/java.util.concurrent.ThreadPoolExecutor.runWorker(ThreadPoolExecutor.java:1136) ~[na:na]
	at java.base/java.util.concurrent.ThreadPoolExecutor$Worker.run(ThreadPoolExecutor.java:635) ~[na:na]
	at java.base/java.lang.Thread.run(Thread.java:842) ~[na:na]

2026-09-13T11:14:32.291-04:00  INFO 29984 --- [CatalogService] [xecutorLoop-1-4] i.l.core.protocol.ConnectionWatchdog     : Reconnecting, last destination was localhost/<unresolved>:6379
2026-09-13T11:14:32.291-04:00  INFO 29984 --- [CatalogService] [xecutorLoop-1-3] i.l.core.protocol.ConnectionWatchdog     : Reconnecting, last destination was localhost/<unresolved>:6379
2026-09-13T11:14:32.294-04:00  WARN 29984 --- [CatalogService] [ioEventLoop-4-1] i.l.core.protocol.ConnectionWatchdog     : Cannot reconnect to [localhost/<unresolved>:6379]: Connection refused: no further information: localhost/127.0.0.1:6379
2026-09-13T11:14:32.294-04:00  WARN 29984 --- [CatalogService] [ioEventLoop-4-2] i.l.core.protocol.ConnectionWatchdog     : Cannot reconnect to [localhost/<unresolved>:6379]: Connection refused: no further information: localhost/127.0.0.1:6379
2026-09-13T11:14:42.839-04:00  INFO 29984 --- [CatalogService] [nio-8080-exec-8] c.m.c.service.impl.ProductServiceImpl    : Getting all products from database
2026-09-13T11:15:02.397-04:00  INFO 29984 --- [CatalogService] [xecutorLoop-1-4] i.l.core.protocol.ConnectionWatchdog     : Reconnecting, last destination was localhost/<unresolved>:6379
2026-09-13T11:15:02.397-04:00  INFO 29984 --- [CatalogService] [xecutorLoop-1-3] i.l.core.protocol.ConnectionWatchdog     : Reconnecting, last destination was localhost/<unresolved>:6379
2026-09-13T11:15:02.399-04:00  WARN 29984 --- [CatalogService] [ioEventLoop-4-3] i.l.core.protocol.ConnectionWatchdog     : Cannot reconnect to [localhost/<unresolved>:6379]: Connection refused: no further information: localhost/127.0.0.1:6379
2026-09-13T11:15:02.400-04:00  WARN 29984 --- [CatalogService] [ioEventLoop-4-4] i.l.core.protocol.ConnectionWatchdog     : Cannot reconnect to [localhost/<unresolved>:6379]: Connection refused: no further information: localhost/127.0.0.1:6379
2026-09-13T11:15:12.839-04:00  WARN 29984 --- [CatalogService] [nio-8080-exec-8] o.h.engine.jdbc.spi.SqlExceptionHelper   : SQL Error: 0, SQLState: 08001
2026-09-13T11:15:12.839-04:00 ERROR 29984 --- [CatalogService] [nio-8080-exec-8] o.h.engine.jdbc.spi.SqlExceptionHelper   : HikariPool-1 - Connection is not available, request timed out after 30000ms (total=0, active=0, idle=0, waiting=0)
2026-09-13T11:15:12.839-04:00 ERROR 29984 --- [CatalogService] [nio-8080-exec-8] o.h.engine.jdbc.spi.SqlExceptionHelper   : Connection to localhost:5432 refused. Check that the hostname and port are correct and that the postmaster is accepting TCP/IP connections.
2026-09-13T11:15:12.839-04:00 ERROR 29984 --- [CatalogService] [nio-8080-exec-8] o.a.c.c.C.[.[.[/].[dispatcherServlet]    : Servlet.service() for servlet [dispatcherServlet] in context with path [] threw exception [Request processing failed: org.springframework.transaction.CannotCreateTransactionException: Could not open JPA EntityManager for transaction] with root cause

java.net.ConnectException: Connection refused: no further information
	at java.base/sun.nio.ch.Net.pollConnect(Native Method) ~[na:na]
	at java.base/sun.nio.ch.Net.pollConnectNow(Net.java:684) ~[na:na]
	at java.base/sun.nio.ch.NioSocketImpl.timedFinishConnect(NioSocketImpl.java:547) ~[na:na]
	at java.base/sun.nio.ch.NioSocketImpl.connect(NioSocketImpl.java:602) ~[na:na]
	at java.base/java.net.SocksSocketImpl.connect(SocksSocketImpl.java:327) ~[na:na]
	at java.base/java.net.Socket.connect(Socket.java:633) ~[na:na]
	at org.postgresql.core.PGStream.createSocket(PGStream.java:260) ~[postgresql-42.7.4.jar!/:42.7.4]
	at org.postgresql.core.PGStream.<init>(PGStream.java:121) ~[postgresql-42.7.4.jar!/:42.7.4]
	at org.postgresql.core.v3.ConnectionFactoryImpl.tryConnect(ConnectionFactoryImpl.java:140) ~[postgresql-42.7.4.jar!/:42.7.4]
	at org.postgresql.core.v3.ConnectionFactoryImpl.openConnectionImpl(ConnectionFactoryImpl.java:268) ~[postgresql-42.7.4.jar!/:42.7.4]
	at org.postgresql.core.ConnectionFactory.openConnection(ConnectionFactory.java:54) ~[postgresql-42.7.4.jar!/:42.7.4]
	at org.postgresql.jdbc.PgConnection.<init>(PgConnection.java:273) ~[postgresql-42.7.4.jar!/:42.7.4]
	at org.postgresql.Driver.makeConnection(Driver.java:446) ~[postgresql-42.7.4.jar!/:42.7.4]
	at org.postgresql.Driver.connect(Driver.java:298) ~[postgresql-42.7.4.jar!/:42.7.4]
	at com.zaxxer.hikari.util.DriverDataSource.getConnection(DriverDataSource.java:137) ~[HikariCP-5.1.0.jar!/:na]
	at com.zaxxer.hikari.pool.PoolBase.newConnection(PoolBase.java:360) ~[HikariCP-5.1.0.jar!/:na]
	at com.zaxxer.hikari.pool.PoolBase.newPoolEntry(PoolBase.java:202) ~[HikariCP-5.1.0.jar!/:na]
	at com.zaxxer.hikari.pool.HikariPool.createPoolEntry(HikariPool.java:461) ~[HikariCP-5.1.0.jar!/:na]
	at com.zaxxer.hikari.pool.HikariPool$PoolEntryCreator.call(HikariPool.java:724) ~[HikariCP-5.1.0.jar!/:na]
	at com.zaxxer.hikari.pool.HikariPool$PoolEntryCreator.call(HikariPool.java:703) ~[HikariCP-5.1.0.jar!/:na]
	at java.base/java.util.concurrent.FutureTask.run(FutureTask.java:264) ~[na:na]
	at java.base/java.util.concurrent.ThreadPoolExecutor.runWorker(ThreadPoolExecutor.java:1136) ~[na:na]
	at java.base/java.util.concurrent.ThreadPoolExecutor$Worker.run(ThreadPoolExecutor.java:635) ~[na:na]
	at java.base/java.lang.Thread.run(Thread.java:842) ~[na:na]

2026-09-13T11:15:32.493-04:00  INFO 29984 --- [CatalogService] [xecutorLoop-1-4] i.l.core.protocol.ConnectionWatchdog     : Reconnecting, last destination was localhost/<unresolved>:6379
2026-09-13T11:15:32.493-04:00  INFO 29984 --- [CatalogService] [xecutorLoop-1-3] i.l.core.protocol.ConnectionWatchdog     : Reconnecting, last destination was localhost/<unresolved>:6379
2026-09-13T11:15:32.494-04:00  WARN 29984 --- [CatalogService] [ioEventLoop-4-2] i.l.core.protocol.ConnectionWatchdog     : Cannot reconnect to [localhost/<unresolved>:6379]: Connection refused: no further information: localhost/127.0.0.1:6379
2026-09-13T11:15:32.494-04:00  WARN 29984 --- [CatalogService] [xecutorLoop-1-4] i.l.core.protocol.ConnectionWatchdog     : Cannot reconnect to [localhost/<unresolved>:6379]: Connection refused: no further information: localhost/127.0.0.1:6379
2026-09-13T11:15:47.481-04:00  INFO 29984 --- [CatalogService] [nio-8080-exec-2] c.m.c.service.impl.ProductServiceImpl    : Getting all products from database
2026-09-13T11:16:02.593-04:00  INFO 29984 --- [CatalogService] [xecutorLoop-1-4] i.l.core.protocol.ConnectionWatchdog     : Reconnecting, last destination was localhost/<unresolved>:6379
2026-09-13T11:16:02.593-04:00  INFO 29984 --- [CatalogService] [xecutorLoop-1-3] i.l.core.protocol.ConnectionWatchdog     : Reconnecting, last destination was localhost/<unresolved>:6379
2026-09-13T11:16:02.595-04:00  WARN 29984 --- [CatalogService] [ioEventLoop-4-4] i.l.core.protocol.ConnectionWatchdog     : Cannot reconnect to [localhost/<unresolved>:6379]: Connection refused: no further information: localhost/127.0.0.1:6379
2026-09-13T11:16:02.595-04:00  WARN 29984 --- [CatalogService] [ioEventLoop-4-3] i.l.core.protocol.ConnectionWatchdog     : Cannot reconnect to [localhost/<unresolved>:6379]: Connection refused: no further information: localhost/127.0.0.1:6379
2026-09-13T11:16:17.491-04:00  WARN 29984 --- [CatalogService] [nio-8080-exec-2] o.h.engine.jdbc.spi.SqlExceptionHelper   : SQL Error: 0, SQLState: 08001
2026-09-13T11:16:17.491-04:00 ERROR 29984 --- [CatalogService] [nio-8080-exec-2] o.h.engine.jdbc.spi.SqlExceptionHelper   : HikariPool-1 - Connection is not available, request timed out after 30009ms (total=0, active=0, idle=0, waiting=0)
2026-09-13T11:16:17.492-04:00 ERROR 29984 --- [CatalogService] [nio-8080-exec-2] o.h.engine.jdbc.spi.SqlExceptionHelper   : Connection to localhost:5432 refused. Check that the hostname and port are correct and that the postmaster is accepting TCP/IP connections.
2026-09-13T11:16:17.492-04:00 ERROR 29984 --- [CatalogService] [nio-8080-exec-2] o.a.c.c.C.[.[.[/].[dispatcherServlet]    : Servlet.service() for servlet [dispatcherServlet] in context with path [] threw exception [Request processing failed: org.springframework.transaction.CannotCreateTransactionException: Could not open JPA EntityManager for transaction] with root cause

java.net.ConnectException: Connection refused: no further information
	at java.base/sun.nio.ch.Net.pollConnect(Native Method) ~[na:na]
	at java.base/sun.nio.ch.Net.pollConnectNow(Net.java:684) ~[na:na]
	at java.base/sun.nio.ch.NioSocketImpl.timedFinishConnect(NioSocketImpl.java:547) ~[na:na]
	at java.base/sun.nio.ch.NioSocketImpl.connect(NioSocketImpl.java:602) ~[na:na]
	at java.base/java.net.SocksSocketImpl.connect(SocksSocketImpl.java:327) ~[na:na]
	at java.base/java.net.Socket.connect(Socket.java:633) ~[na:na]
	at org.postgresql.core.PGStream.createSocket(PGStream.java:260) ~[postgresql-42.7.4.jar!/:42.7.4]
	at org.postgresql.core.PGStream.<init>(PGStream.java:121) ~[postgresql-42.7.4.jar!/:42.7.4]
	at org.postgresql.core.v3.ConnectionFactoryImpl.tryConnect(ConnectionFactoryImpl.java:140) ~[postgresql-42.7.4.jar!/:42.7.4]
	at org.postgresql.core.v3.ConnectionFactoryImpl.openConnectionImpl(ConnectionFactoryImpl.java:268) ~[postgresql-42.7.4.jar!/:42.7.4]
	at org.postgresql.core.ConnectionFactory.openConnection(ConnectionFactory.java:54) ~[postgresql-42.7.4.jar!/:42.7.4]
	at org.postgresql.jdbc.PgConnection.<init>(PgConnection.java:273) ~[postgresql-42.7.4.jar!/:42.7.4]
	at org.postgresql.Driver.makeConnection(Driver.java:446) ~[postgresql-42.7.4.jar!/:42.7.4]
	at org.postgresql.Driver.connect(Driver.java:298) ~[postgresql-42.7.4.jar!/:42.7.4]
	at com.zaxxer.hikari.util.DriverDataSource.getConnection(DriverDataSource.java:137) ~[HikariCP-5.1.0.jar!/:na]
	at com.zaxxer.hikari.pool.PoolBase.newConnection(PoolBase.java:360) ~[HikariCP-5.1.0.jar!/:na]
	at com.zaxxer.hikari.pool.PoolBase.newPoolEntry(PoolBase.java:202) ~[HikariCP-5.1.0.jar!/:na]
	at com.zaxxer.hikari.pool.HikariPool.createPoolEntry(HikariPool.java:461) ~[HikariCP-5.1.0.jar!/:na]
	at com.zaxxer.hikari.pool.HikariPool$PoolEntryCreator.call(HikariPool.java:724) ~[HikariCP-5.1.0.jar!/:na]
	at com.zaxxer.hikari.pool.HikariPool$PoolEntryCreator.call(HikariPool.java:703) ~[HikariCP-5.1.0.jar!/:na]
	at java.base/java.util.concurrent.FutureTask.run(FutureTask.java:264) ~[na:na]
	at java.base/java.util.concurrent.ThreadPoolExecutor.runWorker(ThreadPoolExecutor.java:1136) ~[na:na]
	at java.base/java.util.concurrent.ThreadPoolExecutor$Worker.run(ThreadPoolExecutor.java:635) ~[na:na]
	at java.base/java.lang.Thread.run(Thread.java:842) ~[na:na]

2026-09-13T11:16:32.694-04:00  INFO 29984 --- [CatalogService] [xecutorLoop-1-4] i.l.core.protocol.ConnectionWatchdog     : Reconnecting, last destination was localhost/<unresolved>:6379
2026-09-13T11:16:32.695-04:00  INFO 29984 --- [CatalogService] [xecutorLoop-1-3] i.l.core.protocol.ConnectionWatchdog     : Reconnecting, last destination was localhost/<unresolved>:6379
2026-09-13T11:16:32.698-04:00  WARN 29984 --- [CatalogService] [ioEventLoop-4-1] i.l.core.protocol.ConnectionWatchdog     : Cannot reconnect to [localhost/<unresolved>:6379]: Connection refused: no further information: localhost/127.0.0.1:6379
2026-09-13T11:16:32.700-04:00  WARN 29984 --- [CatalogService] [xecutorLoop-1-4] i.l.core.protocol.ConnectionWatchdog     : Cannot reconnect to [localhost/<unresolved>:6379]: Connection refused: no further information: localhost/127.0.0.1:6379
2026-09-13T11:16:52.134-04:00  INFO 29984 --- [CatalogService] [nio-8080-exec-3] c.m.c.service.impl.ProductServiceImpl    : Getting all products from database
2026-09-13T11:17:02.792-04:00  INFO 29984 --- [CatalogService] [xecutorLoop-1-4] i.l.core.protocol.ConnectionWatchdog     : Reconnecting, last destination was localhost/<unresolved>:6379
2026-09-13T11:17:02.792-04:00  INFO 29984 --- [CatalogService] [xecutorLoop-1-3] i.l.core.protocol.ConnectionWatchdog     : Reconnecting, last destination was localhost/<unresolved>:6379
2026-09-13T11:17:02.793-04:00  WARN 29984 --- [CatalogService] [ioEventLoop-4-3] i.l.core.protocol.ConnectionWatchdog     : Cannot reconnect to [localhost/<unresolved>:6379]: Connection refused: no further information: localhost/127.0.0.1:6379
2026-09-13T11:17:02.793-04:00  WARN 29984 --- [CatalogService] [ioEventLoop-4-4] i.l.core.protocol.ConnectionWatchdog     : Cannot reconnect to [localhost/<unresolved>:6379]: Connection refused: no further information: localhost/127.0.0.1:6379
2026-09-13T11:17:22.149-04:00  WARN 29984 --- [CatalogService] [nio-8080-exec-3] o.h.engine.jdbc.spi.SqlExceptionHelper   : SQL Error: 0, SQLState: 08001
2026-09-13T11:17:22.150-04:00 ERROR 29984 --- [CatalogService] [nio-8080-exec-3] o.h.engine.jdbc.spi.SqlExceptionHelper   : HikariPool-1 - Connection is not available, request timed out after 30013ms (total=0, active=0, idle=0, waiting=0)
2026-09-13T11:17:22.150-04:00 ERROR 29984 --- [CatalogService] [nio-8080-exec-3] o.h.engine.jdbc.spi.SqlExceptionHelper   : Connection to localhost:5432 refused. Check that the hostname and port are correct and that the postmaster is accepting TCP/IP connections.
2026-09-13T11:17:22.151-04:00 ERROR 29984 --- [CatalogService] [nio-8080-exec-3] o.a.c.c.C.[.[.[/].[dispatcherServlet]    : Servlet.service() for servlet [dispatcherServlet] in context with path [] threw exception [Request processing failed: org.springframework.transaction.CannotCreateTransactionException: Could not open JPA EntityManager for transaction] with root cause

java.net.ConnectException: Connection refused: no further information
	at java.base/sun.nio.ch.Net.pollConnect(Native Method) ~[na:na]
	at java.base/sun.nio.ch.Net.pollConnectNow(Net.java:684) ~[na:na]
	at java.base/sun.nio.ch.NioSocketImpl.timedFinishConnect(NioSocketImpl.java:547) ~[na:na]
	at java.base/sun.nio.ch.NioSocketImpl.connect(NioSocketImpl.java:602) ~[na:na]
	at java.base/java.net.SocksSocketImpl.connect(SocksSocketImpl.java:327) ~[na:na]
	at java.base/java.net.Socket.connect(Socket.java:633) ~[na:na]
	at org.postgresql.core.PGStream.createSocket(PGStream.java:260) ~[postgresql-42.7.4.jar!/:42.7.4]
	at org.postgresql.core.PGStream.<init>(PGStream.java:121) ~[postgresql-42.7.4.jar!/:42.7.4]
	at org.postgresql.core.v3.ConnectionFactoryImpl.tryConnect(ConnectionFactoryImpl.java:140) ~[postgresql-42.7.4.jar!/:42.7.4]
	at org.postgresql.core.v3.ConnectionFactoryImpl.openConnectionImpl(ConnectionFactoryImpl.java:268) ~[postgresql-42.7.4.jar!/:42.7.4]
	at org.postgresql.core.ConnectionFactory.openConnection(ConnectionFactory.java:54) ~[postgresql-42.7.4.jar!/:42.7.4]
	at org.postgresql.jdbc.PgConnection.<init>(PgConnection.java:273) ~[postgresql-42.7.4.jar!/:42.7.4]
	at org.postgresql.Driver.makeConnection(Driver.java:446) ~[postgresql-42.7.4.jar!/:42.7.4]
	at org.postgresql.Driver.connect(Driver.java:298) ~[postgresql-42.7.4.jar!/:42.7.4]
	at com.zaxxer.hikari.util.DriverDataSource.getConnection(DriverDataSource.java:137) ~[HikariCP-5.1.0.jar!/:na]
	at com.zaxxer.hikari.pool.PoolBase.newConnection(PoolBase.java:360) ~[HikariCP-5.1.0.jar!/:na]
	at com.zaxxer.hikari.pool.PoolBase.newPoolEntry(PoolBase.java:202) ~[HikariCP-5.1.0.jar!/:na]
	at com.zaxxer.hikari.pool.HikariPool.createPoolEntry(HikariPool.java:461) ~[HikariCP-5.1.0.jar!/:na]
	at com.zaxxer.hikari.pool.HikariPool$PoolEntryCreator.call(HikariPool.java:724) ~[HikariCP-5.1.0.jar!/:na]
	at com.zaxxer.hikari.pool.HikariPool$PoolEntryCreator.call(HikariPool.java:703) ~[HikariCP-5.1.0.jar!/:na]
	at java.base/java.util.concurrent.FutureTask.run(FutureTask.java:264) ~[na:na]
	at java.base/java.util.concurrent.ThreadPoolExecutor.runWorker(ThreadPoolExecutor.java:1136) ~[na:na]
	at java.base/java.util.concurrent.ThreadPoolExecutor$Worker.run(ThreadPoolExecutor.java:635) ~[na:na]
	at java.base/java.lang.Thread.run(Thread.java:842) ~[na:na]

2026-09-13T11:17:32.893-04:00  INFO 29984 --- [CatalogService] [xecutorLoop-1-4] i.l.core.protocol.ConnectionWatchdog     : Reconnecting, last destination was localhost/<unresolved>:6379
2026-09-13T11:17:32.893-04:00  INFO 29984 --- [CatalogService] [xecutorLoop-1-3] i.l.core.protocol.ConnectionWatchdog     : Reconnecting, last destination was localhost/<unresolved>:6379
2026-09-13T11:17:32.895-04:00  WARN 29984 --- [CatalogService] [ioEventLoop-4-2] i.l.core.protocol.ConnectionWatchdog     : Cannot reconnect to [localhost/<unresolved>:6379]: Connection refused: no further information: localhost/127.0.0.1:6379
2026-09-13T11:17:32.895-04:00  WARN 29984 --- [CatalogService] [ioEventLoop-4-1] i.l.core.protocol.ConnectionWatchdog     : Cannot reconnect to [localhost/<unresolved>:6379]: Connection refused: no further information: localhost/127.0.0.1:6379
2026-09-13T11:17:40.162-04:00  INFO 29984 --- [CatalogService] [rap-executor-%d] c.n.d.s.r.aws.ConfigClusterResolver      : Resolving eureka endpoints via configuration
2026-09-13T11:17:56.763-04:00  INFO 29984 --- [CatalogService] [nio-8080-exec-9] c.m.c.service.impl.ProductServiceImpl    : Getting all products from database
2026-09-13T11:18:03.000-04:00  INFO 29984 --- [CatalogService] [xecutorLoop-1-4] i.l.core.protocol.ConnectionWatchdog     : Reconnecting, last destination was localhost/<unresolved>:6379
2026-09-13T11:18:03.000-04:00  INFO 29984 --- [CatalogService] [xecutorLoop-1-3] i.l.core.protocol.ConnectionWatchdog     : Reconnecting, last destination was localhost/<unresolved>:6379
2026-09-13T11:18:03.002-04:00  WARN 29984 --- [CatalogService] [ioEventLoop-4-3] i.l.core.protocol.ConnectionWatchdog     : Cannot reconnect to [localhost/<unresolved>:6379]: Connection refused: no further information: localhost/127.0.0.1:6379
2026-09-13T11:18:03.002-04:00  WARN 29984 --- [CatalogService] [ioEventLoop-4-4] i.l.core.protocol.ConnectionWatchdog     : Cannot reconnect to [localhost/<unresolved>:6379]: Connection refused: no further information: localhost/127.0.0.1:6379
2026-09-13T11:18:26.770-04:00  WARN 29984 --- [CatalogService] [nio-8080-exec-9] o.h.engine.jdbc.spi.SqlExceptionHelper   : SQL Error: 0, SQLState: 08001
2026-09-13T11:18:26.771-04:00 ERROR 29984 --- [CatalogService] [nio-8080-exec-9] o.h.engine.jdbc.spi.SqlExceptionHelper   : HikariPool-1 - Connection is not available, request timed out after 30006ms (total=0, active=0, idle=0, waiting=0)
2026-09-13T11:18:26.771-04:00 ERROR 29984 --- [CatalogService] [nio-8080-exec-9] o.h.engine.jdbc.spi.SqlExceptionHelper   : Connection to localhost:5432 refused. Check that the hostname and port are correct and that the postmaster is accepting TCP/IP connections.
2026-09-13T11:18:26.773-04:00 ERROR 29984 --- [CatalogService] [nio-8080-exec-9] o.a.c.c.C.[.[.[/].[dispatcherServlet]    : Servlet.service() for servlet [dispatcherServlet] in context with path [] threw exception [Request processing failed: org.springframework.transaction.CannotCreateTransactionException: Could not open JPA EntityManager for transaction] with root cause

java.net.ConnectException: Connection refused: no further information
	at java.base/sun.nio.ch.Net.pollConnect(Native Method) ~[na:na]
	at java.base/sun.nio.ch.Net.pollConnectNow(Net.java:684) ~[na:na]
	at java.base/sun.nio.ch.NioSocketImpl.timedFinishConnect(NioSocketImpl.java:547) ~[na:na]
	at java.base/sun.nio.ch.NioSocketImpl.connect(NioSocketImpl.java:602) ~[na:na]
	at java.base/java.net.SocksSocketImpl.connect(SocksSocketImpl.java:327) ~[na:na]
	at java.base/java.net.Socket.connect(Socket.java:633) ~[na:na]
	at org.postgresql.core.PGStream.createSocket(PGStream.java:260) ~[postgresql-42.7.4.jar!/:42.7.4]
	at org.postgresql.core.PGStream.<init>(PGStream.java:121) ~[postgresql-42.7.4.jar!/:42.7.4]
	at org.postgresql.core.v3.ConnectionFactoryImpl.tryConnect(ConnectionFactoryImpl.java:140) ~[postgresql-42.7.4.jar!/:42.7.4]
	at org.postgresql.core.v3.ConnectionFactoryImpl.openConnectionImpl(ConnectionFactoryImpl.java:268) ~[postgresql-42.7.4.jar!/:42.7.4]
	at org.postgresql.core.ConnectionFactory.openConnection(ConnectionFactory.java:54) ~[postgresql-42.7.4.jar!/:42.7.4]
	at org.postgresql.jdbc.PgConnection.<init>(PgConnection.java:273) ~[postgresql-42.7.4.jar!/:42.7.4]
	at org.postgresql.Driver.makeConnection(Driver.java:446) ~[postgresql-42.7.4.jar!/:42.7.4]
	at org.postgresql.Driver.connect(Driver.java:298) ~[postgresql-42.7.4.jar!/:42.7.4]
	at com.zaxxer.hikari.util.DriverDataSource.getConnection(DriverDataSource.java:137) ~[HikariCP-5.1.0.jar!/:na]
	at com.zaxxer.hikari.pool.PoolBase.newConnection(PoolBase.java:360) ~[HikariCP-5.1.0.jar!/:na]
	at com.zaxxer.hikari.pool.PoolBase.newPoolEntry(PoolBase.java:202) ~[HikariCP-5.1.0.jar!/:na]
	at com.zaxxer.hikari.pool.HikariPool.createPoolEntry(HikariPool.java:461) ~[HikariCP-5.1.0.jar!/:na]
	at com.zaxxer.hikari.pool.HikariPool$PoolEntryCreator.call(HikariPool.java:724) ~[HikariCP-5.1.0.jar!/:na]
	at com.zaxxer.hikari.pool.HikariPool$PoolEntryCreator.call(HikariPool.java:703) ~[HikariCP-5.1.0.jar!/:na]
	at java.base/java.util.concurrent.FutureTask.run(FutureTask.java:264) ~[na:na]
	at java.base/java.util.concurrent.ThreadPoolExecutor.runWorker(ThreadPoolExecutor.java:1136) ~[na:na]
	at java.base/java.util.concurrent.ThreadPoolExecutor$Worker.run(ThreadPoolExecutor.java:635) ~[na:na]
	at java.base/java.lang.Thread.run(Thread.java:842) ~[na:na]

2026-09-13T11:18:33.101-04:00  INFO 29984 --- [CatalogService] [xecutorLoop-1-3] i.l.core.protocol.ConnectionWatchdog     : Reconnecting, last destination was localhost/<unresolved>:6379
2026-09-13T11:18:33.101-04:00  INFO 29984 --- [CatalogService] [xecutorLoop-1-4] i.l.core.protocol.ConnectionWatchdog     : Reconnecting, last destination was localhost/<unresolved>:6379
2026-09-13T11:18:33.106-04:00  WARN 29984 --- [CatalogService] [ioEventLoop-4-2] i.l.core.protocol.ConnectionWatchdog     : Cannot reconnect to [localhost/<unresolved>:6379]: Connection refused: no further information: localhost/127.0.0.1:6379
2026-09-13T11:18:33.107-04:00  WARN 29984 --- [CatalogService] [ioEventLoop-4-1] i.l.core.protocol.ConnectionWatchdog     : Cannot reconnect to [localhost/<unresolved>:6379]: Connection refused: no further information: localhost/127.0.0.1:6379
2026-09-13T11:19:01.692-04:00  INFO 29984 --- [CatalogService] [nio-8080-exec-8] c.m.c.service.impl.ProductServiceImpl    : Getting all products from database
2026-09-13T11:19:03.196-04:00  INFO 29984 --- [CatalogService] [xecutorLoop-1-3] i.l.core.protocol.ConnectionWatchdog     : Reconnecting, last destination was localhost/<unresolved>:6379
2026-09-13T11:19:03.196-04:00  INFO 29984 --- [CatalogService] [xecutorLoop-1-4] i.l.core.protocol.ConnectionWatchdog     : Reconnecting, last destination was localhost/<unresolved>:6379
2026-09-13T11:19:03.198-04:00  WARN 29984 --- [CatalogService] [ioEventLoop-4-4] i.l.core.protocol.ConnectionWatchdog     : Cannot reconnect to [localhost/<unresolved>:6379]: Connection refused: no further information: localhost/127.0.0.1:6379
2026-09-13T11:19:03.198-04:00  WARN 29984 --- [CatalogService] [ioEventLoop-4-3] i.l.core.protocol.ConnectionWatchdog     : Cannot reconnect to [localhost/<unresolved>:6379]: Connection refused: no further information: localhost/127.0.0.1:6379
2026-09-13T11:19:31.696-04:00  WARN 29984 --- [CatalogService] [nio-8080-exec-8] o.h.engine.jdbc.spi.SqlExceptionHelper   : SQL Error: 0, SQLState: 08001
2026-09-13T11:19:31.696-04:00 ERROR 29984 --- [CatalogService] [nio-8080-exec-8] o.h.engine.jdbc.spi.SqlExceptionHelper   : HikariPool-1 - Connection is not available, request timed out after 30003ms (total=0, active=0, idle=0, waiting=0)
2026-09-13T11:19:31.696-04:00 ERROR 29984 --- [CatalogService] [nio-8080-exec-8] o.h.engine.jdbc.spi.SqlExceptionHelper   : Connection to localhost:5432 refused. Check that the hostname and port are correct and that the postmaster is accepting TCP/IP connections.
2026-09-13T11:19:31.697-04:00 ERROR 29984 --- [CatalogService] [nio-8080-exec-8] o.a.c.c.C.[.[.[/].[dispatcherServlet]    : Servlet.service() for servlet [dispatcherServlet] in context with path [] threw exception [Request processing failed: org.springframework.transaction.CannotCreateTransactionException: Could not open JPA EntityManager for transaction] with root cause

java.net.ConnectException: Connection refused: no further information
	at java.base/sun.nio.ch.Net.pollConnect(Native Method) ~[na:na]
	at java.base/sun.nio.ch.Net.pollConnectNow(Net.java:684) ~[na:na]
	at java.base/sun.nio.ch.NioSocketImpl.timedFinishConnect(NioSocketImpl.java:547) ~[na:na]
	at java.base/sun.nio.ch.NioSocketImpl.connect(NioSocketImpl.java:602) ~[na:na]
	at java.base/java.net.SocksSocketImpl.connect(SocksSocketImpl.java:327) ~[na:na]
	at java.base/java.net.Socket.connect(Socket.java:633) ~[na:na]
	at org.postgresql.core.PGStream.createSocket(PGStream.java:260) ~[postgresql-42.7.4.jar!/:42.7.4]
	at org.postgresql.core.PGStream.<init>(PGStream.java:121) ~[postgresql-42.7.4.jar!/:42.7.4]
	at org.postgresql.core.v3.ConnectionFactoryImpl.tryConnect(ConnectionFactoryImpl.java:140) ~[postgresql-42.7.4.jar!/:42.7.4]
	at org.postgresql.core.v3.ConnectionFactoryImpl.openConnectionImpl(ConnectionFactoryImpl.java:268) ~[postgresql-42.7.4.jar!/:42.7.4]
	at org.postgresql.core.ConnectionFactory.openConnection(ConnectionFactory.java:54) ~[postgresql-42.7.4.jar!/:42.7.4]
	at org.postgresql.jdbc.PgConnection.<init>(PgConnection.java:273) ~[postgresql-42.7.4.jar!/:42.7.4]
	at org.postgresql.Driver.makeConnection(Driver.java:446) ~[postgresql-42.7.4.jar!/:42.7.4]
	at org.postgresql.Driver.connect(Driver.java:298) ~[postgresql-42.7.4.jar!/:42.7.4]
	at com.zaxxer.hikari.util.DriverDataSource.getConnection(DriverDataSource.java:137) ~[HikariCP-5.1.0.jar!/:na]
	at com.zaxxer.hikari.pool.PoolBase.newConnection(PoolBase.java:360) ~[HikariCP-5.1.0.jar!/:na]
	at com.zaxxer.hikari.pool.PoolBase.newPoolEntry(PoolBase.java:202) ~[HikariCP-5.1.0.jar!/:na]
	at com.zaxxer.hikari.pool.HikariPool.createPoolEntry(HikariPool.java:461) ~[HikariCP-5.1.0.jar!/:na]
	at com.zaxxer.hikari.pool.HikariPool$PoolEntryCreator.call(HikariPool.java:724) ~[HikariCP-5.1.0.jar!/:na]
	at com.zaxxer.hikari.pool.HikariPool$PoolEntryCreator.call(HikariPool.java:703) ~[HikariCP-5.1.0.jar!/:na]
	at java.base/java.util.concurrent.FutureTask.run(FutureTask.java:264) ~[na:na]
	at java.base/java.util.concurrent.ThreadPoolExecutor.runWorker(ThreadPoolExecutor.java:1136) ~[na:na]
	at java.base/java.util.concurrent.ThreadPoolExecutor$Worker.run(ThreadPoolExecutor.java:635) ~[na:na]
	at java.base/java.lang.Thread.run(Thread.java:842) ~[na:na]

2026-09-13T11:19:33.292-04:00  INFO 29984 --- [CatalogService] [xecutorLoop-1-3] i.l.core.protocol.ConnectionWatchdog     : Reconnecting, last destination was localhost/<unresolved>:6379
2026-09-13T11:19:33.292-04:00  INFO 29984 --- [CatalogService] [xecutorLoop-1-4] i.l.core.protocol.ConnectionWatchdog     : Reconnecting, last destination was localhost/<unresolved>:6379
2026-09-13T11:19:33.294-04:00  WARN 29984 --- [CatalogService] [ioEventLoop-4-1] i.l.core.protocol.ConnectionWatchdog     : Cannot reconnect to [localhost/<unresolved>:6379]: Connection refused: no further information: localhost/127.0.0.1:6379
2026-09-13T11:19:33.294-04:00  WARN 29984 --- [CatalogService] [ioEventLoop-4-2] i.l.core.protocol.ConnectionWatchdog     : Cannot reconnect to [localhost/<unresolved>:6379]: Connection refused: no further information: localhost/127.0.0.1:6379
2026-09-13T11:20:03.399-04:00  INFO 29984 --- [CatalogService] [xecutorLoop-1-3] i.l.core.protocol.ConnectionWatchdog     : Reconnecting, last destination was localhost/<unresolved>:6379
2026-09-13T11:20:03.399-04:00  INFO 29984 --- [CatalogService] [xecutorLoop-1-4] i.l.core.protocol.ConnectionWatchdog     : Reconnecting, last destination was localhost/<unresolved>:6379
2026-09-13T11:20:03.402-04:00  WARN 29984 --- [CatalogService] [ioEventLoop-4-4] i.l.core.protocol.ConnectionWatchdog     : Cannot reconnect to [localhost/<unresolved>:6379]: Connection refused: no further information: localhost/127.0.0.1:6379
2026-09-13T11:20:03.402-04:00  WARN 29984 --- [CatalogService] [ioEventLoop-4-3] i.l.core.protocol.ConnectionWatchdog     : Cannot reconnect to [localhost/<unresolved>:6379]: Connection refused: no further information: localhost/127.0.0.1:6379
2026-09-13T11:20:06.337-04:00  INFO 29984 --- [CatalogService] [nio-8080-exec-2] c.m.c.service.impl.ProductServiceImpl    : Getting all products from database
2026-09-13T11:20:33.498-04:00  INFO 29984 --- [CatalogService] [xecutorLoop-1-3] i.l.core.protocol.ConnectionWatchdog     : Reconnecting, last destination was localhost/<unresolved>:6379
2026-09-13T11:20:33.499-04:00  INFO 29984 --- [CatalogService] [xecutorLoop-1-4] i.l.core.protocol.ConnectionWatchdog     : Reconnecting, last destination was localhost/<unresolved>:6379
2026-09-13T11:20:33.500-04:00  WARN 29984 --- [CatalogService] [ioEventLoop-4-1] i.l.core.protocol.ConnectionWatchdog     : Cannot reconnect to [localhost/<unresolved>:6379]: Connection refused: no further information: localhost/127.0.0.1:6379
2026-09-13T11:20:33.500-04:00  WARN 29984 --- [CatalogService] [ioEventLoop-4-2] i.l.core.protocol.ConnectionWatchdog     : Cannot reconnect to [localhost/<unresolved>:6379]: Connection refused: no further information: localhost/127.0.0.1:6379
2026-09-13T11:20:36.340-04:00  WARN 29984 --- [CatalogService] [nio-8080-exec-2] o.h.engine.jdbc.spi.SqlExceptionHelper   : SQL Error: 0, SQLState: 08001
2026-09-13T11:20:36.340-04:00 ERROR 29984 --- [CatalogService] [nio-8080-exec-2] o.h.engine.jdbc.spi.SqlExceptionHelper   : HikariPool-1 - Connection is not available, request timed out after 30002ms (total=0, active=0, idle=0, waiting=0)
2026-09-13T11:20:36.340-04:00 ERROR 29984 --- [CatalogService] [nio-8080-exec-2] o.h.engine.jdbc.spi.SqlExceptionHelper   : Connection to localhost:5432 refused. Check that the hostname and port are correct and that the postmaster is accepting TCP/IP connections.
2026-09-13T11:20:36.342-04:00 ERROR 29984 --- [CatalogService] [nio-8080-exec-2] o.a.c.c.C.[.[.[/].[dispatcherServlet]    : Servlet.service() for servlet [dispatcherServlet] in context with path [] threw exception [Request processing failed: org.springframework.transaction.CannotCreateTransactionException: Could not open JPA EntityManager for transaction] with root cause

java.net.ConnectException: Connection refused: no further information
	at java.base/sun.nio.ch.Net.pollConnect(Native Method) ~[na:na]
	at java.base/sun.nio.ch.Net.pollConnectNow(Net.java:684) ~[na:na]
	at java.base/sun.nio.ch.NioSocketImpl.timedFinishConnect(NioSocketImpl.java:547) ~[na:na]
	at java.base/sun.nio.ch.NioSocketImpl.connect(NioSocketImpl.java:602) ~[na:na]
	at java.base/java.net.SocksSocketImpl.connect(SocksSocketImpl.java:327) ~[na:na]
	at java.base/java.net.Socket.connect(Socket.java:633) ~[na:na]
	at org.postgresql.core.PGStream.createSocket(PGStream.java:260) ~[postgresql-42.7.4.jar!/:42.7.4]
	at org.postgresql.core.PGStream.<init>(PGStream.java:121) ~[postgresql-42.7.4.jar!/:42.7.4]
	at org.postgresql.core.v3.ConnectionFactoryImpl.tryConnect(ConnectionFactoryImpl.java:140) ~[postgresql-42.7.4.jar!/:42.7.4]
	at org.postgresql.core.v3.ConnectionFactoryImpl.openConnectionImpl(ConnectionFactoryImpl.java:268) ~[postgresql-42.7.4.jar!/:42.7.4]
	at org.postgresql.core.ConnectionFactory.openConnection(ConnectionFactory.java:54) ~[postgresql-42.7.4.jar!/:42.7.4]
	at org.postgresql.jdbc.PgConnection.<init>(PgConnection.java:273) ~[postgresql-42.7.4.jar!/:42.7.4]
	at org.postgresql.Driver.makeConnection(Driver.java:446) ~[postgresql-42.7.4.jar!/:42.7.4]
	at org.postgresql.Driver.connect(Driver.java:298) ~[postgresql-42.7.4.jar!/:42.7.4]
	at com.zaxxer.hikari.util.DriverDataSource.getConnection(DriverDataSource.java:137) ~[HikariCP-5.1.0.jar!/:na]
	at com.zaxxer.hikari.pool.PoolBase.newConnection(PoolBase.java:360) ~[HikariCP-5.1.0.jar!/:na]
	at com.zaxxer.hikari.pool.PoolBase.newPoolEntry(PoolBase.java:202) ~[HikariCP-5.1.0.jar!/:na]
	at com.zaxxer.hikari.pool.HikariPool.createPoolEntry(HikariPool.java:461) ~[HikariCP-5.1.0.jar!/:na]
	at com.zaxxer.hikari.pool.HikariPool$PoolEntryCreator.call(HikariPool.java:724) ~[HikariCP-5.1.0.jar!/:na]
	at com.zaxxer.hikari.pool.HikariPool$PoolEntryCreator.call(HikariPool.java:703) ~[HikariCP-5.1.0.jar!/:na]
	at java.base/java.util.concurrent.FutureTask.run(FutureTask.java:264) ~[na:na]
	at java.base/java.util.concurrent.ThreadPoolExecutor.runWorker(ThreadPoolExecutor.java:1136) ~[na:na]
	at java.base/java.util.concurrent.ThreadPoolExecutor$Worker.run(ThreadPoolExecutor.java:635) ~[na:na]
	at java.base/java.lang.Thread.run(Thread.java:842) ~[na:na]

2026-09-13T11:20:45.631-04:00  INFO 29984 --- [CatalogService] [nio-8080-exec-6] c.m.c.service.impl.ProductServiceImpl    : Getting all products from database
2026-09-13T11:21:03.593-04:00  INFO 29984 --- [CatalogService] [xecutorLoop-1-3] i.l.core.protocol.ConnectionWatchdog     : Reconnecting, last destination was localhost/<unresolved>:6379
2026-09-13T11:21:03.593-04:00  INFO 29984 --- [CatalogService] [xecutorLoop-1-4] i.l.core.protocol.ConnectionWatchdog     : Reconnecting, last destination was localhost/<unresolved>:6379
2026-09-13T11:21:03.594-04:00  WARN 29984 --- [CatalogService] [ioEventLoop-4-4] i.l.core.protocol.ConnectionWatchdog     : Cannot reconnect to [localhost/<unresolved>:6379]: Connection refused: no further information: localhost/127.0.0.1:6379
2026-09-13T11:21:03.594-04:00  WARN 29984 --- [CatalogService] [ioEventLoop-4-3] i.l.core.protocol.ConnectionWatchdog     : Cannot reconnect to [localhost/<unresolved>:6379]: Connection refused: no further information: localhost/127.0.0.1:6379
2026-09-13T11:21:11.057-04:00  INFO 29984 --- [CatalogService] [nio-8080-exec-7] c.m.c.service.impl.ProductServiceImpl    : Getting all products from database
2026-09-13T11:21:15.645-04:00  WARN 29984 --- [CatalogService] [nio-8080-exec-6] o.h.engine.jdbc.spi.SqlExceptionHelper   : SQL Error: 0, SQLState: 08001
2026-09-13T11:21:15.645-04:00 ERROR 29984 --- [CatalogService] [nio-8080-exec-6] o.h.engine.jdbc.spi.SqlExceptionHelper   : HikariPool-1 - Connection is not available, request timed out after 30011ms (total=0, active=0, idle=0, waiting=1)
2026-09-13T11:21:15.645-04:00 ERROR 29984 --- [CatalogService] [nio-8080-exec-6] o.h.engine.jdbc.spi.SqlExceptionHelper   : Connection to localhost:5432 refused. Check that the hostname and port are correct and that the postmaster is accepting TCP/IP connections.
2026-09-13T11:21:15.646-04:00 ERROR 29984 --- [CatalogService] [nio-8080-exec-6] o.a.c.c.C.[.[.[/].[dispatcherServlet]    : Servlet.service() for servlet [dispatcherServlet] in context with path [] threw exception [Request processing failed: org.springframework.transaction.CannotCreateTransactionException: Could not open JPA EntityManager for transaction] with root cause

java.net.ConnectException: Connection refused: no further information
	at java.base/sun.nio.ch.Net.pollConnect(Native Method) ~[na:na]
	at java.base/sun.nio.ch.Net.pollConnectNow(Net.java:684) ~[na:na]
	at java.base/sun.nio.ch.NioSocketImpl.timedFinishConnect(NioSocketImpl.java:547) ~[na:na]
	at java.base/sun.nio.ch.NioSocketImpl.connect(NioSocketImpl.java:602) ~[na:na]
	at java.base/java.net.SocksSocketImpl.connect(SocksSocketImpl.java:327) ~[na:na]
	at java.base/java.net.Socket.connect(Socket.java:633) ~[na:na]
	at org.postgresql.core.PGStream.createSocket(PGStream.java:260) ~[postgresql-42.7.4.jar!/:42.7.4]
	at org.postgresql.core.PGStream.<init>(PGStream.java:121) ~[postgresql-42.7.4.jar!/:42.7.4]
	at org.postgresql.core.v3.ConnectionFactoryImpl.tryConnect(ConnectionFactoryImpl.java:140) ~[postgresql-42.7.4.jar!/:42.7.4]
	at org.postgresql.core.v3.ConnectionFactoryImpl.openConnectionImpl(ConnectionFactoryImpl.java:268) ~[postgresql-42.7.4.jar!/:42.7.4]
	at org.postgresql.core.ConnectionFactory.openConnection(ConnectionFactory.java:54) ~[postgresql-42.7.4.jar!/:42.7.4]
	at org.postgresql.jdbc.PgConnection.<init>(PgConnection.java:273) ~[postgresql-42.7.4.jar!/:42.7.4]
	at org.postgresql.Driver.makeConnection(Driver.java:446) ~[postgresql-42.7.4.jar!/:42.7.4]
	at org.postgresql.Driver.connect(Driver.java:298) ~[postgresql-42.7.4.jar!/:42.7.4]
	at com.zaxxer.hikari.util.DriverDataSource.getConnection(DriverDataSource.java:137) ~[HikariCP-5.1.0.jar!/:na]
	at com.zaxxer.hikari.pool.PoolBase.newConnection(PoolBase.java:360) ~[HikariCP-5.1.0.jar!/:na]
	at com.zaxxer.hikari.pool.PoolBase.newPoolEntry(PoolBase.java:202) ~[HikariCP-5.1.0.jar!/:na]
	at com.zaxxer.hikari.pool.HikariPool.createPoolEntry(HikariPool.java:461) ~[HikariCP-5.1.0.jar!/:na]
	at com.zaxxer.hikari.pool.HikariPool$PoolEntryCreator.call(HikariPool.java:724) ~[HikariCP-5.1.0.jar!/:na]
	at com.zaxxer.hikari.pool.HikariPool$PoolEntryCreator.call(HikariPool.java:703) ~[HikariCP-5.1.0.jar!/:na]
	at java.base/java.util.concurrent.FutureTask.run(FutureTask.java:264) ~[na:na]
	at java.base/java.util.concurrent.ThreadPoolExecutor.runWorker(ThreadPoolExecutor.java:1136) ~[na:na]
	at java.base/java.util.concurrent.ThreadPoolExecutor$Worker.run(ThreadPoolExecutor.java:635) ~[na:na]
	at java.base/java.lang.Thread.run(Thread.java:842) ~[na:na]

2026-09-13T11:21:33.694-04:00  INFO 29984 --- [CatalogService] [xecutorLoop-1-3] i.l.core.protocol.ConnectionWatchdog     : Reconnecting, last destination was localhost/<unresolved>:6379
2026-09-13T11:21:33.694-04:00  INFO 29984 --- [CatalogService] [xecutorLoop-1-4] i.l.core.protocol.ConnectionWatchdog     : Reconnecting, last destination was localhost/<unresolved>:6379
2026-09-13T11:21:33.697-04:00  WARN 29984 --- [CatalogService] [ioEventLoop-4-1] i.l.core.protocol.ConnectionWatchdog     : Cannot reconnect to [localhost/<unresolved>:6379]: Connection refused: no further information: localhost/127.0.0.1:6379
2026-09-13T11:21:33.699-04:00  WARN 29984 --- [CatalogService] [ioEventLoop-4-2] i.l.core.protocol.ConnectionWatchdog     : Cannot reconnect to [localhost/<unresolved>:6379]: Connection refused: no further information: localhost/127.0.0.1:6379
2026-09-13T11:21:41.064-04:00  WARN 29984 --- [CatalogService] [nio-8080-exec-7] o.h.engine.jdbc.spi.SqlExceptionHelper   : SQL Error: 0, SQLState: 08001
2026-09-13T11:21:41.065-04:00 ERROR 29984 --- [CatalogService] [nio-8080-exec-7] o.h.engine.jdbc.spi.SqlExceptionHelper   : HikariPool-1 - Connection is not available, request timed out after 30006ms (total=0, active=0, idle=0, waiting=0)
2026-09-13T11:21:41.066-04:00 ERROR 29984 --- [CatalogService] [nio-8080-exec-7] o.h.engine.jdbc.spi.SqlExceptionHelper   : Connection to localhost:5432 refused. Check that the hostname and port are correct and that the postmaster is accepting TCP/IP connections.
2026-09-13T11:21:41.069-04:00 ERROR 29984 --- [CatalogService] [nio-8080-exec-7] o.a.c.c.C.[.[.[/].[dispatcherServlet]    : Servlet.service() for servlet [dispatcherServlet] in context with path [] threw exception [Request processing failed: org.springframework.transaction.CannotCreateTransactionException: Could not open JPA EntityManager for transaction] with root cause

java.net.ConnectException: Connection refused: no further information
	at java.base/sun.nio.ch.Net.pollConnect(Native Method) ~[na:na]
	at java.base/sun.nio.ch.Net.pollConnectNow(Net.java:684) ~[na:na]
	at java.base/sun.nio.ch.NioSocketImpl.timedFinishConnect(NioSocketImpl.java:547) ~[na:na]
	at java.base/sun.nio.ch.NioSocketImpl.connect(NioSocketImpl.java:602) ~[na:na]
	at java.base/java.net.SocksSocketImpl.connect(SocksSocketImpl.java:327) ~[na:na]
	at java.base/java.net.Socket.connect(Socket.java:633) ~[na:na]
	at org.postgresql.core.PGStream.createSocket(PGStream.java:260) ~[postgresql-42.7.4.jar!/:42.7.4]
	at org.postgresql.core.PGStream.<init>(PGStream.java:121) ~[postgresql-42.7.4.jar!/:42.7.4]
	at org.postgresql.core.v3.ConnectionFactoryImpl.tryConnect(ConnectionFactoryImpl.java:140) ~[postgresql-42.7.4.jar!/:42.7.4]
	at org.postgresql.core.v3.ConnectionFactoryImpl.openConnectionImpl(ConnectionFactoryImpl.java:268) ~[postgresql-42.7.4.jar!/:42.7.4]
	at org.postgresql.core.ConnectionFactory.openConnection(ConnectionFactory.java:54) ~[postgresql-42.7.4.jar!/:42.7.4]
	at org.postgresql.jdbc.PgConnection.<init>(PgConnection.java:273) ~[postgresql-42.7.4.jar!/:42.7.4]
	at org.postgresql.Driver.makeConnection(Driver.java:446) ~[postgresql-42.7.4.jar!/:42.7.4]
	at org.postgresql.Driver.connect(Driver.java:298) ~[postgresql-42.7.4.jar!/:42.7.4]
	at com.zaxxer.hikari.util.DriverDataSource.getConnection(DriverDataSource.java:137) ~[HikariCP-5.1.0.jar!/:na]
	at com.zaxxer.hikari.pool.PoolBase.newConnection(PoolBase.java:360) ~[HikariCP-5.1.0.jar!/:na]
	at com.zaxxer.hikari.pool.PoolBase.newPoolEntry(PoolBase.java:202) ~[HikariCP-5.1.0.jar!/:na]
	at com.zaxxer.hikari.pool.HikariPool.createPoolEntry(HikariPool.java:461) ~[HikariCP-5.1.0.jar!/:na]
	at com.zaxxer.hikari.pool.HikariPool$PoolEntryCreator.call(HikariPool.java:724) ~[HikariCP-5.1.0.jar!/:na]
	at com.zaxxer.hikari.pool.HikariPool$PoolEntryCreator.call(HikariPool.java:703) ~[HikariCP-5.1.0.jar!/:na]
	at java.base/java.util.concurrent.FutureTask.run(FutureTask.java:264) ~[na:na]
	at java.base/java.util.concurrent.ThreadPoolExecutor.runWorker(ThreadPoolExecutor.java:1136) ~[na:na]
	at java.base/java.util.concurrent.ThreadPoolExecutor$Worker.run(ThreadPoolExecutor.java:635) ~[na:na]
	at java.base/java.lang.Thread.run(Thread.java:842) ~[na:na]

2026-09-13T11:22:03.793-04:00  INFO 29984 --- [CatalogService] [xecutorLoop-1-3] i.l.core.protocol.ConnectionWatchdog     : Reconnecting, last destination was localhost/<unresolved>:6379
2026-09-13T11:22:03.793-04:00  INFO 29984 --- [CatalogService] [xecutorLoop-1-4] i.l.core.protocol.ConnectionWatchdog     : Reconnecting, last destination was localhost/<unresolved>:6379
2026-09-13T11:22:03.796-04:00  WARN 29984 --- [CatalogService] [ioEventLoop-4-4] i.l.core.protocol.ConnectionWatchdog     : Cannot reconnect to [localhost/<unresolved>:6379]: Connection refused: no further information: localhost/127.0.0.1:6379
2026-09-13T11:22:03.796-04:00  WARN 29984 --- [CatalogService] [ioEventLoop-4-3] i.l.core.protocol.ConnectionWatchdog     : Cannot reconnect to [localhost/<unresolved>:6379]: Connection refused: no further information: localhost/127.0.0.1:6379
2026-09-13T11:22:15.925-04:00  INFO 29984 --- [CatalogService] [io-8080-exec-10] c.m.c.service.impl.ProductServiceImpl    : Getting all products from database
2026-09-13T11:22:33.896-04:00  INFO 29984 --- [CatalogService] [xecutorLoop-1-3] i.l.core.protocol.ConnectionWatchdog     : Reconnecting, last destination was localhost/<unresolved>:6379
2026-09-13T11:22:33.898-04:00  WARN 29984 --- [CatalogService] [ioEventLoop-4-1] i.l.core.protocol.ConnectionWatchdog     : Cannot reconnect to [localhost/<unresolved>:6379]: Connection refused: no further information: localhost/127.0.0.1:6379
2026-09-13T11:22:33.899-04:00  INFO 29984 --- [CatalogService] [xecutorLoop-1-4] i.l.core.protocol.ConnectionWatchdog     : Reconnecting, last destination was localhost/<unresolved>:6379
2026-09-13T11:22:33.902-04:00  WARN 29984 --- [CatalogService] [xecutorLoop-1-4] i.l.core.protocol.ConnectionWatchdog     : Cannot reconnect to [localhost/<unresolved>:6379]: Connection refused: no further information: localhost/127.0.0.1:6379
2026-09-13T11:22:40.169-04:00  INFO 29984 --- [CatalogService] [rap-executor-%d] c.n.d.s.r.aws.ConfigClusterResolver      : Resolving eureka endpoints via configuration
2026-09-13T11:22:45.935-04:00  WARN 29984 --- [CatalogService] [io-8080-exec-10] o.h.engine.jdbc.spi.SqlExceptionHelper   : SQL Error: 0, SQLState: 08001
2026-09-13T11:22:45.935-04:00 ERROR 29984 --- [CatalogService] [io-8080-exec-10] o.h.engine.jdbc.spi.SqlExceptionHelper   : HikariPool-1 - Connection is not available, request timed out after 30008ms (total=0, active=0, idle=0, waiting=0)
2026-09-13T11:22:45.935-04:00 ERROR 29984 --- [CatalogService] [io-8080-exec-10] o.h.engine.jdbc.spi.SqlExceptionHelper   : Connection to localhost:5432 refused. Check that the hostname and port are correct and that the postmaster is accepting TCP/IP connections.
2026-09-13T11:22:45.936-04:00 ERROR 29984 --- [CatalogService] [io-8080-exec-10] o.a.c.c.C.[.[.[/].[dispatcherServlet]    : Servlet.service() for servlet [dispatcherServlet] in context with path [] threw exception [Request processing failed: org.springframework.transaction.CannotCreateTransactionException: Could not open JPA EntityManager for transaction] with root cause

java.net.ConnectException: Connection refused: no further information
	at java.base/sun.nio.ch.Net.pollConnect(Native Method) ~[na:na]
	at java.base/sun.nio.ch.Net.pollConnectNow(Net.java:684) ~[na:na]
	at java.base/sun.nio.ch.NioSocketImpl.timedFinishConnect(NioSocketImpl.java:547) ~[na:na]
	at java.base/sun.nio.ch.NioSocketImpl.connect(NioSocketImpl.java:602) ~[na:na]
	at java.base/java.net.SocksSocketImpl.connect(SocksSocketImpl.java:327) ~[na:na]
	at java.base/java.net.Socket.connect(Socket.java:633) ~[na:na]
	at org.postgresql.core.PGStream.createSocket(PGStream.java:260) ~[postgresql-42.7.4.jar!/:42.7.4]
	at org.postgresql.core.PGStream.<init>(PGStream.java:121) ~[postgresql-42.7.4.jar!/:42.7.4]
	at org.postgresql.core.v3.ConnectionFactoryImpl.tryConnect(ConnectionFactoryImpl.java:140) ~[postgresql-42.7.4.jar!/:42.7.4]
	at org.postgresql.core.v3.ConnectionFactoryImpl.openConnectionImpl(ConnectionFactoryImpl.java:268) ~[postgresql-42.7.4.jar!/:42.7.4]
	at org.postgresql.core.ConnectionFactory.openConnection(ConnectionFactory.java:54) ~[postgresql-42.7.4.jar!/:42.7.4]
	at org.postgresql.jdbc.PgConnection.<init>(PgConnection.java:273) ~[postgresql-42.7.4.jar!/:42.7.4]
	at org.postgresql.Driver.makeConnection(Driver.java:446) ~[postgresql-42.7.4.jar!/:42.7.4]
	at org.postgresql.Driver.connect(Driver.java:298) ~[postgresql-42.7.4.jar!/:42.7.4]
	at com.zaxxer.hikari.util.DriverDataSource.getConnection(DriverDataSource.java:137) ~[HikariCP-5.1.0.jar!/:na]
	at com.zaxxer.hikari.pool.PoolBase.newConnection(PoolBase.java:360) ~[HikariCP-5.1.0.jar!/:na]
	at com.zaxxer.hikari.pool.PoolBase.newPoolEntry(PoolBase.java:202) ~[HikariCP-5.1.0.jar!/:na]
	at com.zaxxer.hikari.pool.HikariPool.createPoolEntry(HikariPool.java:461) ~[HikariCP-5.1.0.jar!/:na]
	at com.zaxxer.hikari.pool.HikariPool$PoolEntryCreator.call(HikariPool.java:724) ~[HikariCP-5.1.0.jar!/:na]
	at com.zaxxer.hikari.pool.HikariPool$PoolEntryCreator.call(HikariPool.java:703) ~[HikariCP-5.1.0.jar!/:na]
	at java.base/java.util.concurrent.FutureTask.run(FutureTask.java:264) ~[na:na]
	at java.base/java.util.concurrent.ThreadPoolExecutor.runWorker(ThreadPoolExecutor.java:1136) ~[na:na]
	at java.base/java.util.concurrent.ThreadPoolExecutor$Worker.run(ThreadPoolExecutor.java:635) ~[na:na]
	at java.base/java.lang.Thread.run(Thread.java:842) ~[na:na]

2026-09-13T11:23:03.994-04:00  INFO 29984 --- [CatalogService] [xecutorLoop-1-4] i.l.core.protocol.ConnectionWatchdog     : Reconnecting, last destination was localhost/<unresolved>:6379
2026-09-13T11:23:03.994-04:00  INFO 29984 --- [CatalogService] [xecutorLoop-1-3] i.l.core.protocol.ConnectionWatchdog     : Reconnecting, last destination was localhost/<unresolved>:6379
2026-09-13T11:23:03.996-04:00  WARN 29984 --- [CatalogService] [ioEventLoop-4-4] i.l.core.protocol.ConnectionWatchdog     : Cannot reconnect to [localhost/<unresolved>:6379]: Connection refused: no further information: localhost/127.0.0.1:6379
2026-09-13T11:23:03.996-04:00  WARN 29984 --- [CatalogService] [ioEventLoop-4-3] i.l.core.protocol.ConnectionWatchdog     : Cannot reconnect to [localhost/<unresolved>:6379]: Connection refused: no further information: localhost/127.0.0.1:6379
2026-09-13T11:23:20.800-04:00  INFO 29984 --- [CatalogService] [nio-8080-exec-4] c.m.c.service.impl.ProductServiceImpl    : Getting all products from database
2026-09-13T11:23:34.099-04:00  INFO 29984 --- [CatalogService] [xecutorLoop-1-3] i.l.core.protocol.ConnectionWatchdog     : Reconnecting, last destination was localhost/<unresolved>:6379
2026-09-13T11:23:34.099-04:00  INFO 29984 --- [CatalogService] [xecutorLoop-1-4] i.l.core.protocol.ConnectionWatchdog     : Reconnecting, last destination was localhost/<unresolved>:6379
2026-09-13T11:23:34.101-04:00  WARN 29984 --- [CatalogService] [ioEventLoop-4-1] i.l.core.protocol.ConnectionWatchdog     : Cannot reconnect to [localhost/<unresolved>:6379]: Connection refused: no further information: localhost/127.0.0.1:6379
2026-09-13T11:23:34.101-04:00  WARN 29984 --- [CatalogService] [ioEventLoop-4-2] i.l.core.protocol.ConnectionWatchdog     : Cannot reconnect to [localhost/<unresolved>:6379]: Connection refused: no further information: localhost/127.0.0.1:6379
2026-09-13T11:23:50.808-04:00  WARN 29984 --- [CatalogService] [nio-8080-exec-4] o.h.engine.jdbc.spi.SqlExceptionHelper   : SQL Error: 0, SQLState: 08001
2026-09-13T11:23:50.809-04:00 ERROR 29984 --- [CatalogService] [nio-8080-exec-4] o.h.engine.jdbc.spi.SqlExceptionHelper   : HikariPool-1 - Connection is not available, request timed out after 30007ms (total=0, active=0, idle=0, waiting=0)
2026-09-13T11:23:50.810-04:00 ERROR 29984 --- [CatalogService] [nio-8080-exec-4] o.h.engine.jdbc.spi.SqlExceptionHelper   : Connection to localhost:5432 refused. Check that the hostname and port are correct and that the postmaster is accepting TCP/IP connections.
2026-09-13T11:23:50.811-04:00 ERROR 29984 --- [CatalogService] [nio-8080-exec-4] o.a.c.c.C.[.[.[/].[dispatcherServlet]    : Servlet.service() for servlet [dispatcherServlet] in context with path [] threw exception [Request processing failed: org.springframework.transaction.CannotCreateTransactionException: Could not open JPA EntityManager for transaction] with root cause

java.net.ConnectException: Connection refused: no further information
	at java.base/sun.nio.ch.Net.pollConnect(Native Method) ~[na:na]
	at java.base/sun.nio.ch.Net.pollConnectNow(Net.java:684) ~[na:na]
	at java.base/sun.nio.ch.NioSocketImpl.timedFinishConnect(NioSocketImpl.java:547) ~[na:na]
	at java.base/sun.nio.ch.NioSocketImpl.connect(NioSocketImpl.java:602) ~[na:na]
	at java.base/java.net.SocksSocketImpl.connect(SocksSocketImpl.java:327) ~[na:na]
	at java.base/java.net.Socket.connect(Socket.java:633) ~[na:na]
	at org.postgresql.core.PGStream.createSocket(PGStream.java:260) ~[postgresql-42.7.4.jar!/:42.7.4]
	at org.postgresql.core.PGStream.<init>(PGStream.java:121) ~[postgresql-42.7.4.jar!/:42.7.4]
	at org.postgresql.core.v3.ConnectionFactoryImpl.tryConnect(ConnectionFactoryImpl.java:140) ~[postgresql-42.7.4.jar!/:42.7.4]
	at org.postgresql.core.v3.ConnectionFactoryImpl.openConnectionImpl(ConnectionFactoryImpl.java:268) ~[postgresql-42.7.4.jar!/:42.7.4]
	at org.postgresql.core.ConnectionFactory.openConnection(ConnectionFactory.java:54) ~[postgresql-42.7.4.jar!/:42.7.4]
	at org.postgresql.jdbc.PgConnection.<init>(PgConnection.java:273) ~[postgresql-42.7.4.jar!/:42.7.4]
	at org.postgresql.Driver.makeConnection(Driver.java:446) ~[postgresql-42.7.4.jar!/:42.7.4]
	at org.postgresql.Driver.connect(Driver.java:298) ~[postgresql-42.7.4.jar!/:42.7.4]
	at com.zaxxer.hikari.util.DriverDataSource.getConnection(DriverDataSource.java:137) ~[HikariCP-5.1.0.jar!/:na]
	at com.zaxxer.hikari.pool.PoolBase.newConnection(PoolBase.java:360) ~[HikariCP-5.1.0.jar!/:na]
	at com.zaxxer.hikari.pool.PoolBase.newPoolEntry(PoolBase.java:202) ~[HikariCP-5.1.0.jar!/:na]
	at com.zaxxer.hikari.pool.HikariPool.createPoolEntry(HikariPool.java:461) ~[HikariCP-5.1.0.jar!/:na]
	at com.zaxxer.hikari.pool.HikariPool$PoolEntryCreator.call(HikariPool.java:724) ~[HikariCP-5.1.0.jar!/:na]
	at com.zaxxer.hikari.pool.HikariPool$PoolEntryCreator.call(HikariPool.java:703) ~[HikariCP-5.1.0.jar!/:na]
	at java.base/java.util.concurrent.FutureTask.run(FutureTask.java:264) ~[na:na]
	at java.base/java.util.concurrent.ThreadPoolExecutor.runWorker(ThreadPoolExecutor.java:1136) ~[na:na]
	at java.base/java.util.concurrent.ThreadPoolExecutor$Worker.run(ThreadPoolExecutor.java:635) ~[na:na]
	at java.base/java.lang.Thread.run(Thread.java:842) ~[na:na]

2026-09-13T11:24:04.194-04:00  INFO 29984 --- [CatalogService] [xecutorLoop-1-3] i.l.core.protocol.ConnectionWatchdog     : Reconnecting, last destination was localhost/<unresolved>:6379
2026-09-13T11:24:04.195-04:00  INFO 29984 --- [CatalogService] [xecutorLoop-1-4] i.l.core.protocol.ConnectionWatchdog     : Reconnecting, last destination was localhost/<unresolved>:6379
2026-09-13T11:24:04.196-04:00  WARN 29984 --- [CatalogService] [ioEventLoop-4-3] i.l.core.protocol.ConnectionWatchdog     : Cannot reconnect to [localhost/<unresolved>:6379]: Connection refused: no further information: localhost/127.0.0.1:6379
2026-09-13T11:24:04.198-04:00  WARN 29984 --- [CatalogService] [ioEventLoop-4-4] i.l.core.protocol.ConnectionWatchdog     : Cannot reconnect to [localhost/<unresolved>:6379]: Connection refused: no further information: localhost/127.0.0.1:6379
2026-09-13T11:24:25.514-04:00  INFO 29984 --- [CatalogService] [nio-8080-exec-3] c.m.c.service.impl.ProductServiceImpl    : Getting all products from database
2026-09-13T11:24:34.300-04:00  INFO 29984 --- [CatalogService] [xecutorLoop-1-3] i.l.core.protocol.ConnectionWatchdog     : Reconnecting, last destination was localhost/<unresolved>:6379
2026-09-13T11:24:34.300-04:00  INFO 29984 --- [CatalogService] [xecutorLoop-1-4] i.l.core.protocol.ConnectionWatchdog     : Reconnecting, last destination was localhost/<unresolved>:6379
2026-09-13T11:24:34.304-04:00  WARN 29984 --- [CatalogService] [ioEventLoop-4-1] i.l.core.protocol.ConnectionWatchdog     : Cannot reconnect to [localhost/<unresolved>:6379]: Connection refused: no further information: localhost/127.0.0.1:6379
2026-09-13T11:24:34.304-04:00  WARN 29984 --- [CatalogService] [ioEventLoop-4-2] i.l.core.protocol.ConnectionWatchdog     : Cannot reconnect to [localhost/<unresolved>:6379]: Connection refused: no further information: localhost/127.0.0.1:6379
2026-09-13T11:24:55.525-04:00  WARN 29984 --- [CatalogService] [nio-8080-exec-3] o.h.engine.jdbc.spi.SqlExceptionHelper   : SQL Error: 0, SQLState: 08001
2026-09-13T11:24:55.526-04:00 ERROR 29984 --- [CatalogService] [nio-8080-exec-3] o.h.engine.jdbc.spi.SqlExceptionHelper   : HikariPool-1 - Connection is not available, request timed out after 30010ms (total=0, active=0, idle=0, waiting=0)
2026-09-13T11:24:55.526-04:00 ERROR 29984 --- [CatalogService] [nio-8080-exec-3] o.h.engine.jdbc.spi.SqlExceptionHelper   : Connection to localhost:5432 refused. Check that the hostname and port are correct and that the postmaster is accepting TCP/IP connections.
2026-09-13T11:24:55.528-04:00 ERROR 29984 --- [CatalogService] [nio-8080-exec-3] o.a.c.c.C.[.[.[/].[dispatcherServlet]    : Servlet.service() for servlet [dispatcherServlet] in context with path [] threw exception [Request processing failed: org.springframework.transaction.CannotCreateTransactionException: Could not open JPA EntityManager for transaction] with root cause

java.net.ConnectException: Connection refused: no further information
	at java.base/sun.nio.ch.Net.pollConnect(Native Method) ~[na:na]
	at java.base/sun.nio.ch.Net.pollConnectNow(Net.java:684) ~[na:na]
	at java.base/sun.nio.ch.NioSocketImpl.timedFinishConnect(NioSocketImpl.java:547) ~[na:na]
	at java.base/sun.nio.ch.NioSocketImpl.connect(NioSocketImpl.java:602) ~[na:na]
	at java.base/java.net.SocksSocketImpl.connect(SocksSocketImpl.java:327) ~[na:na]
	at java.base/java.net.Socket.connect(Socket.java:633) ~[na:na]
	at org.postgresql.core.PGStream.createSocket(PGStream.java:260) ~[postgresql-42.7.4.jar!/:42.7.4]
	at org.postgresql.core.PGStream.<init>(PGStream.java:121) ~[postgresql-42.7.4.jar!/:42.7.4]
	at org.postgresql.core.v3.ConnectionFactoryImpl.tryConnect(ConnectionFactoryImpl.java:140) ~[postgresql-42.7.4.jar!/:42.7.4]
	at org.postgresql.core.v3.ConnectionFactoryImpl.openConnectionImpl(ConnectionFactoryImpl.java:268) ~[postgresql-42.7.4.jar!/:42.7.4]
	at org.postgresql.core.ConnectionFactory.openConnection(ConnectionFactory.java:54) ~[postgresql-42.7.4.jar!/:42.7.4]
	at org.postgresql.jdbc.PgConnection.<init>(PgConnection.java:273) ~[postgresql-42.7.4.jar!/:42.7.4]
	at org.postgresql.Driver.makeConnection(Driver.java:446) ~[postgresql-42.7.4.jar!/:42.7.4]
	at org.postgresql.Driver.connect(Driver.java:298) ~[postgresql-42.7.4.jar!/:42.7.4]
	at com.zaxxer.hikari.util.DriverDataSource.getConnection(DriverDataSource.java:137) ~[HikariCP-5.1.0.jar!/:na]
	at com.zaxxer.hikari.pool.PoolBase.newConnection(PoolBase.java:360) ~[HikariCP-5.1.0.jar!/:na]
	at com.zaxxer.hikari.pool.PoolBase.newPoolEntry(PoolBase.java:202) ~[HikariCP-5.1.0.jar!/:na]
	at com.zaxxer.hikari.pool.HikariPool.createPoolEntry(HikariPool.java:461) ~[HikariCP-5.1.0.jar!/:na]
	at com.zaxxer.hikari.pool.HikariPool$PoolEntryCreator.call(HikariPool.java:724) ~[HikariCP-5.1.0.jar!/:na]
	at com.zaxxer.hikari.pool.HikariPool$PoolEntryCreator.call(HikariPool.java:703) ~[HikariCP-5.1.0.jar!/:na]
	at java.base/java.util.concurrent.FutureTask.run(FutureTask.java:264) ~[na:na]
	at java.base/java.util.concurrent.ThreadPoolExecutor.runWorker(ThreadPoolExecutor.java:1136) ~[na:na]
	at java.base/java.util.concurrent.ThreadPoolExecutor$Worker.run(ThreadPoolExecutor.java:635) ~[na:na]
	at java.base/java.lang.Thread.run(Thread.java:842) ~[na:na]

2026-09-13T11:25:04.406-04:00  INFO 29984 --- [CatalogService] [xecutorLoop-1-4] i.l.core.protocol.ConnectionWatchdog     : Reconnecting, last destination was localhost/<unresolved>:6379
2026-09-13T11:25:04.407-04:00  INFO 29984 --- [CatalogService] [xecutorLoop-1-3] i.l.core.protocol.ConnectionWatchdog     : Reconnecting, last destination was localhost/<unresolved>:6379
2026-09-13T11:25:04.416-04:00  WARN 29984 --- [CatalogService] [ioEventLoop-4-3] i.l.core.protocol.ConnectionWatchdog     : Cannot reconnect to [localhost/<unresolved>:6379]: Connection refused: no further information: localhost/127.0.0.1:6379
2026-09-13T11:25:04.416-04:00  WARN 29984 --- [CatalogService] [ioEventLoop-4-4] i.l.core.protocol.ConnectionWatchdog     : Cannot reconnect to [localhost/<unresolved>:6379]: Connection refused: no further information: localhost/127.0.0.1:6379
2026-09-13T11:25:30.464-04:00  INFO 29984 --- [CatalogService] [nio-8080-exec-7] c.m.c.service.impl.ProductServiceImpl    : Getting all products from database
2026-09-13T11:25:34.494-04:00  INFO 29984 --- [CatalogService] [xecutorLoop-1-3] i.l.core.protocol.ConnectionWatchdog     : Reconnecting, last destination was localhost/<unresolved>:6379
2026-09-13T11:25:34.495-04:00  INFO 29984 --- [CatalogService] [xecutorLoop-1-4] i.l.core.protocol.ConnectionWatchdog     : Reconnecting, last destination was localhost/<unresolved>:6379
2026-09-13T11:25:34.497-04:00  WARN 29984 --- [CatalogService] [ioEventLoop-4-1] i.l.core.protocol.ConnectionWatchdog     : Cannot reconnect to [localhost/<unresolved>:6379]: Connection refused: no further information: localhost/127.0.0.1:6379
2026-09-13T11:25:34.497-04:00  WARN 29984 --- [CatalogService] [ioEventLoop-4-2] i.l.core.protocol.ConnectionWatchdog     : Cannot reconnect to [localhost/<unresolved>:6379]: Connection refused: no further information: localhost/127.0.0.1:6379
2026-09-13T11:26:00.466-04:00  WARN 29984 --- [CatalogService] [nio-8080-exec-7] o.h.engine.jdbc.spi.SqlExceptionHelper   : SQL Error: 0, SQLState: 08001
2026-09-13T11:26:00.466-04:00 ERROR 29984 --- [CatalogService] [nio-8080-exec-7] o.h.engine.jdbc.spi.SqlExceptionHelper   : HikariPool-1 - Connection is not available, request timed out after 30000ms (total=0, active=0, idle=0, waiting=0)
2026-09-13T11:26:00.466-04:00 ERROR 29984 --- [CatalogService] [nio-8080-exec-7] o.h.engine.jdbc.spi.SqlExceptionHelper   : Connection to localhost:5432 refused. Check that the hostname and port are correct and that the postmaster is accepting TCP/IP connections.
2026-09-13T11:26:00.472-04:00 ERROR 29984 --- [CatalogService] [nio-8080-exec-7] o.a.c.c.C.[.[.[/].[dispatcherServlet]    : Servlet.service() for servlet [dispatcherServlet] in context with path [] threw exception [Request processing failed: org.springframework.transaction.CannotCreateTransactionException: Could not open JPA EntityManager for transaction] with root cause

java.net.ConnectException: Connection refused: no further information
	at java.base/sun.nio.ch.Net.pollConnect(Native Method) ~[na:na]
	at java.base/sun.nio.ch.Net.pollConnectNow(Net.java:684) ~[na:na]
	at java.base/sun.nio.ch.NioSocketImpl.timedFinishConnect(NioSocketImpl.java:547) ~[na:na]
	at java.base/sun.nio.ch.NioSocketImpl.connect(NioSocketImpl.java:602) ~[na:na]
	at java.base/java.net.SocksSocketImpl.connect(SocksSocketImpl.java:327) ~[na:na]
	at java.base/java.net.Socket.connect(Socket.java:633) ~[na:na]
	at org.postgresql.core.PGStream.createSocket(PGStream.java:260) ~[postgresql-42.7.4.jar!/:42.7.4]
	at org.postgresql.core.PGStream.<init>(PGStream.java:121) ~[postgresql-42.7.4.jar!/:42.7.4]
	at org.postgresql.core.v3.ConnectionFactoryImpl.tryConnect(ConnectionFactoryImpl.java:140) ~[postgresql-42.7.4.jar!/:42.7.4]
	at org.postgresql.core.v3.ConnectionFactoryImpl.openConnectionImpl(ConnectionFactoryImpl.java:268) ~[postgresql-42.7.4.jar!/:42.7.4]
	at org.postgresql.core.ConnectionFactory.openConnection(ConnectionFactory.java:54) ~[postgresql-42.7.4.jar!/:42.7.4]
	at org.postgresql.jdbc.PgConnection.<init>(PgConnection.java:273) ~[postgresql-42.7.4.jar!/:42.7.4]
	at org.postgresql.Driver.makeConnection(Driver.java:446) ~[postgresql-42.7.4.jar!/:42.7.4]
	at org.postgresql.Driver.connect(Driver.java:298) ~[postgresql-42.7.4.jar!/:42.7.4]
	at com.zaxxer.hikari.util.DriverDataSource.getConnection(DriverDataSource.java:137) ~[HikariCP-5.1.0.jar!/:na]
	at com.zaxxer.hikari.pool.PoolBase.newConnection(PoolBase.java:360) ~[HikariCP-5.1.0.jar!/:na]
	at com.zaxxer.hikari.pool.PoolBase.newPoolEntry(PoolBase.java:202) ~[HikariCP-5.1.0.jar!/:na]
	at com.zaxxer.hikari.pool.HikariPool.createPoolEntry(HikariPool.java:461) ~[HikariCP-5.1.0.jar!/:na]
	at com.zaxxer.hikari.pool.HikariPool$PoolEntryCreator.call(HikariPool.java:724) ~[HikariCP-5.1.0.jar!/:na]
	at com.zaxxer.hikari.pool.HikariPool$PoolEntryCreator.call(HikariPool.java:703) ~[HikariCP-5.1.0.jar!/:na]
	at java.base/java.util.concurrent.FutureTask.run(FutureTask.java:264) ~[na:na]
	at java.base/java.util.concurrent.ThreadPoolExecutor.runWorker(ThreadPoolExecutor.java:1136) ~[na:na]
	at java.base/java.util.concurrent.ThreadPoolExecutor$Worker.run(ThreadPoolExecutor.java:635) ~[na:na]
	at java.base/java.lang.Thread.run(Thread.java:842) ~[na:na]

2026-09-13T11:26:04.603-04:00  INFO 29984 --- [CatalogService] [xecutorLoop-1-3] i.l.core.protocol.ConnectionWatchdog     : Reconnecting, last destination was localhost/<unresolved>:6379
2026-09-13T11:26:04.603-04:00  INFO 29984 --- [CatalogService] [xecutorLoop-1-4] i.l.core.protocol.ConnectionWatchdog     : Reconnecting, last destination was localhost/<unresolved>:6379
2026-09-13T11:26:04.607-04:00  WARN 29984 --- [CatalogService] [ioEventLoop-4-3] i.l.core.protocol.ConnectionWatchdog     : Cannot reconnect to [localhost/<unresolved>:6379]: Connection refused: no further information: localhost/127.0.0.1:6379
2026-09-13T11:26:04.608-04:00  WARN 29984 --- [CatalogService] [ioEventLoop-4-4] i.l.core.protocol.ConnectionWatchdog     : Cannot reconnect to [localhost/<unresolved>:6379]: Connection refused: no further information: localhost/127.0.0.1:6379
2026-09-13T11:26:34.694-04:00  INFO 29984 --- [CatalogService] [xecutorLoop-1-3] i.l.core.protocol.ConnectionWatchdog     : Reconnecting, last destination was localhost/<unresolved>:6379
2026-09-13T11:26:34.694-04:00  INFO 29984 --- [CatalogService] [xecutorLoop-1-4] i.l.core.protocol.ConnectionWatchdog     : Reconnecting, last destination was localhost/<unresolved>:6379
2026-09-13T11:26:34.698-04:00  WARN 29984 --- [CatalogService] [ioEventLoop-4-2] i.l.core.protocol.ConnectionWatchdog     : Cannot reconnect to [localhost/<unresolved>:6379]: Connection refused: no further information: localhost/127.0.0.1:6379
2026-09-13T11:26:34.698-04:00  WARN 29984 --- [CatalogService] [ioEventLoop-4-1] i.l.core.protocol.ConnectionWatchdog     : Cannot reconnect to [localhost/<unresolved>:6379]: Connection refused: no further information: localhost/127.0.0.1:6379
2026-09-13T11:26:35.190-04:00  INFO 29984 --- [CatalogService] [nio-8080-exec-8] c.m.c.service.impl.ProductServiceImpl    : Getting all products from database
2026-09-13T11:27:04.799-04:00  INFO 29984 --- [CatalogService] [xecutorLoop-1-3] i.l.core.protocol.ConnectionWatchdog     : Reconnecting, last destination was localhost/<unresolved>:6379
2026-09-13T11:27:04.799-04:00  INFO 29984 --- [CatalogService] [xecutorLoop-1-4] i.l.core.protocol.ConnectionWatchdog     : Reconnecting, last destination was localhost/<unresolved>:6379
2026-09-13T11:27:04.803-04:00  WARN 29984 --- [CatalogService] [ioEventLoop-4-3] i.l.core.protocol.ConnectionWatchdog     : Cannot reconnect to [localhost/<unresolved>:6379]: Connection refused: no further information: localhost/127.0.0.1:6379
2026-09-13T11:27:04.803-04:00  WARN 29984 --- [CatalogService] [ioEventLoop-4-4] i.l.core.protocol.ConnectionWatchdog     : Cannot reconnect to [localhost/<unresolved>:6379]: Connection refused: no further information: localhost/127.0.0.1:6379
2026-09-13T11:27:05.191-04:00  WARN 29984 --- [CatalogService] [nio-8080-exec-8] o.h.engine.jdbc.spi.SqlExceptionHelper   : SQL Error: 0, SQLState: 08001
2026-09-13T11:27:05.191-04:00 ERROR 29984 --- [CatalogService] [nio-8080-exec-8] o.h.engine.jdbc.spi.SqlExceptionHelper   : HikariPool-1 - Connection is not available, request timed out after 30000ms (total=0, active=0, idle=0, waiting=0)
2026-09-13T11:27:05.192-04:00 ERROR 29984 --- [CatalogService] [nio-8080-exec-8] o.h.engine.jdbc.spi.SqlExceptionHelper   : Connection to localhost:5432 refused. Check that the hostname and port are correct and that the postmaster is accepting TCP/IP connections.
2026-09-13T11:27:05.193-04:00 ERROR 29984 --- [CatalogService] [nio-8080-exec-8] o.a.c.c.C.[.[.[/].[dispatcherServlet]    : Servlet.service() for servlet [dispatcherServlet] in context with path [] threw exception [Request processing failed: org.springframework.transaction.CannotCreateTransactionException: Could not open JPA EntityManager for transaction] with root cause

java.net.ConnectException: Connection refused: no further information
	at java.base/sun.nio.ch.Net.pollConnect(Native Method) ~[na:na]
	at java.base/sun.nio.ch.Net.pollConnectNow(Net.java:684) ~[na:na]
	at java.base/sun.nio.ch.NioSocketImpl.timedFinishConnect(NioSocketImpl.java:547) ~[na:na]
	at java.base/sun.nio.ch.NioSocketImpl.connect(NioSocketImpl.java:602) ~[na:na]
	at java.base/java.net.SocksSocketImpl.connect(SocksSocketImpl.java:327) ~[na:na]
	at java.base/java.net.Socket.connect(Socket.java:633) ~[na:na]
	at org.postgresql.core.PGStream.createSocket(PGStream.java:260) ~[postgresql-42.7.4.jar!/:42.7.4]
	at org.postgresql.core.PGStream.<init>(PGStream.java:121) ~[postgresql-42.7.4.jar!/:42.7.4]
	at org.postgresql.core.v3.ConnectionFactoryImpl.tryConnect(ConnectionFactoryImpl.java:140) ~[postgresql-42.7.4.jar!/:42.7.4]
	at org.postgresql.core.v3.ConnectionFactoryImpl.openConnectionImpl(ConnectionFactoryImpl.java:268) ~[postgresql-42.7.4.jar!/:42.7.4]
	at org.postgresql.core.ConnectionFactory.openConnection(ConnectionFactory.java:54) ~[postgresql-42.7.4.jar!/:42.7.4]
	at org.postgresql.jdbc.PgConnection.<init>(PgConnection.java:273) ~[postgresql-42.7.4.jar!/:42.7.4]
	at org.postgresql.Driver.makeConnection(Driver.java:446) ~[postgresql-42.7.4.jar!/:42.7.4]
	at org.postgresql.Driver.connect(Driver.java:298) ~[postgresql-42.7.4.jar!/:42.7.4]
	at com.zaxxer.hikari.util.DriverDataSource.getConnection(DriverDataSource.java:137) ~[HikariCP-5.1.0.jar!/:na]
	at com.zaxxer.hikari.pool.PoolBase.newConnection(PoolBase.java:360) ~[HikariCP-5.1.0.jar!/:na]
	at com.zaxxer.hikari.pool.PoolBase.newPoolEntry(PoolBase.java:202) ~[HikariCP-5.1.0.jar!/:na]
	at com.zaxxer.hikari.pool.HikariPool.createPoolEntry(HikariPool.java:461) ~[HikariCP-5.1.0.jar!/:na]
	at com.zaxxer.hikari.pool.HikariPool$PoolEntryCreator.call(HikariPool.java:724) ~[HikariCP-5.1.0.jar!/:na]
	at com.zaxxer.hikari.pool.HikariPool$PoolEntryCreator.call(HikariPool.java:703) ~[HikariCP-5.1.0.jar!/:na]
	at java.base/java.util.concurrent.FutureTask.run(FutureTask.java:264) ~[na:na]
	at java.base/java.util.concurrent.ThreadPoolExecutor.runWorker(ThreadPoolExecutor.java:1136) ~[na:na]
	at java.base/java.util.concurrent.ThreadPoolExecutor$Worker.run(ThreadPoolExecutor.java:635) ~[na:na]
	at java.base/java.lang.Thread.run(Thread.java:842) ~[na:na]

2026-09-13T11:27:34.895-04:00  INFO 29984 --- [CatalogService] [xecutorLoop-1-3] i.l.core.protocol.ConnectionWatchdog     : Reconnecting, last destination was localhost/<unresolved>:6379
2026-09-13T11:27:34.895-04:00  INFO 29984 --- [CatalogService] [xecutorLoop-1-4] i.l.core.protocol.ConnectionWatchdog     : Reconnecting, last destination was localhost/<unresolved>:6379
2026-09-13T11:27:34.899-04:00  WARN 29984 --- [CatalogService] [ioEventLoop-4-2] i.l.core.protocol.ConnectionWatchdog     : Cannot reconnect to [localhost/<unresolved>:6379]: Connection refused: no further information: localhost/127.0.0.1:6379
2026-09-13T11:27:34.899-04:00  WARN 29984 --- [CatalogService] [ioEventLoop-4-1] i.l.core.protocol.ConnectionWatchdog     : Cannot reconnect to [localhost/<unresolved>:6379]: Connection refused: no further information: localhost/127.0.0.1:6379
2026-09-13T11:27:40.184-04:00  INFO 29984 --- [CatalogService] [rap-executor-%d] c.n.d.s.r.aws.ConfigClusterResolver      : Resolving eureka endpoints via configuration
2026-09-13T11:28:04.994-04:00  INFO 29984 --- [CatalogService] [xecutorLoop-1-4] i.l.core.protocol.ConnectionWatchdog     : Reconnecting, last destination was localhost/<unresolved>:6379
2026-09-13T11:28:04.994-04:00  INFO 29984 --- [CatalogService] [xecutorLoop-1-3] i.l.core.protocol.ConnectionWatchdog     : Reconnecting, last destination was localhost/<unresolved>:6379
2026-09-13T11:28:04.999-04:00  WARN 29984 --- [CatalogService] [ioEventLoop-4-3] i.l.core.protocol.ConnectionWatchdog     : Cannot reconnect to [localhost/<unresolved>:6379]: Connection refused: no further information: localhost/127.0.0.1:6379
2026-09-13T11:28:04.999-04:00  WARN 29984 --- [CatalogService] [ioEventLoop-4-4] i.l.core.protocol.ConnectionWatchdog     : Cannot reconnect to [localhost/<unresolved>:6379]: Connection refused: no further information: localhost/127.0.0.1:6379
2026-09-13T11:28:35.095-04:00  INFO 29984 --- [CatalogService] [xecutorLoop-1-3] i.l.core.protocol.ConnectionWatchdog     : Reconnecting, last destination was localhost/<unresolved>:6379
2026-09-13T11:28:35.096-04:00  INFO 29984 --- [CatalogService] [xecutorLoop-1-4] i.l.core.protocol.ConnectionWatchdog     : Reconnecting, last destination was localhost/<unresolved>:6379
2026-09-13T11:28:35.100-04:00  WARN 29984 --- [CatalogService] [ioEventLoop-4-2] i.l.core.protocol.ConnectionWatchdog     : Cannot reconnect to [localhost/<unresolved>:6379]: Connection refused: no further information: localhost/127.0.0.1:6379
2026-09-13T11:28:35.100-04:00  WARN 29984 --- [CatalogService] [ioEventLoop-4-1] i.l.core.protocol.ConnectionWatchdog     : Cannot reconnect to [localhost/<unresolved>:6379]: Connection refused: no further information: localhost/127.0.0.1:6379
2026-09-13T11:29:05.194-04:00  INFO 29984 --- [CatalogService] [xecutorLoop-1-4] i.l.core.protocol.ConnectionWatchdog     : Reconnecting, last destination was localhost/<unresolved>:6379
2026-09-13T11:29:05.194-04:00  INFO 29984 --- [CatalogService] [xecutorLoop-1-3] i.l.core.protocol.ConnectionWatchdog     : Reconnecting, last destination was localhost/<unresolved>:6379
2026-09-13T11:29:05.196-04:00  WARN 29984 --- [CatalogService] [ioEventLoop-4-3] i.l.core.protocol.ConnectionWatchdog     : Cannot reconnect to [localhost/<unresolved>:6379]: Connection refused: no further information: localhost/127.0.0.1:6379
2026-09-13T11:29:05.196-04:00  WARN 29984 --- [CatalogService] [ioEventLoop-4-4] i.l.core.protocol.ConnectionWatchdog     : Cannot reconnect to [localhost/<unresolved>:6379]: Connection refused: no further information: localhost/127.0.0.1:6379
2026-09-13T11:29:35.295-04:00  INFO 29984 --- [CatalogService] [xecutorLoop-1-3] i.l.core.protocol.ConnectionWatchdog     : Reconnecting, last destination was localhost/<unresolved>:6379
2026-09-13T11:29:35.295-04:00  INFO 29984 --- [CatalogService] [xecutorLoop-1-4] i.l.core.protocol.ConnectionWatchdog     : Reconnecting, last destination was localhost/<unresolved>:6379
2026-09-13T11:29:35.301-04:00  WARN 29984 --- [CatalogService] [ioEventLoop-4-1] i.l.core.protocol.ConnectionWatchdog     : Cannot reconnect to [localhost/<unresolved>:6379]: Connection refused: no further information: localhost/127.0.0.1:6379
2026-09-13T11:29:35.300-04:00  WARN 29984 --- [CatalogService] [ioEventLoop-4-2] i.l.core.protocol.ConnectionWatchdog     : Cannot reconnect to [localhost/<unresolved>:6379]: Connection refused: no further information: localhost/127.0.0.1:6379
2026-09-13T11:30:05.398-04:00  INFO 29984 --- [CatalogService] [xecutorLoop-1-3] i.l.core.protocol.ConnectionWatchdog     : Reconnecting, last destination was localhost/<unresolved>:6379
2026-09-13T11:30:05.398-04:00  INFO 29984 --- [CatalogService] [xecutorLoop-1-4] i.l.core.protocol.ConnectionWatchdog     : Reconnecting, last destination was localhost/<unresolved>:6379
2026-09-13T11:30:05.401-04:00  WARN 29984 --- [CatalogService] [ioEventLoop-4-3] i.l.core.protocol.ConnectionWatchdog     : Cannot reconnect to [localhost/<unresolved>:6379]: Connection refused: no further information: localhost/127.0.0.1:6379
2026-09-13T11:30:05.401-04:00  WARN 29984 --- [CatalogService] [ioEventLoop-4-4] i.l.core.protocol.ConnectionWatchdog     : Cannot reconnect to [localhost/<unresolved>:6379]: Connection refused: no further information: localhost/127.0.0.1:6379
2026-09-13T11:30:35.495-04:00  INFO 29984 --- [CatalogService] [xecutorLoop-1-3] i.l.core.protocol.ConnectionWatchdog     : Reconnecting, last destination was localhost/<unresolved>:6379
2026-09-13T11:30:35.495-04:00  INFO 29984 --- [CatalogService] [xecutorLoop-1-4] i.l.core.protocol.ConnectionWatchdog     : Reconnecting, last destination was localhost/<unresolved>:6379
2026-09-13T11:30:35.499-04:00  WARN 29984 --- [CatalogService] [ioEventLoop-4-1] i.l.core.protocol.ConnectionWatchdog     : Cannot reconnect to [localhost/<unresolved>:6379]: Connection refused: no further information: localhost/127.0.0.1:6379
2026-09-13T11:30:35.499-04:00  WARN 29984 --- [CatalogService] [ioEventLoop-4-2] i.l.core.protocol.ConnectionWatchdog     : Cannot reconnect to [localhost/<unresolved>:6379]: Connection refused: no further information: localhost/127.0.0.1:6379
2026-09-13T11:31:05.598-04:00  INFO 29984 --- [CatalogService] [xecutorLoop-1-3] i.l.core.protocol.ConnectionWatchdog     : Reconnecting, last destination was localhost/<unresolved>:6379
2026-09-13T11:31:05.598-04:00  INFO 29984 --- [CatalogService] [xecutorLoop-1-4] i.l.core.protocol.ConnectionWatchdog     : Reconnecting, last destination was localhost/<unresolved>:6379
2026-09-13T11:31:05.601-04:00  WARN 29984 --- [CatalogService] [ioEventLoop-4-3] i.l.core.protocol.ConnectionWatchdog     : Cannot reconnect to [localhost/<unresolved>:6379]: Connection refused: no further information: localhost/127.0.0.1:6379
2026-09-13T11:31:05.601-04:00  WARN 29984 --- [CatalogService] [ioEventLoop-4-4] i.l.core.protocol.ConnectionWatchdog     : Cannot reconnect to [localhost/<unresolved>:6379]: Connection refused: no further information: localhost/127.0.0.1:6379
2026-09-13T11:31:35.697-04:00  INFO 29984 --- [CatalogService] [xecutorLoop-1-4] i.l.core.protocol.ConnectionWatchdog     : Reconnecting, last destination was localhost/<unresolved>:6379
2026-09-13T11:31:35.697-04:00  INFO 29984 --- [CatalogService] [xecutorLoop-1-3] i.l.core.protocol.ConnectionWatchdog     : Reconnecting, last destination was localhost/<unresolved>:6379
2026-09-13T11:31:35.698-04:00  WARN 29984 --- [CatalogService] [ioEventLoop-4-2] i.l.core.protocol.ConnectionWatchdog     : Cannot reconnect to [localhost/<unresolved>:6379]: Connection refused: no further information: localhost/127.0.0.1:6379
2026-09-13T11:31:35.698-04:00  WARN 29984 --- [CatalogService] [ioEventLoop-4-1] i.l.core.protocol.ConnectionWatchdog     : Cannot reconnect to [localhost/<unresolved>:6379]: Connection refused: no further information: localhost/127.0.0.1:6379
2026-09-13T11:32:05.794-04:00  INFO 29984 --- [CatalogService] [xecutorLoop-1-3] i.l.core.protocol.ConnectionWatchdog     : Reconnecting, last destination was localhost/<unresolved>:6379
2026-09-13T11:32:05.794-04:00  INFO 29984 --- [CatalogService] [xecutorLoop-1-4] i.l.core.protocol.ConnectionWatchdog     : Reconnecting, last destination was localhost/<unresolved>:6379
2026-09-13T11:32:05.798-04:00  WARN 29984 --- [CatalogService] [ioEventLoop-4-4] i.l.core.protocol.ConnectionWatchdog     : Cannot reconnect to [localhost/<unresolved>:6379]: Connection refused: no further information: localhost/127.0.0.1:6379
2026-09-13T11:32:05.798-04:00  WARN 29984 --- [CatalogService] [ioEventLoop-4-3] i.l.core.protocol.ConnectionWatchdog     : Cannot reconnect to [localhost/<unresolved>:6379]: Connection refused: no further information: localhost/127.0.0.1:6379
2026-09-13T11:32:35.895-04:00  INFO 29984 --- [CatalogService] [xecutorLoop-1-3] i.l.core.protocol.ConnectionWatchdog     : Reconnecting, last destination was localhost/<unresolved>:6379
2026-09-13T11:32:35.895-04:00  INFO 29984 --- [CatalogService] [xecutorLoop-1-4] i.l.core.protocol.ConnectionWatchdog     : Reconnecting, last destination was localhost/<unresolved>:6379
2026-09-13T11:32:35.911-04:00  WARN 29984 --- [CatalogService] [ioEventLoop-4-1] i.l.core.protocol.ConnectionWatchdog     : Cannot reconnect to [localhost/<unresolved>:6379]: Connection refused: no further information: localhost/127.0.0.1:6379
2026-09-13T11:32:35.911-04:00  WARN 29984 --- [CatalogService] [ioEventLoop-4-2] i.l.core.protocol.ConnectionWatchdog     : Cannot reconnect to [localhost/<unresolved>:6379]: Connection refused: no further information: localhost/127.0.0.1:6379
2026-09-13T11:32:40.186-04:00  INFO 29984 --- [CatalogService] [rap-executor-%d] c.n.d.s.r.aws.ConfigClusterResolver      : Resolving eureka endpoints via configuration
2026-09-13T11:33:05.995-04:00  INFO 29984 --- [CatalogService] [xecutorLoop-1-3] i.l.core.protocol.ConnectionWatchdog     : Reconnecting, last destination was localhost/<unresolved>:6379
2026-09-13T11:33:05.995-04:00  INFO 29984 --- [CatalogService] [xecutorLoop-1-4] i.l.core.protocol.ConnectionWatchdog     : Reconnecting, last destination was localhost/<unresolved>:6379
2026-09-13T11:33:05.998-04:00  WARN 29984 --- [CatalogService] [ioEventLoop-4-4] i.l.core.protocol.ConnectionWatchdog     : Cannot reconnect to [localhost/<unresolved>:6379]: Connection refused: no further information: localhost/127.0.0.1:6379
2026-09-13T11:33:05.999-04:00  WARN 29984 --- [CatalogService] [ioEventLoop-4-3] i.l.core.protocol.ConnectionWatchdog     : Cannot reconnect to [localhost/<unresolved>:6379]: Connection refused: no further information: localhost/127.0.0.1:6379
2026-09-13T11:33:36.099-04:00  INFO 29984 --- [CatalogService] [xecutorLoop-1-3] i.l.core.protocol.ConnectionWatchdog     : Reconnecting, last destination was localhost/<unresolved>:6379
2026-09-13T11:33:36.099-04:00  INFO 29984 --- [CatalogService] [xecutorLoop-1-4] i.l.core.protocol.ConnectionWatchdog     : Reconnecting, last destination was localhost/<unresolved>:6379
2026-09-13T11:33:36.103-04:00  WARN 29984 --- [CatalogService] [ioEventLoop-4-2] i.l.core.protocol.ConnectionWatchdog     : Cannot reconnect to [localhost/<unresolved>:6379]: Connection refused: no further information: localhost/127.0.0.1:6379
2026-09-13T11:33:36.103-04:00  WARN 29984 --- [CatalogService] [ioEventLoop-4-1] i.l.core.protocol.ConnectionWatchdog     : Cannot reconnect to [localhost/<unresolved>:6379]: Connection refused: no further information: localhost/127.0.0.1:6379
2026-09-13T11:34:06.210-04:00  INFO 29984 --- [CatalogService] [xecutorLoop-1-3] i.l.core.protocol.ConnectionWatchdog     : Reconnecting, last destination was localhost/<unresolved>:6379
2026-09-13T11:34:06.210-04:00  INFO 29984 --- [CatalogService] [xecutorLoop-1-4] i.l.core.protocol.ConnectionWatchdog     : Reconnecting, last destination was localhost/<unresolved>:6379
2026-09-13T11:34:06.213-04:00  WARN 29984 --- [CatalogService] [ioEventLoop-4-3] i.l.core.protocol.ConnectionWatchdog     : Cannot reconnect to [localhost/<unresolved>:6379]: Connection refused: no further information: localhost/127.0.0.1:6379
2026-09-13T11:34:06.213-04:00  WARN 29984 --- [CatalogService] [ioEventLoop-4-4] i.l.core.protocol.ConnectionWatchdog     : Cannot reconnect to [localhost/<unresolved>:6379]: Connection refused: no further information: localhost/127.0.0.1:6379
2026-09-13T11:34:36.301-04:00  INFO 29984 --- [CatalogService] [xecutorLoop-1-3] i.l.core.protocol.ConnectionWatchdog     : Reconnecting, last destination was localhost/<unresolved>:6379
2026-09-13T11:34:36.302-04:00  INFO 29984 --- [CatalogService] [xecutorLoop-1-4] i.l.core.protocol.ConnectionWatchdog     : Reconnecting, last destination was localhost/<unresolved>:6379
2026-09-13T11:34:36.309-04:00  WARN 29984 --- [CatalogService] [ioEventLoop-4-1] i.l.core.protocol.ConnectionWatchdog     : Cannot reconnect to [localhost/<unresolved>:6379]: Connection refused: no further information: localhost/127.0.0.1:6379
2026-09-13T11:34:36.310-04:00  WARN 29984 --- [CatalogService] [ioEventLoop-4-2] i.l.core.protocol.ConnectionWatchdog     : Cannot reconnect to [localhost/<unresolved>:6379]: Connection refused: no further information: localhost/127.0.0.1:6379
2026-09-13T11:35:06.395-04:00  INFO 29984 --- [CatalogService] [xecutorLoop-1-3] i.l.core.protocol.ConnectionWatchdog     : Reconnecting, last destination was localhost/<unresolved>:6379
2026-09-13T11:35:06.395-04:00  INFO 29984 --- [CatalogService] [xecutorLoop-1-4] i.l.core.protocol.ConnectionWatchdog     : Reconnecting, last destination was localhost/<unresolved>:6379
2026-09-13T11:35:06.399-04:00  WARN 29984 --- [CatalogService] [ioEventLoop-4-3] i.l.core.protocol.ConnectionWatchdog     : Cannot reconnect to [localhost/<unresolved>:6379]: Connection refused: no further information: localhost/127.0.0.1:6379
2026-09-13T11:35:06.399-04:00  WARN 29984 --- [CatalogService] [ioEventLoop-4-4] i.l.core.protocol.ConnectionWatchdog     : Cannot reconnect to [localhost/<unresolved>:6379]: Connection refused: no further information: localhost/127.0.0.1:6379
2026-09-13T11:35:36.495-04:00  INFO 29984 --- [CatalogService] [xecutorLoop-1-3] i.l.core.protocol.ConnectionWatchdog     : Reconnecting, last destination was localhost/<unresolved>:6379
2026-09-13T11:35:36.495-04:00  INFO 29984 --- [CatalogService] [xecutorLoop-1-4] i.l.core.protocol.ConnectionWatchdog     : Reconnecting, last destination was localhost/<unresolved>:6379
2026-09-13T11:35:36.500-04:00  WARN 29984 --- [CatalogService] [ioEventLoop-4-2] i.l.core.protocol.ConnectionWatchdog     : Cannot reconnect to [localhost/<unresolved>:6379]: Connection refused: no further information: localhost/127.0.0.1:6379
2026-09-13T11:35:36.500-04:00  WARN 29984 --- [CatalogService] [ioEventLoop-4-1] i.l.core.protocol.ConnectionWatchdog     : Cannot reconnect to [localhost/<unresolved>:6379]: Connection refused: no further information: localhost/127.0.0.1:6379
2026-09-13T11:36:06.596-04:00  INFO 29984 --- [CatalogService] [xecutorLoop-1-3] i.l.core.protocol.ConnectionWatchdog     : Reconnecting, last destination was localhost/<unresolved>:6379
2026-09-13T11:36:06.596-04:00  INFO 29984 --- [CatalogService] [xecutorLoop-1-4] i.l.core.protocol.ConnectionWatchdog     : Reconnecting, last destination was localhost/<unresolved>:6379
2026-09-13T11:36:06.599-04:00  WARN 29984 --- [CatalogService] [ioEventLoop-4-3] i.l.core.protocol.ConnectionWatchdog     : Cannot reconnect to [localhost/<unresolved>:6379]: Connection refused: no further information: localhost/127.0.0.1:6379
2026-09-13T11:36:06.599-04:00  WARN 29984 --- [CatalogService] [ioEventLoop-4-4] i.l.core.protocol.ConnectionWatchdog     : Cannot reconnect to [localhost/<unresolved>:6379]: Connection refused: no further information: localhost/127.0.0.1:6379
2026-09-13T11:36:36.696-04:00  INFO 29984 --- [CatalogService] [xecutorLoop-1-3] i.l.core.protocol.ConnectionWatchdog     : Reconnecting, last destination was localhost/<unresolved>:6379
2026-09-13T11:36:36.696-04:00  INFO 29984 --- [CatalogService] [xecutorLoop-1-4] i.l.core.protocol.ConnectionWatchdog     : Reconnecting, last destination was localhost/<unresolved>:6379
2026-09-13T11:36:36.700-04:00  WARN 29984 --- [CatalogService] [ioEventLoop-4-1] i.l.core.protocol.ConnectionWatchdog     : Cannot reconnect to [localhost/<unresolved>:6379]: Connection refused: no further information: localhost/127.0.0.1:6379
2026-09-13T11:36:36.700-04:00  WARN 29984 --- [CatalogService] [ioEventLoop-4-2] i.l.core.protocol.ConnectionWatchdog     : Cannot reconnect to [localhost/<unresolved>:6379]: Connection refused: no further information: localhost/127.0.0.1:6379
2026-09-13T11:37:06.804-04:00  INFO 29984 --- [CatalogService] [xecutorLoop-1-3] i.l.core.protocol.ConnectionWatchdog     : Reconnecting, last destination was localhost/<unresolved>:6379
2026-09-13T11:37:06.804-04:00  INFO 29984 --- [CatalogService] [xecutorLoop-1-4] i.l.core.protocol.ConnectionWatchdog     : Reconnecting, last destination was localhost/<unresolved>:6379
2026-09-13T11:37:06.810-04:00  WARN 29984 --- [CatalogService] [ioEventLoop-4-4] i.l.core.protocol.ConnectionWatchdog     : Cannot reconnect to [localhost/<unresolved>:6379]: Connection refused: no further information: localhost/127.0.0.1:6379
2026-09-13T11:37:06.812-04:00  WARN 29984 --- [CatalogService] [ioEventLoop-4-3] i.l.core.protocol.ConnectionWatchdog     : Cannot reconnect to [localhost/<unresolved>:6379]: Connection refused: no further information: localhost/127.0.0.1:6379
2026-09-13T11:37:36.897-04:00  INFO 29984 --- [CatalogService] [xecutorLoop-1-4] i.l.core.protocol.ConnectionWatchdog     : Reconnecting, last destination was localhost/<unresolved>:6379
2026-09-13T11:37:36.897-04:00  INFO 29984 --- [CatalogService] [xecutorLoop-1-3] i.l.core.protocol.ConnectionWatchdog     : Reconnecting, last destination was localhost/<unresolved>:6379
2026-09-13T11:37:36.901-04:00  WARN 29984 --- [CatalogService] [ioEventLoop-4-1] i.l.core.protocol.ConnectionWatchdog     : Cannot reconnect to [localhost/<unresolved>:6379]: Connection refused: no further information: localhost/127.0.0.1:6379
2026-09-13T11:37:36.901-04:00  WARN 29984 --- [CatalogService] [ioEventLoop-4-2] i.l.core.protocol.ConnectionWatchdog     : Cannot reconnect to [localhost/<unresolved>:6379]: Connection refused: no further information: localhost/127.0.0.1:6379
2026-09-13T11:37:40.194-04:00  INFO 29984 --- [CatalogService] [rap-executor-%d] c.n.d.s.r.aws.ConfigClusterResolver      : Resolving eureka endpoints via configuration
2026-09-13T11:38:06.995-04:00  INFO 29984 --- [CatalogService] [xecutorLoop-1-4] i.l.core.protocol.ConnectionWatchdog     : Reconnecting, last destination was localhost/<unresolved>:6379
2026-09-13T11:38:06.995-04:00  INFO 29984 --- [CatalogService] [xecutorLoop-1-3] i.l.core.protocol.ConnectionWatchdog     : Reconnecting, last destination was localhost/<unresolved>:6379
2026-09-13T11:38:07.000-04:00  WARN 29984 --- [CatalogService] [ioEventLoop-4-4] i.l.core.protocol.ConnectionWatchdog     : Cannot reconnect to [localhost/<unresolved>:6379]: Connection refused: no further information: localhost/127.0.0.1:6379
2026-09-13T11:38:07.000-04:00  WARN 29984 --- [CatalogService] [ioEventLoop-4-3] i.l.core.protocol.ConnectionWatchdog     : Cannot reconnect to [localhost/<unresolved>:6379]: Connection refused: no further information: localhost/127.0.0.1:6379
2026-09-13T11:38:37.096-04:00  INFO 29984 --- [CatalogService] [xecutorLoop-1-3] i.l.core.protocol.ConnectionWatchdog     : Reconnecting, last destination was localhost/<unresolved>:6379
2026-09-13T11:38:37.096-04:00  INFO 29984 --- [CatalogService] [xecutorLoop-1-4] i.l.core.protocol.ConnectionWatchdog     : Reconnecting, last destination was localhost/<unresolved>:6379
2026-09-13T11:38:37.099-04:00  WARN 29984 --- [CatalogService] [ioEventLoop-4-1] i.l.core.protocol.ConnectionWatchdog     : Cannot reconnect to [localhost/<unresolved>:6379]: Connection refused: no further information: localhost/127.0.0.1:6379
2026-09-13T11:38:37.099-04:00  WARN 29984 --- [CatalogService] [ioEventLoop-4-2] i.l.core.protocol.ConnectionWatchdog     : Cannot reconnect to [localhost/<unresolved>:6379]: Connection refused: no further information: localhost/127.0.0.1:6379
2026-09-13T11:39:07.200-04:00  INFO 29984 --- [CatalogService] [xecutorLoop-1-3] i.l.core.protocol.ConnectionWatchdog     : Reconnecting, last destination was localhost/<unresolved>:6379
2026-09-13T11:39:07.200-04:00  INFO 29984 --- [CatalogService] [xecutorLoop-1-4] i.l.core.protocol.ConnectionWatchdog     : Reconnecting, last destination was localhost/<unresolved>:6379
2026-09-13T11:39:07.204-04:00  WARN 29984 --- [CatalogService] [ioEventLoop-4-3] i.l.core.protocol.ConnectionWatchdog     : Cannot reconnect to [localhost/<unresolved>:6379]: Connection refused: no further information: localhost/127.0.0.1:6379
2026-09-13T11:39:07.204-04:00  WARN 29984 --- [CatalogService] [ioEventLoop-4-4] i.l.core.protocol.ConnectionWatchdog     : Cannot reconnect to [localhost/<unresolved>:6379]: Connection refused: no further information: localhost/127.0.0.1:6379
2026-09-13T11:39:37.296-04:00  INFO 29984 --- [CatalogService] [xecutorLoop-1-3] i.l.core.protocol.ConnectionWatchdog     : Reconnecting, last destination was localhost/<unresolved>:6379
2026-09-13T11:39:37.296-04:00  INFO 29984 --- [CatalogService] [xecutorLoop-1-4] i.l.core.protocol.ConnectionWatchdog     : Reconnecting, last destination was localhost/<unresolved>:6379
2026-09-13T11:39:37.300-04:00  WARN 29984 --- [CatalogService] [ioEventLoop-4-1] i.l.core.protocol.ConnectionWatchdog     : Cannot reconnect to [localhost/<unresolved>:6379]: Connection refused: no further information: localhost/127.0.0.1:6379
2026-09-13T11:39:37.300-04:00  WARN 29984 --- [CatalogService] [ioEventLoop-4-2] i.l.core.protocol.ConnectionWatchdog     : Cannot reconnect to [localhost/<unresolved>:6379]: Connection refused: no further information: localhost/127.0.0.1:6379
2026-09-13T11:40:07.398-04:00  INFO 29984 --- [CatalogService] [xecutorLoop-1-3] i.l.core.protocol.ConnectionWatchdog     : Reconnecting, last destination was localhost/<unresolved>:6379
2026-09-13T11:40:07.398-04:00  INFO 29984 --- [CatalogService] [xecutorLoop-1-4] i.l.core.protocol.ConnectionWatchdog     : Reconnecting, last destination was localhost/<unresolved>:6379
2026-09-13T11:40:07.401-04:00  WARN 29984 --- [CatalogService] [ioEventLoop-4-4] i.l.core.protocol.ConnectionWatchdog     : Cannot reconnect to [localhost/<unresolved>:6379]: Connection refused: no further information: localhost/127.0.0.1:6379
2026-09-13T11:40:07.413-04:00  WARN 29984 --- [CatalogService] [ioEventLoop-4-3] i.l.core.protocol.ConnectionWatchdog     : Cannot reconnect to [localhost/<unresolved>:6379]: Connection refused: no further information: localhost/127.0.0.1:6379
2026-09-13T11:40:37.500-04:00  INFO 29984 --- [CatalogService] [xecutorLoop-1-3] i.l.core.protocol.ConnectionWatchdog     : Reconnecting, last destination was localhost/<unresolved>:6379
2026-09-13T11:40:37.500-04:00  INFO 29984 --- [CatalogService] [xecutorLoop-1-4] i.l.core.protocol.ConnectionWatchdog     : Reconnecting, last destination was localhost/<unresolved>:6379
2026-09-13T11:40:37.504-04:00  WARN 29984 --- [CatalogService] [ioEventLoop-4-1] i.l.core.protocol.ConnectionWatchdog     : Cannot reconnect to [localhost/<unresolved>:6379]: Connection refused: no further information: localhost/127.0.0.1:6379
2026-09-13T11:40:37.505-04:00  WARN 29984 --- [CatalogService] [ioEventLoop-4-2] i.l.core.protocol.ConnectionWatchdog     : Cannot reconnect to [localhost/<unresolved>:6379]: Connection refused: no further information: localhost/127.0.0.1:6379
2026-09-13T11:41:07.596-04:00  INFO 29984 --- [CatalogService] [xecutorLoop-1-4] i.l.core.protocol.ConnectionWatchdog     : Reconnecting, last destination was localhost/<unresolved>:6379
2026-09-13T11:41:07.597-04:00  INFO 29984 --- [CatalogService] [xecutorLoop-1-3] i.l.core.protocol.ConnectionWatchdog     : Reconnecting, last destination was localhost/<unresolved>:6379
2026-09-13T11:41:07.601-04:00  WARN 29984 --- [CatalogService] [ioEventLoop-4-3] i.l.core.protocol.ConnectionWatchdog     : Cannot reconnect to [localhost/<unresolved>:6379]: Connection refused: no further information: localhost/127.0.0.1:6379
2026-09-13T11:41:07.601-04:00  WARN 29984 --- [CatalogService] [ioEventLoop-4-4] i.l.core.protocol.ConnectionWatchdog     : Cannot reconnect to [localhost/<unresolved>:6379]: Connection refused: no further information: localhost/127.0.0.1:6379
2026-09-13T11:41:37.697-04:00  INFO 29984 --- [CatalogService] [xecutorLoop-1-3] i.l.core.protocol.ConnectionWatchdog     : Reconnecting, last destination was localhost/<unresolved>:6379
2026-09-13T11:41:37.697-04:00  INFO 29984 --- [CatalogService] [xecutorLoop-1-4] i.l.core.protocol.ConnectionWatchdog     : Reconnecting, last destination was localhost/<unresolved>:6379
2026-09-13T11:41:37.704-04:00  WARN 29984 --- [CatalogService] [ioEventLoop-4-2] i.l.core.protocol.ConnectionWatchdog     : Cannot reconnect to [localhost/<unresolved>:6379]: Connection refused: no further information: localhost/127.0.0.1:6379
2026-09-13T11:41:37.704-04:00  WARN 29984 --- [CatalogService] [ioEventLoop-4-1] i.l.core.protocol.ConnectionWatchdog     : Cannot reconnect to [localhost/<unresolved>:6379]: Connection refused: no further information: localhost/127.0.0.1:6379
2026-09-13T11:42:07.796-04:00  INFO 29984 --- [CatalogService] [xecutorLoop-1-3] i.l.core.protocol.ConnectionWatchdog     : Reconnecting, last destination was localhost/<unresolved>:6379
2026-09-13T11:42:07.796-04:00  INFO 29984 --- [CatalogService] [xecutorLoop-1-4] i.l.core.protocol.ConnectionWatchdog     : Reconnecting, last destination was localhost/<unresolved>:6379
2026-09-13T11:42:07.800-04:00  WARN 29984 --- [CatalogService] [ioEventLoop-4-4] i.l.core.protocol.ConnectionWatchdog     : Cannot reconnect to [localhost/<unresolved>:6379]: Connection refused: no further information: localhost/127.0.0.1:6379
2026-09-13T11:42:07.800-04:00  WARN 29984 --- [CatalogService] [ioEventLoop-4-3] i.l.core.protocol.ConnectionWatchdog     : Cannot reconnect to [localhost/<unresolved>:6379]: Connection refused: no further information: localhost/127.0.0.1:6379
2026-09-13T11:42:37.897-04:00  INFO 29984 --- [CatalogService] [xecutorLoop-1-3] i.l.core.protocol.ConnectionWatchdog     : Reconnecting, last destination was localhost/<unresolved>:6379
2026-09-13T11:42:37.897-04:00  INFO 29984 --- [CatalogService] [xecutorLoop-1-4] i.l.core.protocol.ConnectionWatchdog     : Reconnecting, last destination was localhost/<unresolved>:6379
2026-09-13T11:42:37.901-04:00  WARN 29984 --- [CatalogService] [ioEventLoop-4-2] i.l.core.protocol.ConnectionWatchdog     : Cannot reconnect to [localhost/<unresolved>:6379]: Connection refused: no further information: localhost/127.0.0.1:6379
2026-09-13T11:42:37.901-04:00  WARN 29984 --- [CatalogService] [ioEventLoop-4-1] i.l.core.protocol.ConnectionWatchdog     : Cannot reconnect to [localhost/<unresolved>:6379]: Connection refused: no further information: localhost/127.0.0.1:6379
2026-09-13T11:42:40.195-04:00  INFO 29984 --- [CatalogService] [rap-executor-%d] c.n.d.s.r.aws.ConfigClusterResolver      : Resolving eureka endpoints via configuration
2026-09-13T11:43:07.997-04:00  INFO 29984 --- [CatalogService] [xecutorLoop-1-3] i.l.core.protocol.ConnectionWatchdog     : Reconnecting, last destination was localhost/<unresolved>:6379
2026-09-13T11:43:07.997-04:00  INFO 29984 --- [CatalogService] [xecutorLoop-1-4] i.l.core.protocol.ConnectionWatchdog     : Reconnecting, last destination was localhost/<unresolved>:6379
2026-09-13T11:43:08.003-04:00  WARN 29984 --- [CatalogService] [ioEventLoop-4-4] i.l.core.protocol.ConnectionWatchdog     : Cannot reconnect to [localhost/<unresolved>:6379]: Connection refused: no further information: localhost/127.0.0.1:6379
2026-09-13T11:43:08.003-04:00  WARN 29984 --- [CatalogService] [ioEventLoop-4-3] i.l.core.protocol.ConnectionWatchdog     : Cannot reconnect to [localhost/<unresolved>:6379]: Connection refused: no further information: localhost/127.0.0.1:6379
2026-09-13T11:43:38.100-04:00  INFO 29984 --- [CatalogService] [xecutorLoop-1-4] i.l.core.protocol.ConnectionWatchdog     : Reconnecting, last destination was localhost/<unresolved>:6379
2026-09-13T11:43:38.100-04:00  INFO 29984 --- [CatalogService] [xecutorLoop-1-3] i.l.core.protocol.ConnectionWatchdog     : Reconnecting, last destination was localhost/<unresolved>:6379
2026-09-13T11:43:38.106-04:00  WARN 29984 --- [CatalogService] [ioEventLoop-4-2] i.l.core.protocol.ConnectionWatchdog     : Cannot reconnect to [localhost/<unresolved>:6379]: Connection refused: no further information: localhost/127.0.0.1:6379
2026-09-13T11:43:38.106-04:00  WARN 29984 --- [CatalogService] [ioEventLoop-4-1] i.l.core.protocol.ConnectionWatchdog     : Cannot reconnect to [localhost/<unresolved>:6379]: Connection refused: no further information: localhost/127.0.0.1:6379
2026-09-13T11:44:08.197-04:00  INFO 29984 --- [CatalogService] [xecutorLoop-1-3] i.l.core.protocol.ConnectionWatchdog     : Reconnecting, last destination was localhost/<unresolved>:6379
2026-09-13T11:44:08.197-04:00  INFO 29984 --- [CatalogService] [xecutorLoop-1-4] i.l.core.protocol.ConnectionWatchdog     : Reconnecting, last destination was localhost/<unresolved>:6379
2026-09-13T11:44:08.200-04:00  WARN 29984 --- [CatalogService] [ioEventLoop-4-4] i.l.core.protocol.ConnectionWatchdog     : Cannot reconnect to [localhost/<unresolved>:6379]: Connection refused: no further information: localhost/127.0.0.1:6379
2026-09-13T11:44:08.200-04:00  WARN 29984 --- [CatalogService] [ioEventLoop-4-3] i.l.core.protocol.ConnectionWatchdog     : Cannot reconnect to [localhost/<unresolved>:6379]: Connection refused: no further information: localhost/127.0.0.1:6379
2026-09-13T11:44:38.306-04:00  INFO 29984 --- [CatalogService] [xecutorLoop-1-3] i.l.core.protocol.ConnectionWatchdog     : Reconnecting, last destination was localhost/<unresolved>:6379
2026-09-13T11:44:38.306-04:00  INFO 29984 --- [CatalogService] [xecutorLoop-1-4] i.l.core.protocol.ConnectionWatchdog     : Reconnecting, last destination was localhost/<unresolved>:6379
2026-09-13T11:44:38.310-04:00  WARN 29984 --- [CatalogService] [ioEventLoop-4-1] i.l.core.protocol.ConnectionWatchdog     : Cannot reconnect to [localhost/<unresolved>:6379]: Connection refused: no further information: localhost/127.0.0.1:6379
2026-09-13T11:44:38.312-04:00  WARN 29984 --- [CatalogService] [ioEventLoop-4-2] i.l.core.protocol.ConnectionWatchdog     : Cannot reconnect to [localhost/<unresolved>:6379]: Connection refused: no further information: localhost/127.0.0.1:6379
2026-09-13T11:45:08.396-04:00  INFO 29984 --- [CatalogService] [xecutorLoop-1-3] i.l.core.protocol.ConnectionWatchdog     : Reconnecting, last destination was localhost/<unresolved>:6379
2026-09-13T11:45:08.396-04:00  INFO 29984 --- [CatalogService] [xecutorLoop-1-4] i.l.core.protocol.ConnectionWatchdog     : Reconnecting, last destination was localhost/<unresolved>:6379
2026-09-13T11:45:08.399-04:00  WARN 29984 --- [CatalogService] [ioEventLoop-4-3] i.l.core.protocol.ConnectionWatchdog     : Cannot reconnect to [localhost/<unresolved>:6379]: Connection refused: no further information: localhost/127.0.0.1:6379
2026-09-13T11:45:08.399-04:00  WARN 29984 --- [CatalogService] [ioEventLoop-4-4] i.l.core.protocol.ConnectionWatchdog     : Cannot reconnect to [localhost/<unresolved>:6379]: Connection refused: no further information: localhost/127.0.0.1:6379
2026-09-13T11:45:38.497-04:00  INFO 29984 --- [CatalogService] [xecutorLoop-1-4] i.l.core.protocol.ConnectionWatchdog     : Reconnecting, last destination was localhost/<unresolved>:6379
2026-09-13T11:45:38.497-04:00  INFO 29984 --- [CatalogService] [xecutorLoop-1-3] i.l.core.protocol.ConnectionWatchdog     : Reconnecting, last destination was localhost/<unresolved>:6379
2026-09-13T11:45:38.500-04:00  WARN 29984 --- [CatalogService] [ioEventLoop-4-2] i.l.core.protocol.ConnectionWatchdog     : Cannot reconnect to [localhost/<unresolved>:6379]: Connection refused: no further information: localhost/127.0.0.1:6379
2026-09-13T11:45:38.500-04:00  WARN 29984 --- [CatalogService] [ioEventLoop-4-1] i.l.core.protocol.ConnectionWatchdog     : Cannot reconnect to [localhost/<unresolved>:6379]: Connection refused: no further information: localhost/127.0.0.1:6379
2026-09-13T11:46:08.597-04:00  INFO 29984 --- [CatalogService] [xecutorLoop-1-3] i.l.core.protocol.ConnectionWatchdog     : Reconnecting, last destination was localhost/<unresolved>:6379
2026-09-13T11:46:08.597-04:00  INFO 29984 --- [CatalogService] [xecutorLoop-1-4] i.l.core.protocol.ConnectionWatchdog     : Reconnecting, last destination was localhost/<unresolved>:6379
2026-09-13T11:46:08.599-04:00  WARN 29984 --- [CatalogService] [ioEventLoop-4-3] i.l.core.protocol.ConnectionWatchdog     : Cannot reconnect to [localhost/<unresolved>:6379]: Connection refused: no further information: localhost/127.0.0.1:6379
2026-09-13T11:46:08.599-04:00  WARN 29984 --- [CatalogService] [ioEventLoop-4-4] i.l.core.protocol.ConnectionWatchdog     : Cannot reconnect to [localhost/<unresolved>:6379]: Connection refused: no further information: localhost/127.0.0.1:6379
2026-09-13T11:46:38.702-04:00  INFO 29984 --- [CatalogService] [xecutorLoop-1-3] i.l.core.protocol.ConnectionWatchdog     : Reconnecting, last destination was localhost/<unresolved>:6379
2026-09-13T11:46:38.702-04:00  INFO 29984 --- [CatalogService] [xecutorLoop-1-4] i.l.core.protocol.ConnectionWatchdog     : Reconnecting, last destination was localhost/<unresolved>:6379
2026-09-13T11:46:38.705-04:00  WARN 29984 --- [CatalogService] [ioEventLoop-4-1] i.l.core.protocol.ConnectionWatchdog     : Cannot reconnect to [localhost/<unresolved>:6379]: Connection refused: no further information: localhost/127.0.0.1:6379
2026-09-13T11:46:38.706-04:00  WARN 29984 --- [CatalogService] [ioEventLoop-4-2] i.l.core.protocol.ConnectionWatchdog     : Cannot reconnect to [localhost/<unresolved>:6379]: Connection refused: no further information: localhost/127.0.0.1:6379
2026-09-13T11:47:08.803-04:00  INFO 29984 --- [CatalogService] [xecutorLoop-1-4] i.l.core.protocol.ConnectionWatchdog     : Reconnecting, last destination was localhost/<unresolved>:6379
2026-09-13T11:47:08.803-04:00  INFO 29984 --- [CatalogService] [xecutorLoop-1-3] i.l.core.protocol.ConnectionWatchdog     : Reconnecting, last destination was localhost/<unresolved>:6379
2026-09-13T11:47:08.812-04:00  WARN 29984 --- [CatalogService] [ioEventLoop-4-3] i.l.core.protocol.ConnectionWatchdog     : Cannot reconnect to [localhost/<unresolved>:6379]: Connection refused: no further information: localhost/127.0.0.1:6379
2026-09-13T11:47:08.812-04:00  WARN 29984 --- [CatalogService] [ioEventLoop-4-4] i.l.core.protocol.ConnectionWatchdog     : Cannot reconnect to [localhost/<unresolved>:6379]: Connection refused: no further information: localhost/127.0.0.1:6379
2026-09-13T11:47:38.897-04:00  INFO 29984 --- [CatalogService] [xecutorLoop-1-3] i.l.core.protocol.ConnectionWatchdog     : Reconnecting, last destination was localhost/<unresolved>:6379
2026-09-13T11:47:38.897-04:00  INFO 29984 --- [CatalogService] [xecutorLoop-1-4] i.l.core.protocol.ConnectionWatchdog     : Reconnecting, last destination was localhost/<unresolved>:6379
2026-09-13T11:47:38.901-04:00  WARN 29984 --- [CatalogService] [ioEventLoop-4-1] i.l.core.protocol.ConnectionWatchdog     : Cannot reconnect to [localhost/<unresolved>:6379]: Connection refused: no further information: localhost/127.0.0.1:6379
2026-09-13T11:47:38.901-04:00  WARN 29984 --- [CatalogService] [ioEventLoop-4-2] i.l.core.protocol.ConnectionWatchdog     : Cannot reconnect to [localhost/<unresolved>:6379]: Connection refused: no further information: localhost/127.0.0.1:6379
2026-09-13T11:47:40.198-04:00  INFO 29984 --- [CatalogService] [rap-executor-%d] c.n.d.s.r.aws.ConfigClusterResolver      : Resolving eureka endpoints via configuration
2026-09-13T11:48:08.999-04:00  INFO 29984 --- [CatalogService] [xecutorLoop-1-3] i.l.core.protocol.ConnectionWatchdog     : Reconnecting, last destination was localhost/<unresolved>:6379
2026-09-13T11:48:08.999-04:00  INFO 29984 --- [CatalogService] [xecutorLoop-1-4] i.l.core.protocol.ConnectionWatchdog     : Reconnecting, last destination was localhost/<unresolved>:6379
2026-09-13T11:48:09.001-04:00  WARN 29984 --- [CatalogService] [ioEventLoop-4-4] i.l.core.protocol.ConnectionWatchdog     : Cannot reconnect to [localhost/<unresolved>:6379]: Connection refused: no further information: localhost/127.0.0.1:6379
2026-09-13T11:48:09.001-04:00  WARN 29984 --- [CatalogService] [ioEventLoop-4-3] i.l.core.protocol.ConnectionWatchdog     : Cannot reconnect to [localhost/<unresolved>:6379]: Connection refused: no further information: localhost/127.0.0.1:6379
2026-09-13T11:48:39.097-04:00  INFO 29984 --- [CatalogService] [xecutorLoop-1-3] i.l.core.protocol.ConnectionWatchdog     : Reconnecting, last destination was localhost/<unresolved>:6379
2026-09-13T11:48:39.097-04:00  INFO 29984 --- [CatalogService] [xecutorLoop-1-4] i.l.core.protocol.ConnectionWatchdog     : Reconnecting, last destination was localhost/<unresolved>:6379
2026-09-13T11:48:39.100-04:00  WARN 29984 --- [CatalogService] [ioEventLoop-4-2] i.l.core.protocol.ConnectionWatchdog     : Cannot reconnect to [localhost/<unresolved>:6379]: Connection refused: no further information: localhost/127.0.0.1:6379
2026-09-13T11:48:39.100-04:00  WARN 29984 --- [CatalogService] [ioEventLoop-4-1] i.l.core.protocol.ConnectionWatchdog     : Cannot reconnect to [localhost/<unresolved>:6379]: Connection refused: no further information: localhost/127.0.0.1:6379
2026-09-13T11:49:09.205-04:00  INFO 29984 --- [CatalogService] [xecutorLoop-1-3] i.l.core.protocol.ConnectionWatchdog     : Reconnecting, last destination was localhost/<unresolved>:6379
2026-09-13T11:49:09.205-04:00  INFO 29984 --- [CatalogService] [xecutorLoop-1-4] i.l.core.protocol.ConnectionWatchdog     : Reconnecting, last destination was localhost/<unresolved>:6379
2026-09-13T11:49:09.211-04:00  WARN 29984 --- [CatalogService] [ioEventLoop-4-3] i.l.core.protocol.ConnectionWatchdog     : Cannot reconnect to [localhost/<unresolved>:6379]: Connection refused: no further information: localhost/127.0.0.1:6379
2026-09-13T11:49:09.212-04:00  WARN 29984 --- [CatalogService] [ioEventLoop-4-4] i.l.core.protocol.ConnectionWatchdog     : Cannot reconnect to [localhost/<unresolved>:6379]: Connection refused: no further information: localhost/127.0.0.1:6379
2026-09-13T11:49:39.302-04:00  INFO 29984 --- [CatalogService] [xecutorLoop-1-3] i.l.core.protocol.ConnectionWatchdog     : Reconnecting, last destination was localhost/<unresolved>:6379
2026-09-13T11:49:39.302-04:00  INFO 29984 --- [CatalogService] [xecutorLoop-1-4] i.l.core.protocol.ConnectionWatchdog     : Reconnecting, last destination was localhost/<unresolved>:6379
2026-09-13T11:49:39.306-04:00  WARN 29984 --- [CatalogService] [ioEventLoop-4-2] i.l.core.protocol.ConnectionWatchdog     : Cannot reconnect to [localhost/<unresolved>:6379]: Connection refused: no further information: localhost/127.0.0.1:6379
2026-09-13T11:49:39.306-04:00  WARN 29984 --- [CatalogService] [ioEventLoop-4-1] i.l.core.protocol.ConnectionWatchdog     : Cannot reconnect to [localhost/<unresolved>:6379]: Connection refused: no further information: localhost/127.0.0.1:6379
2026-09-13T11:50:09.404-04:00  INFO 29984 --- [CatalogService] [xecutorLoop-1-3] i.l.core.protocol.ConnectionWatchdog     : Reconnecting, last destination was localhost/<unresolved>:6379
2026-09-13T11:50:09.404-04:00  INFO 29984 --- [CatalogService] [xecutorLoop-1-4] i.l.core.protocol.ConnectionWatchdog     : Reconnecting, last destination was localhost/<unresolved>:6379
2026-09-13T11:50:09.406-04:00  WARN 29984 --- [CatalogService] [ioEventLoop-4-3] i.l.core.protocol.ConnectionWatchdog     : Cannot reconnect to [localhost/<unresolved>:6379]: Connection refused: no further information: localhost/127.0.0.1:6379
2026-09-13T11:50:09.406-04:00  WARN 29984 --- [CatalogService] [ioEventLoop-4-4] i.l.core.protocol.ConnectionWatchdog     : Cannot reconnect to [localhost/<unresolved>:6379]: Connection refused: no further information: localhost/127.0.0.1:6379
2026-09-13T11:50:39.497-04:00  INFO 29984 --- [CatalogService] [xecutorLoop-1-4] i.l.core.protocol.ConnectionWatchdog     : Reconnecting, last destination was localhost/<unresolved>:6379
2026-09-13T11:50:39.497-04:00  INFO 29984 --- [CatalogService] [xecutorLoop-1-3] i.l.core.protocol.ConnectionWatchdog     : Reconnecting, last destination was localhost/<unresolved>:6379
2026-09-13T11:50:39.501-04:00  WARN 29984 --- [CatalogService] [ioEventLoop-4-2] i.l.core.protocol.ConnectionWatchdog     : Cannot reconnect to [localhost/<unresolved>:6379]: Connection refused: no further information: localhost/127.0.0.1:6379
2026-09-13T11:50:39.501-04:00  WARN 29984 --- [CatalogService] [ioEventLoop-4-1] i.l.core.protocol.ConnectionWatchdog     : Cannot reconnect to [localhost/<unresolved>:6379]: Connection refused: no further information: localhost/127.0.0.1:6379
2026-09-13T11:51:09.599-04:00  INFO 29984 --- [CatalogService] [xecutorLoop-1-3] i.l.core.protocol.ConnectionWatchdog     : Reconnecting, last destination was localhost/<unresolved>:6379
2026-09-13T11:51:09.599-04:00  INFO 29984 --- [CatalogService] [xecutorLoop-1-4] i.l.core.protocol.ConnectionWatchdog     : Reconnecting, last destination was localhost/<unresolved>:6379
2026-09-13T11:51:09.602-04:00  WARN 29984 --- [CatalogService] [ioEventLoop-4-4] i.l.core.protocol.ConnectionWatchdog     : Cannot reconnect to [localhost/<unresolved>:6379]: Connection refused: no further information: localhost/127.0.0.1:6379
2026-09-13T11:51:09.602-04:00  WARN 29984 --- [CatalogService] [ioEventLoop-4-3] i.l.core.protocol.ConnectionWatchdog     : Cannot reconnect to [localhost/<unresolved>:6379]: Connection refused: no further information: localhost/127.0.0.1:6379
2026-09-13T11:51:39.702-04:00  INFO 29984 --- [CatalogService] [xecutorLoop-1-4] i.l.core.protocol.ConnectionWatchdog     : Reconnecting, last destination was localhost/<unresolved>:6379
2026-09-13T11:51:39.702-04:00  INFO 29984 --- [CatalogService] [xecutorLoop-1-3] i.l.core.protocol.ConnectionWatchdog     : Reconnecting, last destination was localhost/<unresolved>:6379
2026-09-13T11:51:39.710-04:00  WARN 29984 --- [CatalogService] [ioEventLoop-4-1] i.l.core.protocol.ConnectionWatchdog     : Cannot reconnect to [localhost/<unresolved>:6379]: Connection refused: no further information: localhost/127.0.0.1:6379
2026-09-13T11:51:39.714-04:00  WARN 29984 --- [CatalogService] [ioEventLoop-4-2] i.l.core.protocol.ConnectionWatchdog     : Cannot reconnect to [localhost/<unresolved>:6379]: Connection refused: no further information: localhost/127.0.0.1:6379
2026-09-13T11:52:09.799-04:00  INFO 29984 --- [CatalogService] [xecutorLoop-1-4] i.l.core.protocol.ConnectionWatchdog     : Reconnecting, last destination was localhost/<unresolved>:6379
2026-09-13T11:52:09.799-04:00  INFO 29984 --- [CatalogService] [xecutorLoop-1-3] i.l.core.protocol.ConnectionWatchdog     : Reconnecting, last destination was localhost/<unresolved>:6379
2026-09-13T11:52:09.803-04:00  WARN 29984 --- [CatalogService] [ioEventLoop-4-4] i.l.core.protocol.ConnectionWatchdog     : Cannot reconnect to [localhost/<unresolved>:6379]: Connection refused: no further information: localhost/127.0.0.1:6379
2026-09-13T11:52:09.803-04:00  WARN 29984 --- [CatalogService] [ioEventLoop-4-3] i.l.core.protocol.ConnectionWatchdog     : Cannot reconnect to [localhost/<unresolved>:6379]: Connection refused: no further information: localhost/127.0.0.1:6379
2026-09-13T11:52:39.901-04:00  INFO 29984 --- [CatalogService] [xecutorLoop-1-4] i.l.core.protocol.ConnectionWatchdog     : Reconnecting, last destination was localhost/<unresolved>:6379
2026-09-13T11:52:39.901-04:00  INFO 29984 --- [CatalogService] [xecutorLoop-1-3] i.l.core.protocol.ConnectionWatchdog     : Reconnecting, last destination was localhost/<unresolved>:6379
2026-09-13T11:52:39.904-04:00  WARN 29984 --- [CatalogService] [ioEventLoop-4-2] i.l.core.protocol.ConnectionWatchdog     : Cannot reconnect to [localhost/<unresolved>:6379]: Connection refused: no further information: localhost/127.0.0.1:6379
2026-09-13T11:52:39.904-04:00  WARN 29984 --- [CatalogService] [ioEventLoop-4-1] i.l.core.protocol.ConnectionWatchdog     : Cannot reconnect to [localhost/<unresolved>:6379]: Connection refused: no further information: localhost/127.0.0.1:6379
2026-09-13T11:52:40.211-04:00  INFO 29984 --- [CatalogService] [rap-executor-%d] c.n.d.s.r.aws.ConfigClusterResolver      : Resolving eureka endpoints via configuration
2026-09-13T11:53:09.999-04:00  INFO 29984 --- [CatalogService] [xecutorLoop-1-3] i.l.core.protocol.ConnectionWatchdog     : Reconnecting, last destination was localhost/<unresolved>:6379
2026-09-13T11:53:09.999-04:00  INFO 29984 --- [CatalogService] [xecutorLoop-1-4] i.l.core.protocol.ConnectionWatchdog     : Reconnecting, last destination was localhost/<unresolved>:6379
2026-09-13T11:53:10.015-04:00  WARN 29984 --- [CatalogService] [ioEventLoop-4-3] i.l.core.protocol.ConnectionWatchdog     : Cannot reconnect to [localhost/<unresolved>:6379]: Connection refused: no further information: localhost/127.0.0.1:6379
2026-09-13T11:53:10.015-04:00  WARN 29984 --- [CatalogService] [ioEventLoop-4-4] i.l.core.protocol.ConnectionWatchdog     : Cannot reconnect to [localhost/<unresolved>:6379]: Connection refused: no further information: localhost/127.0.0.1:6379
2026-09-13T11:53:40.103-04:00  INFO 29984 --- [CatalogService] [xecutorLoop-1-3] i.l.core.protocol.ConnectionWatchdog     : Reconnecting, last destination was localhost/<unresolved>:6379
2026-09-13T11:53:40.103-04:00  INFO 29984 --- [CatalogService] [xecutorLoop-1-4] i.l.core.protocol.ConnectionWatchdog     : Reconnecting, last destination was localhost/<unresolved>:6379
2026-09-13T11:53:40.107-04:00  WARN 29984 --- [CatalogService] [ioEventLoop-4-2] i.l.core.protocol.ConnectionWatchdog     : Cannot reconnect to [localhost/<unresolved>:6379]: Connection refused: no further information: localhost/127.0.0.1:6379
2026-09-13T11:53:40.107-04:00  WARN 29984 --- [CatalogService] [ioEventLoop-4-1] i.l.core.protocol.ConnectionWatchdog     : Cannot reconnect to [localhost/<unresolved>:6379]: Connection refused: no further information: localhost/127.0.0.1:6379
2026-09-13T11:54:10.199-04:00  INFO 29984 --- [CatalogService] [xecutorLoop-1-4] i.l.core.protocol.ConnectionWatchdog     : Reconnecting, last destination was localhost/<unresolved>:6379
2026-09-13T11:54:10.199-04:00  INFO 29984 --- [CatalogService] [xecutorLoop-1-3] i.l.core.protocol.ConnectionWatchdog     : Reconnecting, last destination was localhost/<unresolved>:6379
2026-09-13T11:54:10.204-04:00  WARN 29984 --- [CatalogService] [ioEventLoop-4-3] i.l.core.protocol.ConnectionWatchdog     : Cannot reconnect to [localhost/<unresolved>:6379]: Connection refused: no further information: localhost/127.0.0.1:6379
2026-09-13T11:54:10.204-04:00  WARN 29984 --- [CatalogService] [ioEventLoop-4-4] i.l.core.protocol.ConnectionWatchdog     : Cannot reconnect to [localhost/<unresolved>:6379]: Connection refused: no further information: localhost/127.0.0.1:6379
2026-09-13T11:54:40.299-04:00  INFO 29984 --- [CatalogService] [xecutorLoop-1-4] i.l.core.protocol.ConnectionWatchdog     : Reconnecting, last destination was localhost/<unresolved>:6379
2026-09-13T11:54:40.299-04:00  INFO 29984 --- [CatalogService] [xecutorLoop-1-3] i.l.core.protocol.ConnectionWatchdog     : Reconnecting, last destination was localhost/<unresolved>:6379
2026-09-13T11:54:40.304-04:00  WARN 29984 --- [CatalogService] [ioEventLoop-4-1] i.l.core.protocol.ConnectionWatchdog     : Cannot reconnect to [localhost/<unresolved>:6379]: Connection refused: no further information: localhost/127.0.0.1:6379
2026-09-13T11:54:40.304-04:00  WARN 29984 --- [CatalogService] [ioEventLoop-4-2] i.l.core.protocol.ConnectionWatchdog     : Cannot reconnect to [localhost/<unresolved>:6379]: Connection refused: no further information: localhost/127.0.0.1:6379
2026-09-13T11:55:10.405-04:00  INFO 29984 --- [CatalogService] [xecutorLoop-1-4] i.l.core.protocol.ConnectionWatchdog     : Reconnecting, last destination was localhost/<unresolved>:6379
2026-09-13T11:55:10.405-04:00  INFO 29984 --- [CatalogService] [xecutorLoop-1-3] i.l.core.protocol.ConnectionWatchdog     : Reconnecting, last destination was localhost/<unresolved>:6379
2026-09-13T11:55:10.409-04:00  WARN 29984 --- [CatalogService] [ioEventLoop-4-3] i.l.core.protocol.ConnectionWatchdog     : Cannot reconnect to [localhost/<unresolved>:6379]: Connection refused: no further information: localhost/127.0.0.1:6379
2026-09-13T11:55:10.409-04:00  WARN 29984 --- [CatalogService] [ioEventLoop-4-4] i.l.core.protocol.ConnectionWatchdog     : Cannot reconnect to [localhost/<unresolved>:6379]: Connection refused: no further information: localhost/127.0.0.1:6379
2026-09-13T11:55:40.498-04:00  INFO 29984 --- [CatalogService] [xecutorLoop-1-3] i.l.core.protocol.ConnectionWatchdog     : Reconnecting, last destination was localhost/<unresolved>:6379
2026-09-13T11:55:40.499-04:00  INFO 29984 --- [CatalogService] [xecutorLoop-1-4] i.l.core.protocol.ConnectionWatchdog     : Reconnecting, last destination was localhost/<unresolved>:6379
2026-09-13T11:55:40.503-04:00  WARN 29984 --- [CatalogService] [ioEventLoop-4-2] i.l.core.protocol.ConnectionWatchdog     : Cannot reconnect to [localhost/<unresolved>:6379]: Connection refused: no further information: localhost/127.0.0.1:6379
2026-09-13T11:55:40.503-04:00  WARN 29984 --- [CatalogService] [ioEventLoop-4-1] i.l.core.protocol.ConnectionWatchdog     : Cannot reconnect to [localhost/<unresolved>:6379]: Connection refused: no further information: localhost/127.0.0.1:6379
2026-09-13T11:56:10.599-04:00  INFO 29984 --- [CatalogService] [xecutorLoop-1-3] i.l.core.protocol.ConnectionWatchdog     : Reconnecting, last destination was localhost/<unresolved>:6379
2026-09-13T11:56:10.599-04:00  INFO 29984 --- [CatalogService] [xecutorLoop-1-4] i.l.core.protocol.ConnectionWatchdog     : Reconnecting, last destination was localhost/<unresolved>:6379
2026-09-13T11:56:10.604-04:00  WARN 29984 --- [CatalogService] [ioEventLoop-4-3] i.l.core.protocol.ConnectionWatchdog     : Cannot reconnect to [localhost/<unresolved>:6379]: Connection refused: no further information: localhost/127.0.0.1:6379
2026-09-13T11:56:10.604-04:00  WARN 29984 --- [CatalogService] [ioEventLoop-4-4] i.l.core.protocol.ConnectionWatchdog     : Cannot reconnect to [localhost/<unresolved>:6379]: Connection refused: no further information: localhost/127.0.0.1:6379
2026-09-13T11:56:40.698-04:00  INFO 29984 --- [CatalogService] [xecutorLoop-1-3] i.l.core.protocol.ConnectionWatchdog     : Reconnecting, last destination was localhost/<unresolved>:6379
2026-09-13T11:56:40.698-04:00  INFO 29984 --- [CatalogService] [xecutorLoop-1-4] i.l.core.protocol.ConnectionWatchdog     : Reconnecting, last destination was localhost/<unresolved>:6379
2026-09-13T11:56:40.703-04:00  WARN 29984 --- [CatalogService] [ioEventLoop-4-1] i.l.core.protocol.ConnectionWatchdog     : Cannot reconnect to [localhost/<unresolved>:6379]: Connection refused: no further information: localhost/127.0.0.1:6379
2026-09-13T11:56:40.705-04:00  WARN 29984 --- [CatalogService] [ioEventLoop-4-2] i.l.core.protocol.ConnectionWatchdog     : Cannot reconnect to [localhost/<unresolved>:6379]: Connection refused: no further information: localhost/127.0.0.1:6379
2026-09-13T11:57:10.800-04:00  INFO 29984 --- [CatalogService] [xecutorLoop-1-3] i.l.core.protocol.ConnectionWatchdog     : Reconnecting, last destination was localhost/<unresolved>:6379
2026-09-13T11:57:10.800-04:00  INFO 29984 --- [CatalogService] [xecutorLoop-1-4] i.l.core.protocol.ConnectionWatchdog     : Reconnecting, last destination was localhost/<unresolved>:6379
2026-09-13T11:57:10.804-04:00  WARN 29984 --- [CatalogService] [ioEventLoop-4-3] i.l.core.protocol.ConnectionWatchdog     : Cannot reconnect to [localhost/<unresolved>:6379]: Connection refused: no further information: localhost/127.0.0.1:6379
2026-09-13T11:57:10.804-04:00  WARN 29984 --- [CatalogService] [ioEventLoop-4-4] i.l.core.protocol.ConnectionWatchdog     : Cannot reconnect to [localhost/<unresolved>:6379]: Connection refused: no further information: localhost/127.0.0.1:6379
2026-09-13T11:57:40.228-04:00  INFO 29984 --- [CatalogService] [rap-executor-%d] c.n.d.s.r.aws.ConfigClusterResolver      : Resolving eureka endpoints via configuration
2026-09-13T11:57:40.901-04:00  INFO 29984 --- [CatalogService] [xecutorLoop-1-3] i.l.core.protocol.ConnectionWatchdog     : Reconnecting, last destination was localhost/<unresolved>:6379
2026-09-13T11:57:40.901-04:00  INFO 29984 --- [CatalogService] [xecutorLoop-1-4] i.l.core.protocol.ConnectionWatchdog     : Reconnecting, last destination was localhost/<unresolved>:6379
2026-09-13T11:57:40.904-04:00  WARN 29984 --- [CatalogService] [ioEventLoop-4-1] i.l.core.protocol.ConnectionWatchdog     : Cannot reconnect to [localhost/<unresolved>:6379]: Connection refused: no further information: localhost/127.0.0.1:6379
2026-09-13T11:57:40.904-04:00  WARN 29984 --- [CatalogService] [ioEventLoop-4-2] i.l.core.protocol.ConnectionWatchdog     : Cannot reconnect to [localhost/<unresolved>:6379]: Connection refused: no further information: localhost/127.0.0.1:6379
2026-09-13T11:58:11.002-04:00  INFO 29984 --- [CatalogService] [xecutorLoop-1-3] i.l.core.protocol.ConnectionWatchdog     : Reconnecting, last destination was localhost/<unresolved>:6379
2026-09-13T11:58:11.004-04:00  INFO 29984 --- [CatalogService] [xecutorLoop-1-4] i.l.core.protocol.ConnectionWatchdog     : Reconnecting, last destination was localhost/<unresolved>:6379
2026-09-13T11:58:11.007-04:00  WARN 29984 --- [CatalogService] [ioEventLoop-4-3] i.l.core.protocol.ConnectionWatchdog     : Cannot reconnect to [localhost/<unresolved>:6379]: Connection refused: no further information: localhost/127.0.0.1:6379
2026-09-13T11:58:11.008-04:00  WARN 29984 --- [CatalogService] [ioEventLoop-4-4] i.l.core.protocol.ConnectionWatchdog     : Cannot reconnect to [localhost/<unresolved>:6379]: Connection refused: no further information: localhost/127.0.0.1:6379
2026-09-13T11:58:41.101-04:00  INFO 29984 --- [CatalogService] [xecutorLoop-1-3] i.l.core.protocol.ConnectionWatchdog     : Reconnecting, last destination was localhost/<unresolved>:6379
2026-09-13T11:58:41.101-04:00  INFO 29984 --- [CatalogService] [xecutorLoop-1-4] i.l.core.protocol.ConnectionWatchdog     : Reconnecting, last destination was localhost/<unresolved>:6379
2026-09-13T11:58:41.105-04:00  WARN 29984 --- [CatalogService] [ioEventLoop-4-1] i.l.core.protocol.ConnectionWatchdog     : Cannot reconnect to [localhost/<unresolved>:6379]: Connection refused: no further information: localhost/127.0.0.1:6379
2026-09-13T11:58:41.105-04:00  WARN 29984 --- [CatalogService] [ioEventLoop-4-2] i.l.core.protocol.ConnectionWatchdog     : Cannot reconnect to [localhost/<unresolved>:6379]: Connection refused: no further information: localhost/127.0.0.1:6379
2026-09-13T11:59:11.199-04:00  INFO 29984 --- [CatalogService] [xecutorLoop-1-3] i.l.core.protocol.ConnectionWatchdog     : Reconnecting, last destination was localhost/<unresolved>:6379
2026-09-13T11:59:11.199-04:00  INFO 29984 --- [CatalogService] [xecutorLoop-1-4] i.l.core.protocol.ConnectionWatchdog     : Reconnecting, last destination was localhost/<unresolved>:6379
2026-09-13T11:59:11.204-04:00  WARN 29984 --- [CatalogService] [ioEventLoop-4-3] i.l.core.protocol.ConnectionWatchdog     : Cannot reconnect to [localhost/<unresolved>:6379]: Connection refused: no further information: localhost/127.0.0.1:6379
2026-09-13T11:59:11.204-04:00  WARN 29984 --- [CatalogService] [ioEventLoop-4-4] i.l.core.protocol.ConnectionWatchdog     : Cannot reconnect to [localhost/<unresolved>:6379]: Connection refused: no further information: localhost/127.0.0.1:6379
2026-09-13T11:59:41.299-04:00  INFO 29984 --- [CatalogService] [xecutorLoop-1-3] i.l.core.protocol.ConnectionWatchdog     : Reconnecting, last destination was localhost/<unresolved>:6379
2026-09-13T11:59:41.299-04:00  INFO 29984 --- [CatalogService] [xecutorLoop-1-4] i.l.core.protocol.ConnectionWatchdog     : Reconnecting, last destination was localhost/<unresolved>:6379
2026-09-13T11:59:41.303-04:00  WARN 29984 --- [CatalogService] [ioEventLoop-4-1] i.l.core.protocol.ConnectionWatchdog     : Cannot reconnect to [localhost/<unresolved>:6379]: Connection refused: no further information: localhost/127.0.0.1:6379
2026-09-13T11:59:41.303-04:00  WARN 29984 --- [CatalogService] [ioEventLoop-4-2] i.l.core.protocol.ConnectionWatchdog     : Cannot reconnect to [localhost/<unresolved>:6379]: Connection refused: no further information: localhost/127.0.0.1:6379
2026-09-13T12:00:11.405-04:00  INFO 29984 --- [CatalogService] [xecutorLoop-1-4] i.l.core.protocol.ConnectionWatchdog     : Reconnecting, last destination was localhost/<unresolved>:6379
2026-09-13T12:00:11.405-04:00  INFO 29984 --- [CatalogService] [xecutorLoop-1-3] i.l.core.protocol.ConnectionWatchdog     : Reconnecting, last destination was localhost/<unresolved>:6379
2026-09-13T12:00:11.409-04:00  WARN 29984 --- [CatalogService] [ioEventLoop-4-4] i.l.core.protocol.ConnectionWatchdog     : Cannot reconnect to [localhost/<unresolved>:6379]: Connection refused: no further information: localhost/127.0.0.1:6379
2026-09-13T12:00:11.409-04:00  WARN 29984 --- [CatalogService] [ioEventLoop-4-3] i.l.core.protocol.ConnectionWatchdog     : Cannot reconnect to [localhost/<unresolved>:6379]: Connection refused: no further information: localhost/127.0.0.1:6379
2026-09-13T12:00:41.499-04:00  INFO 29984 --- [CatalogService] [xecutorLoop-1-4] i.l.core.protocol.ConnectionWatchdog     : Reconnecting, last destination was localhost/<unresolved>:6379
2026-09-13T12:00:41.499-04:00  INFO 29984 --- [CatalogService] [xecutorLoop-1-3] i.l.core.protocol.ConnectionWatchdog     : Reconnecting, last destination was localhost/<unresolved>:6379
2026-09-13T12:00:41.503-04:00  WARN 29984 --- [CatalogService] [ioEventLoop-4-1] i.l.core.protocol.ConnectionWatchdog     : Cannot reconnect to [localhost/<unresolved>:6379]: Connection refused: no further information: localhost/127.0.0.1:6379
2026-09-13T12:00:41.503-04:00  WARN 29984 --- [CatalogService] [ioEventLoop-4-2] i.l.core.protocol.ConnectionWatchdog     : Cannot reconnect to [localhost/<unresolved>:6379]: Connection refused: no further information: localhost/127.0.0.1:6379
2026-09-13T12:01:11.599-04:00  INFO 29984 --- [CatalogService] [xecutorLoop-1-4] i.l.core.protocol.ConnectionWatchdog     : Reconnecting, last destination was localhost/<unresolved>:6379
2026-09-13T12:01:11.599-04:00  INFO 29984 --- [CatalogService] [xecutorLoop-1-3] i.l.core.protocol.ConnectionWatchdog     : Reconnecting, last destination was localhost/<unresolved>:6379
2026-09-13T12:01:11.603-04:00  WARN 29984 --- [CatalogService] [ioEventLoop-4-3] i.l.core.protocol.ConnectionWatchdog     : Cannot reconnect to [localhost/<unresolved>:6379]: Connection refused: no further information: localhost/127.0.0.1:6379
2026-09-13T12:01:11.604-04:00  WARN 29984 --- [CatalogService] [ioEventLoop-4-4] i.l.core.protocol.ConnectionWatchdog     : Cannot reconnect to [localhost/<unresolved>:6379]: Connection refused: no further information: localhost/127.0.0.1:6379
2026-09-13T12:01:41.701-04:00  INFO 29984 --- [CatalogService] [xecutorLoop-1-3] i.l.core.protocol.ConnectionWatchdog     : Reconnecting, last destination was localhost/<unresolved>:6379
2026-09-13T12:01:41.701-04:00  INFO 29984 --- [CatalogService] [xecutorLoop-1-4] i.l.core.protocol.ConnectionWatchdog     : Reconnecting, last destination was localhost/<unresolved>:6379
2026-09-13T12:01:41.705-04:00  WARN 29984 --- [CatalogService] [ioEventLoop-4-2] i.l.core.protocol.ConnectionWatchdog     : Cannot reconnect to [localhost/<unresolved>:6379]: Connection refused: no further information: localhost/127.0.0.1:6379
2026-09-13T12:01:41.705-04:00  WARN 29984 --- [CatalogService] [ioEventLoop-4-1] i.l.core.protocol.ConnectionWatchdog     : Cannot reconnect to [localhost/<unresolved>:6379]: Connection refused: no further information: localhost/127.0.0.1:6379
2026-09-13T12:02:11.802-04:00  INFO 29984 --- [CatalogService] [xecutorLoop-1-3] i.l.core.protocol.ConnectionWatchdog     : Reconnecting, last destination was localhost/<unresolved>:6379
2026-09-13T12:02:11.802-04:00  INFO 29984 --- [CatalogService] [xecutorLoop-1-4] i.l.core.protocol.ConnectionWatchdog     : Reconnecting, last destination was localhost/<unresolved>:6379
2026-09-13T12:02:11.807-04:00  WARN 29984 --- [CatalogService] [ioEventLoop-4-4] i.l.core.protocol.ConnectionWatchdog     : Cannot reconnect to [localhost/<unresolved>:6379]: Connection refused: no further information: localhost/127.0.0.1:6379
2026-09-13T12:02:11.807-04:00  WARN 29984 --- [CatalogService] [ioEventLoop-4-3] i.l.core.protocol.ConnectionWatchdog     : Cannot reconnect to [localhost/<unresolved>:6379]: Connection refused: no further information: localhost/127.0.0.1:6379
2026-09-13T12:02:40.241-04:00  INFO 29984 --- [CatalogService] [rap-executor-%d] c.n.d.s.r.aws.ConfigClusterResolver      : Resolving eureka endpoints via configuration
2026-09-13T12:02:41.905-04:00  INFO 29984 --- [CatalogService] [xecutorLoop-1-4] i.l.core.protocol.ConnectionWatchdog     : Reconnecting, last destination was localhost/<unresolved>:6379
2026-09-13T12:02:41.905-04:00  INFO 29984 --- [CatalogService] [xecutorLoop-1-3] i.l.core.protocol.ConnectionWatchdog     : Reconnecting, last destination was localhost/<unresolved>:6379
2026-09-13T12:02:41.908-04:00  WARN 29984 --- [CatalogService] [ioEventLoop-4-1] i.l.core.protocol.ConnectionWatchdog     : Cannot reconnect to [localhost/<unresolved>:6379]: Connection refused: no further information: localhost/127.0.0.1:6379
2026-09-13T12:02:41.908-04:00  WARN 29984 --- [CatalogService] [ioEventLoop-4-2] i.l.core.protocol.ConnectionWatchdog     : Cannot reconnect to [localhost/<unresolved>:6379]: Connection refused: no further information: localhost/127.0.0.1:6379
2026-09-13T12:03:11.999-04:00  INFO 29984 --- [CatalogService] [xecutorLoop-1-4] i.l.core.protocol.ConnectionWatchdog     : Reconnecting, last destination was localhost/<unresolved>:6379
2026-09-13T12:03:11.999-04:00  INFO 29984 --- [CatalogService] [xecutorLoop-1-3] i.l.core.protocol.ConnectionWatchdog     : Reconnecting, last destination was localhost/<unresolved>:6379
2026-09-13T12:03:12.000-04:00  WARN 29984 --- [CatalogService] [ioEventLoop-4-4] i.l.core.protocol.ConnectionWatchdog     : Cannot reconnect to [localhost/<unresolved>:6379]: Connection refused: no further information: localhost/127.0.0.1:6379
2026-09-13T12:03:12.000-04:00  WARN 29984 --- [CatalogService] [ioEventLoop-4-3] i.l.core.protocol.ConnectionWatchdog     : Cannot reconnect to [localhost/<unresolved>:6379]: Connection refused: no further information: localhost/127.0.0.1:6379
2026-09-13T12:03:42.101-04:00  INFO 29984 --- [CatalogService] [xecutorLoop-1-3] i.l.core.protocol.ConnectionWatchdog     : Reconnecting, last destination was localhost/<unresolved>:6379
2026-09-13T12:03:42.101-04:00  INFO 29984 --- [CatalogService] [xecutorLoop-1-4] i.l.core.protocol.ConnectionWatchdog     : Reconnecting, last destination was localhost/<unresolved>:6379
2026-09-13T12:03:42.106-04:00  WARN 29984 --- [CatalogService] [ioEventLoop-4-2] i.l.core.protocol.ConnectionWatchdog     : Cannot reconnect to [localhost/<unresolved>:6379]: Connection refused: no further information: localhost/127.0.0.1:6379
2026-09-13T12:03:42.106-04:00  WARN 29984 --- [CatalogService] [ioEventLoop-4-1] i.l.core.protocol.ConnectionWatchdog     : Cannot reconnect to [localhost/<unresolved>:6379]: Connection refused: no further information: localhost/127.0.0.1:6379
2026-09-13T12:04:12.201-04:00  INFO 29984 --- [CatalogService] [xecutorLoop-1-3] i.l.core.protocol.ConnectionWatchdog     : Reconnecting, last destination was localhost/<unresolved>:6379
2026-09-13T12:04:12.201-04:00  INFO 29984 --- [CatalogService] [xecutorLoop-1-4] i.l.core.protocol.ConnectionWatchdog     : Reconnecting, last destination was localhost/<unresolved>:6379
2026-09-13T12:04:12.205-04:00  WARN 29984 --- [CatalogService] [ioEventLoop-4-4] i.l.core.protocol.ConnectionWatchdog     : Cannot reconnect to [localhost/<unresolved>:6379]: Connection refused: no further information: localhost/127.0.0.1:6379
2026-09-13T12:04:12.205-04:00  WARN 29984 --- [CatalogService] [ioEventLoop-4-3] i.l.core.protocol.ConnectionWatchdog     : Cannot reconnect to [localhost/<unresolved>:6379]: Connection refused: no further information: localhost/127.0.0.1:6379
2026-09-13T12:04:42.307-04:00  INFO 29984 --- [CatalogService] [xecutorLoop-1-4] i.l.core.protocol.ConnectionWatchdog     : Reconnecting, last destination was localhost/<unresolved>:6379
2026-09-13T12:04:42.307-04:00  INFO 29984 --- [CatalogService] [xecutorLoop-1-3] i.l.core.protocol.ConnectionWatchdog     : Reconnecting, last destination was localhost/<unresolved>:6379
2026-09-13T12:04:42.312-04:00  WARN 29984 --- [CatalogService] [ioEventLoop-4-2] i.l.core.protocol.ConnectionWatchdog     : Cannot reconnect to [localhost/<unresolved>:6379]: Connection refused: no further information: localhost/127.0.0.1:6379
2026-09-13T12:04:42.313-04:00  WARN 29984 --- [CatalogService] [ioEventLoop-4-1] i.l.core.protocol.ConnectionWatchdog     : Cannot reconnect to [localhost/<unresolved>:6379]: Connection refused: no further information: localhost/127.0.0.1:6379
2026-09-13T12:05:12.401-04:00  INFO 29984 --- [CatalogService] [xecutorLoop-1-3] i.l.core.protocol.ConnectionWatchdog     : Reconnecting, last destination was localhost/<unresolved>:6379
2026-09-13T12:05:12.401-04:00  INFO 29984 --- [CatalogService] [xecutorLoop-1-4] i.l.core.protocol.ConnectionWatchdog     : Reconnecting, last destination was localhost/<unresolved>:6379
2026-09-13T12:05:12.405-04:00  WARN 29984 --- [CatalogService] [ioEventLoop-4-3] i.l.core.protocol.ConnectionWatchdog     : Cannot reconnect to [localhost/<unresolved>:6379]: Connection refused: no further information: localhost/127.0.0.1:6379
2026-09-13T12:05:12.405-04:00  WARN 29984 --- [CatalogService] [ioEventLoop-4-4] i.l.core.protocol.ConnectionWatchdog     : Cannot reconnect to [localhost/<unresolved>:6379]: Connection refused: no further information: localhost/127.0.0.1:6379
2026-09-13T12:05:42.505-04:00  INFO 29984 --- [CatalogService] [xecutorLoop-1-3] i.l.core.protocol.ConnectionWatchdog     : Reconnecting, last destination was localhost/<unresolved>:6379
2026-09-13T12:05:42.505-04:00  INFO 29984 --- [CatalogService] [xecutorLoop-1-4] i.l.core.protocol.ConnectionWatchdog     : Reconnecting, last destination was localhost/<unresolved>:6379
2026-09-13T12:05:42.508-04:00  WARN 29984 --- [CatalogService] [ioEventLoop-4-2] i.l.core.protocol.ConnectionWatchdog     : Cannot reconnect to [localhost/<unresolved>:6379]: Connection refused: no further information: localhost/127.0.0.1:6379
2026-09-13T12:05:42.509-04:00  WARN 29984 --- [CatalogService] [ioEventLoop-4-1] i.l.core.protocol.ConnectionWatchdog     : Cannot reconnect to [localhost/<unresolved>:6379]: Connection refused: no further information: localhost/127.0.0.1:6379
2026-09-13T12:06:12.601-04:00  INFO 29984 --- [CatalogService] [xecutorLoop-1-4] i.l.core.protocol.ConnectionWatchdog     : Reconnecting, last destination was localhost/<unresolved>:6379
2026-09-13T12:06:12.601-04:00  INFO 29984 --- [CatalogService] [xecutorLoop-1-3] i.l.core.protocol.ConnectionWatchdog     : Reconnecting, last destination was localhost/<unresolved>:6379
2026-09-13T12:06:12.604-04:00  WARN 29984 --- [CatalogService] [ioEventLoop-4-4] i.l.core.protocol.ConnectionWatchdog     : Cannot reconnect to [localhost/<unresolved>:6379]: Connection refused: no further information: localhost/127.0.0.1:6379
2026-09-13T12:06:12.604-04:00  WARN 29984 --- [CatalogService] [ioEventLoop-4-3] i.l.core.protocol.ConnectionWatchdog     : Cannot reconnect to [localhost/<unresolved>:6379]: Connection refused: no further information: localhost/127.0.0.1:6379
2026-09-13T12:06:42.711-04:00  INFO 29984 --- [CatalogService] [xecutorLoop-1-3] i.l.core.protocol.ConnectionWatchdog     : Reconnecting, last destination was localhost/<unresolved>:6379
2026-09-13T12:06:42.711-04:00  INFO 29984 --- [CatalogService] [xecutorLoop-1-4] i.l.core.protocol.ConnectionWatchdog     : Reconnecting, last destination was localhost/<unresolved>:6379
2026-09-13T12:06:42.715-04:00  WARN 29984 --- [CatalogService] [ioEventLoop-4-1] i.l.core.protocol.ConnectionWatchdog     : Cannot reconnect to [localhost/<unresolved>:6379]: Connection refused: no further information: localhost/127.0.0.1:6379
2026-09-13T12:06:42.715-04:00  WARN 29984 --- [CatalogService] [ioEventLoop-4-2] i.l.core.protocol.ConnectionWatchdog     : Cannot reconnect to [localhost/<unresolved>:6379]: Connection refused: no further information: localhost/127.0.0.1:6379
2026-09-13T12:07:12.807-04:00  INFO 29984 --- [CatalogService] [xecutorLoop-1-3] i.l.core.protocol.ConnectionWatchdog     : Reconnecting, last destination was localhost/<unresolved>:6379
2026-09-13T12:07:12.807-04:00  INFO 29984 --- [CatalogService] [xecutorLoop-1-4] i.l.core.protocol.ConnectionWatchdog     : Reconnecting, last destination was localhost/<unresolved>:6379
2026-09-13T12:07:12.812-04:00  WARN 29984 --- [CatalogService] [ioEventLoop-4-4] i.l.core.protocol.ConnectionWatchdog     : Cannot reconnect to [localhost/<unresolved>:6379]: Connection refused: no further information: localhost/127.0.0.1:6379
2026-09-13T12:07:12.812-04:00  WARN 29984 --- [CatalogService] [ioEventLoop-4-3] i.l.core.protocol.ConnectionWatchdog     : Cannot reconnect to [localhost/<unresolved>:6379]: Connection refused: no further information: localhost/127.0.0.1:6379
2026-09-13T12:07:40.249-04:00  INFO 29984 --- [CatalogService] [rap-executor-%d] c.n.d.s.r.aws.ConfigClusterResolver      : Resolving eureka endpoints via configuration
2026-09-13T12:07:42.900-04:00  INFO 29984 --- [CatalogService] [xecutorLoop-1-3] i.l.core.protocol.ConnectionWatchdog     : Reconnecting, last destination was localhost/<unresolved>:6379
2026-09-13T12:07:42.900-04:00  INFO 29984 --- [CatalogService] [xecutorLoop-1-4] i.l.core.protocol.ConnectionWatchdog     : Reconnecting, last destination was localhost/<unresolved>:6379
2026-09-13T12:07:42.903-04:00  WARN 29984 --- [CatalogService] [ioEventLoop-4-1] i.l.core.protocol.ConnectionWatchdog     : Cannot reconnect to [localhost/<unresolved>:6379]: Connection refused: no further information: localhost/127.0.0.1:6379
2026-09-13T12:07:42.903-04:00  WARN 29984 --- [CatalogService] [ioEventLoop-4-2] i.l.core.protocol.ConnectionWatchdog     : Cannot reconnect to [localhost/<unresolved>:6379]: Connection refused: no further information: localhost/127.0.0.1:6379
2026-09-13T12:08:13.010-04:00  INFO 29984 --- [CatalogService] [xecutorLoop-1-4] i.l.core.protocol.ConnectionWatchdog     : Reconnecting, last destination was localhost/<unresolved>:6379
2026-09-13T12:08:13.010-04:00  INFO 29984 --- [CatalogService] [xecutorLoop-1-3] i.l.core.protocol.ConnectionWatchdog     : Reconnecting, last destination was localhost/<unresolved>:6379
2026-09-13T12:08:13.015-04:00  WARN 29984 --- [CatalogService] [ioEventLoop-4-3] i.l.core.protocol.ConnectionWatchdog     : Cannot reconnect to [localhost/<unresolved>:6379]: Connection refused: no further information: localhost/127.0.0.1:6379
2026-09-13T12:08:13.018-04:00  WARN 29984 --- [CatalogService] [ioEventLoop-4-4] i.l.core.protocol.ConnectionWatchdog     : Cannot reconnect to [localhost/<unresolved>:6379]: Connection refused: no further information: localhost/127.0.0.1:6379
2026-09-13T12:08:43.100-04:00  INFO 29984 --- [CatalogService] [xecutorLoop-1-4] i.l.core.protocol.ConnectionWatchdog     : Reconnecting, last destination was localhost/<unresolved>:6379
2026-09-13T12:08:43.100-04:00  INFO 29984 --- [CatalogService] [xecutorLoop-1-3] i.l.core.protocol.ConnectionWatchdog     : Reconnecting, last destination was localhost/<unresolved>:6379
2026-09-13T12:08:43.101-04:00  WARN 29984 --- [CatalogService] [ioEventLoop-4-2] i.l.core.protocol.ConnectionWatchdog     : Cannot reconnect to [localhost/<unresolved>:6379]: Connection refused: no further information: localhost/127.0.0.1:6379
2026-09-13T12:08:43.101-04:00  WARN 29984 --- [CatalogService] [ioEventLoop-4-1] i.l.core.protocol.ConnectionWatchdog     : Cannot reconnect to [localhost/<unresolved>:6379]: Connection refused: no further information: localhost/127.0.0.1:6379
2026-09-13T12:09:13.200-04:00  INFO 29984 --- [CatalogService] [xecutorLoop-1-3] i.l.core.protocol.ConnectionWatchdog     : Reconnecting, last destination was localhost/<unresolved>:6379
2026-09-13T12:09:13.201-04:00  INFO 29984 --- [CatalogService] [xecutorLoop-1-4] i.l.core.protocol.ConnectionWatchdog     : Reconnecting, last destination was localhost/<unresolved>:6379
2026-09-13T12:09:13.204-04:00  WARN 29984 --- [CatalogService] [ioEventLoop-4-4] i.l.core.protocol.ConnectionWatchdog     : Cannot reconnect to [localhost/<unresolved>:6379]: Connection refused: no further information: localhost/127.0.0.1:6379
2026-09-13T12:09:13.204-04:00  WARN 29984 --- [CatalogService] [ioEventLoop-4-3] i.l.core.protocol.ConnectionWatchdog     : Cannot reconnect to [localhost/<unresolved>:6379]: Connection refused: no further information: localhost/127.0.0.1:6379
2026-09-13T12:09:43.301-04:00  INFO 29984 --- [CatalogService] [xecutorLoop-1-3] i.l.core.protocol.ConnectionWatchdog     : Reconnecting, last destination was localhost/<unresolved>:6379
2026-09-13T12:09:43.301-04:00  INFO 29984 --- [CatalogService] [xecutorLoop-1-4] i.l.core.protocol.ConnectionWatchdog     : Reconnecting, last destination was localhost/<unresolved>:6379
2026-09-13T12:09:43.303-04:00  WARN 29984 --- [CatalogService] [ioEventLoop-4-2] i.l.core.protocol.ConnectionWatchdog     : Cannot reconnect to [localhost/<unresolved>:6379]: Connection refused: no further information: localhost/127.0.0.1:6379
2026-09-13T12:09:43.303-04:00  WARN 29984 --- [CatalogService] [ioEventLoop-4-1] i.l.core.protocol.ConnectionWatchdog     : Cannot reconnect to [localhost/<unresolved>:6379]: Connection refused: no further information: localhost/127.0.0.1:6379
2026-09-13T12:10:13.405-04:00  INFO 29984 --- [CatalogService] [xecutorLoop-1-4] i.l.core.protocol.ConnectionWatchdog     : Reconnecting, last destination was localhost/<unresolved>:6379
2026-09-13T12:10:13.405-04:00  INFO 29984 --- [CatalogService] [xecutorLoop-1-3] i.l.core.protocol.ConnectionWatchdog     : Reconnecting, last destination was localhost/<unresolved>:6379
2026-09-13T12:10:13.409-04:00  WARN 29984 --- [CatalogService] [ioEventLoop-4-3] i.l.core.protocol.ConnectionWatchdog     : Cannot reconnect to [localhost/<unresolved>:6379]: Connection refused: no further information: localhost/127.0.0.1:6379
2026-09-13T12:10:13.409-04:00  WARN 29984 --- [CatalogService] [ioEventLoop-4-4] i.l.core.protocol.ConnectionWatchdog     : Cannot reconnect to [localhost/<unresolved>:6379]: Connection refused: no further information: localhost/127.0.0.1:6379
2026-09-13T12:10:43.504-04:00  INFO 29984 --- [CatalogService] [xecutorLoop-1-4] i.l.core.protocol.ConnectionWatchdog     : Reconnecting, last destination was localhost/<unresolved>:6379
2026-09-13T12:10:43.504-04:00  INFO 29984 --- [CatalogService] [xecutorLoop-1-3] i.l.core.protocol.ConnectionWatchdog     : Reconnecting, last destination was localhost/<unresolved>:6379
2026-09-13T12:10:43.508-04:00  WARN 29984 --- [CatalogService] [ioEventLoop-4-2] i.l.core.protocol.ConnectionWatchdog     : Cannot reconnect to [localhost/<unresolved>:6379]: Connection refused: no further information: localhost/127.0.0.1:6379
2026-09-13T12:10:43.508-04:00  WARN 29984 --- [CatalogService] [ioEventLoop-4-1] i.l.core.protocol.ConnectionWatchdog     : Cannot reconnect to [localhost/<unresolved>:6379]: Connection refused: no further information: localhost/127.0.0.1:6379
2026-09-13T12:11:13.607-04:00  INFO 29984 --- [CatalogService] [xecutorLoop-1-4] i.l.core.protocol.ConnectionWatchdog     : Reconnecting, last destination was localhost/<unresolved>:6379
2026-09-13T12:11:13.607-04:00  INFO 29984 --- [CatalogService] [xecutorLoop-1-3] i.l.core.protocol.ConnectionWatchdog     : Reconnecting, last destination was localhost/<unresolved>:6379
2026-09-13T12:11:13.612-04:00  WARN 29984 --- [CatalogService] [ioEventLoop-4-3] i.l.core.protocol.ConnectionWatchdog     : Cannot reconnect to [localhost/<unresolved>:6379]: Connection refused: no further information: localhost/127.0.0.1:6379
2026-09-13T12:11:13.612-04:00  WARN 29984 --- [CatalogService] [ioEventLoop-4-4] i.l.core.protocol.ConnectionWatchdog     : Cannot reconnect to [localhost/<unresolved>:6379]: Connection refused: no further information: localhost/127.0.0.1:6379
2026-09-13T12:11:43.710-04:00  INFO 29984 --- [CatalogService] [xecutorLoop-1-4] i.l.core.protocol.ConnectionWatchdog     : Reconnecting, last destination was localhost/<unresolved>:6379
2026-09-13T12:11:43.710-04:00  INFO 29984 --- [CatalogService] [xecutorLoop-1-3] i.l.core.protocol.ConnectionWatchdog     : Reconnecting, last destination was localhost/<unresolved>:6379
2026-09-13T12:11:43.715-04:00  WARN 29984 --- [CatalogService] [ioEventLoop-4-2] i.l.core.protocol.ConnectionWatchdog     : Cannot reconnect to [localhost/<unresolved>:6379]: Connection refused: no further information: localhost/127.0.0.1:6379
2026-09-13T12:11:43.715-04:00  WARN 29984 --- [CatalogService] [ioEventLoop-4-1] i.l.core.protocol.ConnectionWatchdog     : Cannot reconnect to [localhost/<unresolved>:6379]: Connection refused: no further information: localhost/127.0.0.1:6379
2026-09-13T12:12:13.804-04:00  INFO 29984 --- [CatalogService] [xecutorLoop-1-3] i.l.core.protocol.ConnectionWatchdog     : Reconnecting, last destination was localhost/<unresolved>:6379
2026-09-13T12:12:13.804-04:00  INFO 29984 --- [CatalogService] [xecutorLoop-1-4] i.l.core.protocol.ConnectionWatchdog     : Reconnecting, last destination was localhost/<unresolved>:6379
2026-09-13T12:12:13.808-04:00  WARN 29984 --- [CatalogService] [ioEventLoop-4-3] i.l.core.protocol.ConnectionWatchdog     : Cannot reconnect to [localhost/<unresolved>:6379]: Connection refused: no further information: localhost/127.0.0.1:6379
2026-09-13T12:12:13.808-04:00  WARN 29984 --- [CatalogService] [ioEventLoop-4-4] i.l.core.protocol.ConnectionWatchdog     : Cannot reconnect to [localhost/<unresolved>:6379]: Connection refused: no further information: localhost/127.0.0.1:6379
2026-09-13T12:12:40.260-04:00  INFO 29984 --- [CatalogService] [rap-executor-%d] c.n.d.s.r.aws.ConfigClusterResolver      : Resolving eureka endpoints via configuration
2026-09-13T12:12:43.905-04:00  INFO 29984 --- [CatalogService] [xecutorLoop-1-3] i.l.core.protocol.ConnectionWatchdog     : Reconnecting, last destination was localhost/<unresolved>:6379
2026-09-13T12:12:43.905-04:00  INFO 29984 --- [CatalogService] [xecutorLoop-1-4] i.l.core.protocol.ConnectionWatchdog     : Reconnecting, last destination was localhost/<unresolved>:6379
2026-09-13T12:12:43.909-04:00  WARN 29984 --- [CatalogService] [ioEventLoop-4-2] i.l.core.protocol.ConnectionWatchdog     : Cannot reconnect to [localhost/<unresolved>:6379]: Connection refused: no further information: localhost/127.0.0.1:6379
2026-09-13T12:12:43.909-04:00  WARN 29984 --- [CatalogService] [ioEventLoop-4-1] i.l.core.protocol.ConnectionWatchdog     : Cannot reconnect to [localhost/<unresolved>:6379]: Connection refused: no further information: localhost/127.0.0.1:6379
2026-09-13T12:13:14.001-04:00  INFO 29984 --- [CatalogService] [xecutorLoop-1-3] i.l.core.protocol.ConnectionWatchdog     : Reconnecting, last destination was localhost/<unresolved>:6379
2026-09-13T12:13:14.001-04:00  INFO 29984 --- [CatalogService] [xecutorLoop-1-4] i.l.core.protocol.ConnectionWatchdog     : Reconnecting, last destination was localhost/<unresolved>:6379
2026-09-13T12:13:14.005-04:00  WARN 29984 --- [CatalogService] [ioEventLoop-4-4] i.l.core.protocol.ConnectionWatchdog     : Cannot reconnect to [localhost/<unresolved>:6379]: Connection refused: no further information: localhost/127.0.0.1:6379
2026-09-13T12:13:14.005-04:00  WARN 29984 --- [CatalogService] [ioEventLoop-4-3] i.l.core.protocol.ConnectionWatchdog     : Cannot reconnect to [localhost/<unresolved>:6379]: Connection refused: no further information: localhost/127.0.0.1:6379
2026-09-13T12:13:44.103-04:00  INFO 29984 --- [CatalogService] [xecutorLoop-1-3] i.l.core.protocol.ConnectionWatchdog     : Reconnecting, last destination was localhost/<unresolved>:6379
2026-09-13T12:13:44.103-04:00  INFO 29984 --- [CatalogService] [xecutorLoop-1-4] i.l.core.protocol.ConnectionWatchdog     : Reconnecting, last destination was localhost/<unresolved>:6379
2026-09-13T12:13:44.106-04:00  WARN 29984 --- [CatalogService] [ioEventLoop-4-1] i.l.core.protocol.ConnectionWatchdog     : Cannot reconnect to [localhost/<unresolved>:6379]: Connection refused: no further information: localhost/127.0.0.1:6379
2026-09-13T12:13:44.107-04:00  WARN 29984 --- [CatalogService] [ioEventLoop-4-2] i.l.core.protocol.ConnectionWatchdog     : Cannot reconnect to [localhost/<unresolved>:6379]: Connection refused: no further information: localhost/127.0.0.1:6379
2026-09-13T12:14:14.201-04:00  INFO 29984 --- [CatalogService] [xecutorLoop-1-3] i.l.core.protocol.ConnectionWatchdog     : Reconnecting, last destination was localhost/<unresolved>:6379
2026-09-13T12:14:14.201-04:00  INFO 29984 --- [CatalogService] [xecutorLoop-1-4] i.l.core.protocol.ConnectionWatchdog     : Reconnecting, last destination was localhost/<unresolved>:6379
2026-09-13T12:14:14.206-04:00  WARN 29984 --- [CatalogService] [ioEventLoop-4-4] i.l.core.protocol.ConnectionWatchdog     : Cannot reconnect to [localhost/<unresolved>:6379]: Connection refused: no further information: localhost/127.0.0.1:6379
2026-09-13T12:14:14.206-04:00  WARN 29984 --- [CatalogService] [ioEventLoop-4-3] i.l.core.protocol.ConnectionWatchdog     : Cannot reconnect to [localhost/<unresolved>:6379]: Connection refused: no further information: localhost/127.0.0.1:6379
2026-09-13T12:14:44.303-04:00  INFO 29984 --- [CatalogService] [xecutorLoop-1-4] i.l.core.protocol.ConnectionWatchdog     : Reconnecting, last destination was localhost/<unresolved>:6379
2026-09-13T12:14:44.303-04:00  INFO 29984 --- [CatalogService] [xecutorLoop-1-3] i.l.core.protocol.ConnectionWatchdog     : Reconnecting, last destination was localhost/<unresolved>:6379
2026-09-13T12:14:44.307-04:00  WARN 29984 --- [CatalogService] [ioEventLoop-4-1] i.l.core.protocol.ConnectionWatchdog     : Cannot reconnect to [localhost/<unresolved>:6379]: Connection refused: no further information: localhost/127.0.0.1:6379
2026-09-13T12:14:44.307-04:00  WARN 29984 --- [CatalogService] [ioEventLoop-4-2] i.l.core.protocol.ConnectionWatchdog     : Cannot reconnect to [localhost/<unresolved>:6379]: Connection refused: no further information: localhost/127.0.0.1:6379
2026-09-13T12:15:14.407-04:00  INFO 29984 --- [CatalogService] [xecutorLoop-1-3] i.l.core.protocol.ConnectionWatchdog     : Reconnecting, last destination was localhost/<unresolved>:6379
2026-09-13T12:15:14.407-04:00  INFO 29984 --- [CatalogService] [xecutorLoop-1-4] i.l.core.protocol.ConnectionWatchdog     : Reconnecting, last destination was localhost/<unresolved>:6379
2026-09-13T12:15:14.411-04:00  WARN 29984 --- [CatalogService] [ioEventLoop-4-4] i.l.core.protocol.ConnectionWatchdog     : Cannot reconnect to [localhost/<unresolved>:6379]: Connection refused: no further information: localhost/127.0.0.1:6379
2026-09-13T12:15:14.411-04:00  WARN 29984 --- [CatalogService] [ioEventLoop-4-3] i.l.core.protocol.ConnectionWatchdog     : Cannot reconnect to [localhost/<unresolved>:6379]: Connection refused: no further information: localhost/127.0.0.1:6379
2026-09-13T12:15:44.503-04:00  INFO 29984 --- [CatalogService] [xecutorLoop-1-4] i.l.core.protocol.ConnectionWatchdog     : Reconnecting, last destination was localhost/<unresolved>:6379
2026-09-13T12:15:44.504-04:00  INFO 29984 --- [CatalogService] [xecutorLoop-1-3] i.l.core.protocol.ConnectionWatchdog     : Reconnecting, last destination was localhost/<unresolved>:6379
2026-09-13T12:15:44.508-04:00  WARN 29984 --- [CatalogService] [ioEventLoop-4-1] i.l.core.protocol.ConnectionWatchdog     : Cannot reconnect to [localhost/<unresolved>:6379]: Connection refused: no further information: localhost/127.0.0.1:6379
2026-09-13T12:15:44.508-04:00  WARN 29984 --- [CatalogService] [ioEventLoop-4-2] i.l.core.protocol.ConnectionWatchdog     : Cannot reconnect to [localhost/<unresolved>:6379]: Connection refused: no further information: localhost/127.0.0.1:6379
2026-09-13T12:16:14.610-04:00  INFO 29984 --- [CatalogService] [xecutorLoop-1-3] i.l.core.protocol.ConnectionWatchdog     : Reconnecting, last destination was localhost/<unresolved>:6379
2026-09-13T12:16:14.610-04:00  INFO 29984 --- [CatalogService] [xecutorLoop-1-4] i.l.core.protocol.ConnectionWatchdog     : Reconnecting, last destination was localhost/<unresolved>:6379
2026-09-13T12:16:14.615-04:00  WARN 29984 --- [CatalogService] [ioEventLoop-4-3] i.l.core.protocol.ConnectionWatchdog     : Cannot reconnect to [localhost/<unresolved>:6379]: Connection refused: no further information: localhost/127.0.0.1:6379
2026-09-13T12:16:14.615-04:00  WARN 29984 --- [CatalogService] [ioEventLoop-4-4] i.l.core.protocol.ConnectionWatchdog     : Cannot reconnect to [localhost/<unresolved>:6379]: Connection refused: no further information: localhost/127.0.0.1:6379
2026-09-13T12:16:44.701-04:00  INFO 29984 --- [CatalogService] [xecutorLoop-1-3] i.l.core.protocol.ConnectionWatchdog     : Reconnecting, last destination was localhost/<unresolved>:6379
2026-09-13T12:16:44.701-04:00  INFO 29984 --- [CatalogService] [xecutorLoop-1-4] i.l.core.protocol.ConnectionWatchdog     : Reconnecting, last destination was localhost/<unresolved>:6379
2026-09-13T12:16:44.705-04:00  WARN 29984 --- [CatalogService] [ioEventLoop-4-1] i.l.core.protocol.ConnectionWatchdog     : Cannot reconnect to [localhost/<unresolved>:6379]: Connection refused: no further information: localhost/127.0.0.1:6379
2026-09-13T12:16:44.705-04:00  WARN 29984 --- [CatalogService] [ioEventLoop-4-2] i.l.core.protocol.ConnectionWatchdog     : Cannot reconnect to [localhost/<unresolved>:6379]: Connection refused: no further information: localhost/127.0.0.1:6379
2026-09-13T12:17:14.809-04:00  INFO 29984 --- [CatalogService] [xecutorLoop-1-3] i.l.core.protocol.ConnectionWatchdog     : Reconnecting, last destination was localhost/<unresolved>:6379
2026-09-13T12:17:14.809-04:00  INFO 29984 --- [CatalogService] [xecutorLoop-1-4] i.l.core.protocol.ConnectionWatchdog     : Reconnecting, last destination was localhost/<unresolved>:6379
2026-09-13T12:17:14.812-04:00  WARN 29984 --- [CatalogService] [ioEventLoop-4-4] i.l.core.protocol.ConnectionWatchdog     : Cannot reconnect to [localhost/<unresolved>:6379]: Connection refused: no further information: localhost/127.0.0.1:6379
2026-09-13T12:17:14.812-04:00  WARN 29984 --- [CatalogService] [ioEventLoop-4-3] i.l.core.protocol.ConnectionWatchdog     : Cannot reconnect to [localhost/<unresolved>:6379]: Connection refused: no further information: localhost/127.0.0.1:6379
2026-09-13T12:17:40.263-04:00  INFO 29984 --- [CatalogService] [rap-executor-%d] c.n.d.s.r.aws.ConfigClusterResolver      : Resolving eureka endpoints via configuration
2026-09-13T12:17:44.902-04:00  INFO 29984 --- [CatalogService] [xecutorLoop-1-3] i.l.core.protocol.ConnectionWatchdog     : Reconnecting, last destination was localhost/<unresolved>:6379
2026-09-13T12:17:44.902-04:00  INFO 29984 --- [CatalogService] [xecutorLoop-1-4] i.l.core.protocol.ConnectionWatchdog     : Reconnecting, last destination was localhost/<unresolved>:6379
2026-09-13T12:17:44.906-04:00  WARN 29984 --- [CatalogService] [ioEventLoop-4-1] i.l.core.protocol.ConnectionWatchdog     : Cannot reconnect to [localhost/<unresolved>:6379]: Connection refused: no further information: localhost/127.0.0.1:6379
2026-09-13T12:17:44.906-04:00  WARN 29984 --- [CatalogService] [ioEventLoop-4-2] i.l.core.protocol.ConnectionWatchdog     : Cannot reconnect to [localhost/<unresolved>:6379]: Connection refused: no further information: localhost/127.0.0.1:6379
2026-09-13T12:18:15.004-04:00  INFO 29984 --- [CatalogService] [xecutorLoop-1-3] i.l.core.protocol.ConnectionWatchdog     : Reconnecting, last destination was localhost/<unresolved>:6379
2026-09-13T12:18:15.004-04:00  INFO 29984 --- [CatalogService] [xecutorLoop-1-4] i.l.core.protocol.ConnectionWatchdog     : Reconnecting, last destination was localhost/<unresolved>:6379
2026-09-13T12:18:15.008-04:00  WARN 29984 --- [CatalogService] [ioEventLoop-4-4] i.l.core.protocol.ConnectionWatchdog     : Cannot reconnect to [localhost/<unresolved>:6379]: Connection refused: no further information: localhost/127.0.0.1:6379
2026-09-13T12:18:15.008-04:00  WARN 29984 --- [CatalogService] [ioEventLoop-4-3] i.l.core.protocol.ConnectionWatchdog     : Cannot reconnect to [localhost/<unresolved>:6379]: Connection refused: no further information: localhost/127.0.0.1:6379
2026-09-13T12:18:45.102-04:00  INFO 29984 --- [CatalogService] [xecutorLoop-1-3] i.l.core.protocol.ConnectionWatchdog     : Reconnecting, last destination was localhost/<unresolved>:6379
2026-09-13T12:18:45.102-04:00  INFO 29984 --- [CatalogService] [xecutorLoop-1-4] i.l.core.protocol.ConnectionWatchdog     : Reconnecting, last destination was localhost/<unresolved>:6379
2026-09-13T12:18:45.105-04:00  WARN 29984 --- [CatalogService] [ioEventLoop-4-2] i.l.core.protocol.ConnectionWatchdog     : Cannot reconnect to [localhost/<unresolved>:6379]: Connection refused: no further information: localhost/127.0.0.1:6379
2026-09-13T12:18:45.105-04:00  WARN 29984 --- [CatalogService] [ioEventLoop-4-1] i.l.core.protocol.ConnectionWatchdog     : Cannot reconnect to [localhost/<unresolved>:6379]: Connection refused: no further information: localhost/127.0.0.1:6379
2026-09-13T12:19:15.203-04:00  INFO 29984 --- [CatalogService] [xecutorLoop-1-3] i.l.core.protocol.ConnectionWatchdog     : Reconnecting, last destination was localhost/<unresolved>:6379
2026-09-13T12:19:15.203-04:00  INFO 29984 --- [CatalogService] [xecutorLoop-1-4] i.l.core.protocol.ConnectionWatchdog     : Reconnecting, last destination was localhost/<unresolved>:6379
2026-09-13T12:19:15.205-04:00  WARN 29984 --- [CatalogService] [ioEventLoop-4-4] i.l.core.protocol.ConnectionWatchdog     : Cannot reconnect to [localhost/<unresolved>:6379]: Connection refused: no further information: localhost/127.0.0.1:6379
2026-09-13T12:19:15.205-04:00  WARN 29984 --- [CatalogService] [ioEventLoop-4-3] i.l.core.protocol.ConnectionWatchdog     : Cannot reconnect to [localhost/<unresolved>:6379]: Connection refused: no further information: localhost/127.0.0.1:6379
2026-09-13T12:19:45.302-04:00  INFO 29984 --- [CatalogService] [xecutorLoop-1-3] i.l.core.protocol.ConnectionWatchdog     : Reconnecting, last destination was localhost/<unresolved>:6379
2026-09-13T12:19:45.302-04:00  INFO 29984 --- [CatalogService] [xecutorLoop-1-4] i.l.core.protocol.ConnectionWatchdog     : Reconnecting, last destination was localhost/<unresolved>:6379
2026-09-13T12:19:45.307-04:00  WARN 29984 --- [CatalogService] [ioEventLoop-4-1] i.l.core.protocol.ConnectionWatchdog     : Cannot reconnect to [localhost/<unresolved>:6379]: Connection refused: no further information: localhost/127.0.0.1:6379
2026-09-13T12:19:45.307-04:00  WARN 29984 --- [CatalogService] [ioEventLoop-4-2] i.l.core.protocol.ConnectionWatchdog     : Cannot reconnect to [localhost/<unresolved>:6379]: Connection refused: no further information: localhost/127.0.0.1:6379
2026-09-13T12:20:15.406-04:00  INFO 29984 --- [CatalogService] [xecutorLoop-1-4] i.l.core.protocol.ConnectionWatchdog     : Reconnecting, last destination was localhost/<unresolved>:6379
2026-09-13T12:20:15.406-04:00  INFO 29984 --- [CatalogService] [xecutorLoop-1-3] i.l.core.protocol.ConnectionWatchdog     : Reconnecting, last destination was localhost/<unresolved>:6379
2026-09-13T12:20:15.408-04:00  WARN 29984 --- [CatalogService] [ioEventLoop-4-3] i.l.core.protocol.ConnectionWatchdog     : Cannot reconnect to [localhost/<unresolved>:6379]: Connection refused: no further information: localhost/127.0.0.1:6379
2026-09-13T12:20:15.408-04:00  WARN 29984 --- [CatalogService] [ioEventLoop-4-4] i.l.core.protocol.ConnectionWatchdog     : Cannot reconnect to [localhost/<unresolved>:6379]: Connection refused: no further information: localhost/127.0.0.1:6379
2026-09-13T12:20:45.506-04:00  INFO 29984 --- [CatalogService] [xecutorLoop-1-3] i.l.core.protocol.ConnectionWatchdog     : Reconnecting, last destination was localhost/<unresolved>:6379
2026-09-13T12:20:45.508-04:00  WARN 29984 --- [CatalogService] [ioEventLoop-4-1] i.l.core.protocol.ConnectionWatchdog     : Cannot reconnect to [localhost/<unresolved>:6379]: Connection refused: no further information: localhost/127.0.0.1:6379
2026-09-13T12:20:45.508-04:00  INFO 29984 --- [CatalogService] [xecutorLoop-1-4] i.l.core.protocol.ConnectionWatchdog     : Reconnecting, last destination was localhost/<unresolved>:6379
2026-09-13T12:20:45.509-04:00  WARN 29984 --- [CatalogService] [ioEventLoop-4-2] i.l.core.protocol.ConnectionWatchdog     : Cannot reconnect to [localhost/<unresolved>:6379]: Connection refused: no further information: localhost/127.0.0.1:6379
2026-09-13T12:21:15.602-04:00  INFO 29984 --- [CatalogService] [xecutorLoop-1-4] i.l.core.protocol.ConnectionWatchdog     : Reconnecting, last destination was localhost/<unresolved>:6379
2026-09-13T12:21:15.602-04:00  INFO 29984 --- [CatalogService] [xecutorLoop-1-3] i.l.core.protocol.ConnectionWatchdog     : Reconnecting, last destination was localhost/<unresolved>:6379
2026-09-13T12:21:15.605-04:00  WARN 29984 --- [CatalogService] [ioEventLoop-4-4] i.l.core.protocol.ConnectionWatchdog     : Cannot reconnect to [localhost/<unresolved>:6379]: Connection refused: no further information: localhost/127.0.0.1:6379
2026-09-13T12:21:15.605-04:00  WARN 29984 --- [CatalogService] [ioEventLoop-4-3] i.l.core.protocol.ConnectionWatchdog     : Cannot reconnect to [localhost/<unresolved>:6379]: Connection refused: no further information: localhost/127.0.0.1:6379
2026-09-13T12:21:45.703-04:00  INFO 29984 --- [CatalogService] [xecutorLoop-1-4] i.l.core.protocol.ConnectionWatchdog     : Reconnecting, last destination was localhost/<unresolved>:6379
2026-09-13T12:21:45.703-04:00  INFO 29984 --- [CatalogService] [xecutorLoop-1-3] i.l.core.protocol.ConnectionWatchdog     : Reconnecting, last destination was localhost/<unresolved>:6379
2026-09-13T12:21:45.706-04:00  WARN 29984 --- [CatalogService] [ioEventLoop-4-1] i.l.core.protocol.ConnectionWatchdog     : Cannot reconnect to [localhost/<unresolved>:6379]: Connection refused: no further information: localhost/127.0.0.1:6379
2026-09-13T12:21:45.706-04:00  WARN 29984 --- [CatalogService] [ioEventLoop-4-2] i.l.core.protocol.ConnectionWatchdog     : Cannot reconnect to [localhost/<unresolved>:6379]: Connection refused: no further information: localhost/127.0.0.1:6379
2026-09-13T12:22:15.803-04:00  INFO 29984 --- [CatalogService] [xecutorLoop-1-3] i.l.core.protocol.ConnectionWatchdog     : Reconnecting, last destination was localhost/<unresolved>:6379
2026-09-13T12:22:15.803-04:00  INFO 29984 --- [CatalogService] [xecutorLoop-1-4] i.l.core.protocol.ConnectionWatchdog     : Reconnecting, last destination was localhost/<unresolved>:6379
2026-09-13T12:22:15.803-04:00  WARN 29984 --- [CatalogService] [ioEventLoop-4-3] i.l.core.protocol.ConnectionWatchdog     : Cannot reconnect to [localhost/<unresolved>:6379]: Connection refused: no further information: localhost/127.0.0.1:6379
2026-09-13T12:22:15.803-04:00  WARN 29984 --- [CatalogService] [ioEventLoop-4-4] i.l.core.protocol.ConnectionWatchdog     : Cannot reconnect to [localhost/<unresolved>:6379]: Connection refused: no further information: localhost/127.0.0.1:6379
2026-09-13T12:22:40.275-04:00  INFO 29984 --- [CatalogService] [rap-executor-%d] c.n.d.s.r.aws.ConfigClusterResolver      : Resolving eureka endpoints via configuration
2026-09-13T12:22:45.911-04:00  INFO 29984 --- [CatalogService] [xecutorLoop-1-3] i.l.core.protocol.ConnectionWatchdog     : Reconnecting, last destination was localhost/<unresolved>:6379
2026-09-13T12:22:45.911-04:00  INFO 29984 --- [CatalogService] [xecutorLoop-1-4] i.l.core.protocol.ConnectionWatchdog     : Reconnecting, last destination was localhost/<unresolved>:6379
2026-09-13T12:22:45.917-04:00  WARN 29984 --- [CatalogService] [ioEventLoop-4-1] i.l.core.protocol.ConnectionWatchdog     : Cannot reconnect to [localhost/<unresolved>:6379]: Connection refused: no further information: localhost/127.0.0.1:6379
2026-09-13T12:22:45.917-04:00  WARN 29984 --- [CatalogService] [ioEventLoop-4-2] i.l.core.protocol.ConnectionWatchdog     : Cannot reconnect to [localhost/<unresolved>:6379]: Connection refused: no further information: localhost/127.0.0.1:6379
2026-09-13T12:23:16.006-04:00  INFO 29984 --- [CatalogService] [xecutorLoop-1-3] i.l.core.protocol.ConnectionWatchdog     : Reconnecting, last destination was localhost/<unresolved>:6379
2026-09-13T12:23:16.008-04:00  INFO 29984 --- [CatalogService] [xecutorLoop-1-4] i.l.core.protocol.ConnectionWatchdog     : Reconnecting, last destination was localhost/<unresolved>:6379
2026-09-13T12:23:16.010-04:00  WARN 29984 --- [CatalogService] [ioEventLoop-4-3] i.l.core.protocol.ConnectionWatchdog     : Cannot reconnect to [localhost/<unresolved>:6379]: Connection refused: no further information: localhost/127.0.0.1:6379
2026-09-13T12:23:16.011-04:00  WARN 29984 --- [CatalogService] [ioEventLoop-4-4] i.l.core.protocol.ConnectionWatchdog     : Cannot reconnect to [localhost/<unresolved>:6379]: Connection refused: no further information: localhost/127.0.0.1:6379
2026-09-13T12:23:46.103-04:00  INFO 29984 --- [CatalogService] [xecutorLoop-1-3] i.l.core.protocol.ConnectionWatchdog     : Reconnecting, last destination was localhost/<unresolved>:6379
2026-09-13T12:23:46.104-04:00  INFO 29984 --- [CatalogService] [xecutorLoop-1-4] i.l.core.protocol.ConnectionWatchdog     : Reconnecting, last destination was localhost/<unresolved>:6379
2026-09-13T12:23:46.109-04:00  WARN 29984 --- [CatalogService] [ioEventLoop-4-1] i.l.core.protocol.ConnectionWatchdog     : Cannot reconnect to [localhost/<unresolved>:6379]: Connection refused: no further information: localhost/127.0.0.1:6379
2026-09-13T12:23:46.110-04:00  WARN 29984 --- [CatalogService] [ioEventLoop-4-2] i.l.core.protocol.ConnectionWatchdog     : Cannot reconnect to [localhost/<unresolved>:6379]: Connection refused: no further information: localhost/127.0.0.1:6379
2026-09-13T12:24:16.204-04:00  INFO 29984 --- [CatalogService] [xecutorLoop-1-4] i.l.core.protocol.ConnectionWatchdog     : Reconnecting, last destination was localhost/<unresolved>:6379
2026-09-13T12:24:16.204-04:00  INFO 29984 --- [CatalogService] [xecutorLoop-1-3] i.l.core.protocol.ConnectionWatchdog     : Reconnecting, last destination was localhost/<unresolved>:6379
2026-09-13T12:24:16.209-04:00  WARN 29984 --- [CatalogService] [ioEventLoop-4-3] i.l.core.protocol.ConnectionWatchdog     : Cannot reconnect to [localhost/<unresolved>:6379]: Connection refused: no further information: localhost/127.0.0.1:6379
2026-09-13T12:24:16.209-04:00  WARN 29984 --- [CatalogService] [ioEventLoop-4-4] i.l.core.protocol.ConnectionWatchdog     : Cannot reconnect to [localhost/<unresolved>:6379]: Connection refused: no further information: localhost/127.0.0.1:6379
2026-09-13T12:24:46.303-04:00  INFO 29984 --- [CatalogService] [xecutorLoop-1-4] i.l.core.protocol.ConnectionWatchdog     : Reconnecting, last destination was localhost/<unresolved>:6379
2026-09-13T12:24:46.303-04:00  INFO 29984 --- [CatalogService] [xecutorLoop-1-3] i.l.core.protocol.ConnectionWatchdog     : Reconnecting, last destination was localhost/<unresolved>:6379
2026-09-13T12:24:46.306-04:00  WARN 29984 --- [CatalogService] [ioEventLoop-4-2] i.l.core.protocol.ConnectionWatchdog     : Cannot reconnect to [localhost/<unresolved>:6379]: Connection refused: no further information: localhost/127.0.0.1:6379
2026-09-13T12:24:46.306-04:00  WARN 29984 --- [CatalogService] [ioEventLoop-4-1] i.l.core.protocol.ConnectionWatchdog     : Cannot reconnect to [localhost/<unresolved>:6379]: Connection refused: no further information: localhost/127.0.0.1:6379
2026-09-13T12:25:16.402-04:00  INFO 29984 --- [CatalogService] [xecutorLoop-1-3] i.l.core.protocol.ConnectionWatchdog     : Reconnecting, last destination was localhost/<unresolved>:6379
2026-09-13T12:25:16.402-04:00  INFO 29984 --- [CatalogService] [xecutorLoop-1-4] i.l.core.protocol.ConnectionWatchdog     : Reconnecting, last destination was localhost/<unresolved>:6379
2026-09-13T12:25:16.404-04:00  WARN 29984 --- [CatalogService] [ioEventLoop-4-3] i.l.core.protocol.ConnectionWatchdog     : Cannot reconnect to [localhost/<unresolved>:6379]: Connection refused: no further information: localhost/127.0.0.1:6379
2026-09-13T12:25:16.404-04:00  WARN 29984 --- [CatalogService] [ioEventLoop-4-4] i.l.core.protocol.ConnectionWatchdog     : Cannot reconnect to [localhost/<unresolved>:6379]: Connection refused: no further information: localhost/127.0.0.1:6379
2026-09-13T12:25:46.507-04:00  INFO 29984 --- [CatalogService] [xecutorLoop-1-4] i.l.core.protocol.ConnectionWatchdog     : Reconnecting, last destination was localhost/<unresolved>:6379
2026-09-13T12:25:46.507-04:00  INFO 29984 --- [CatalogService] [xecutorLoop-1-3] i.l.core.protocol.ConnectionWatchdog     : Reconnecting, last destination was localhost/<unresolved>:6379
2026-09-13T12:25:46.511-04:00  WARN 29984 --- [CatalogService] [ioEventLoop-4-1] i.l.core.protocol.ConnectionWatchdog     : Cannot reconnect to [localhost/<unresolved>:6379]: Connection refused: no further information: localhost/127.0.0.1:6379
2026-09-13T12:25:46.511-04:00  WARN 29984 --- [CatalogService] [ioEventLoop-4-2] i.l.core.protocol.ConnectionWatchdog     : Cannot reconnect to [localhost/<unresolved>:6379]: Connection refused: no further information: localhost/127.0.0.1:6379
2026-09-13T12:26:16.603-04:00  INFO 29984 --- [CatalogService] [xecutorLoop-1-4] i.l.core.protocol.ConnectionWatchdog     : Reconnecting, last destination was localhost/<unresolved>:6379
2026-09-13T12:26:16.603-04:00  INFO 29984 --- [CatalogService] [xecutorLoop-1-3] i.l.core.protocol.ConnectionWatchdog     : Reconnecting, last destination was localhost/<unresolved>:6379
2026-09-13T12:26:16.604-04:00  WARN 29984 --- [CatalogService] [ioEventLoop-4-4] i.l.core.protocol.ConnectionWatchdog     : Cannot reconnect to [localhost/<unresolved>:6379]: Connection refused: no further information: localhost/127.0.0.1:6379
2026-09-13T12:26:16.604-04:00  WARN 29984 --- [CatalogService] [ioEventLoop-4-3] i.l.core.protocol.ConnectionWatchdog     : Cannot reconnect to [localhost/<unresolved>:6379]: Connection refused: no further information: localhost/127.0.0.1:6379
2026-09-13T12:26:46.704-04:00  INFO 29984 --- [CatalogService] [xecutorLoop-1-3] i.l.core.protocol.ConnectionWatchdog     : Reconnecting, last destination was localhost/<unresolved>:6379
2026-09-13T12:26:46.704-04:00  INFO 29984 --- [CatalogService] [xecutorLoop-1-4] i.l.core.protocol.ConnectionWatchdog     : Reconnecting, last destination was localhost/<unresolved>:6379
2026-09-13T12:26:46.708-04:00  WARN 29984 --- [CatalogService] [ioEventLoop-4-2] i.l.core.protocol.ConnectionWatchdog     : Cannot reconnect to [localhost/<unresolved>:6379]: Connection refused: no further information: localhost/127.0.0.1:6379
2026-09-13T12:26:46.708-04:00  WARN 29984 --- [CatalogService] [ioEventLoop-4-1] i.l.core.protocol.ConnectionWatchdog     : Cannot reconnect to [localhost/<unresolved>:6379]: Connection refused: no further information: localhost/127.0.0.1:6379
2026-09-13T12:27:16.805-04:00  INFO 29984 --- [CatalogService] [xecutorLoop-1-3] i.l.core.protocol.ConnectionWatchdog     : Reconnecting, last destination was localhost/<unresolved>:6379
2026-09-13T12:27:16.805-04:00  INFO 29984 --- [CatalogService] [xecutorLoop-1-4] i.l.core.protocol.ConnectionWatchdog     : Reconnecting, last destination was localhost/<unresolved>:6379
2026-09-13T12:27:16.808-04:00  WARN 29984 --- [CatalogService] [ioEventLoop-4-3] i.l.core.protocol.ConnectionWatchdog     : Cannot reconnect to [localhost/<unresolved>:6379]: Connection refused: no further information: localhost/127.0.0.1:6379
2026-09-13T12:27:16.809-04:00  WARN 29984 --- [CatalogService] [ioEventLoop-4-4] i.l.core.protocol.ConnectionWatchdog     : Cannot reconnect to [localhost/<unresolved>:6379]: Connection refused: no further information: localhost/127.0.0.1:6379
2026-09-13T12:27:40.289-04:00  INFO 29984 --- [CatalogService] [rap-executor-%d] c.n.d.s.r.aws.ConfigClusterResolver      : Resolving eureka endpoints via configuration
2026-09-13T12:27:46.907-04:00  INFO 29984 --- [CatalogService] [xecutorLoop-1-3] i.l.core.protocol.ConnectionWatchdog     : Reconnecting, last destination was localhost/<unresolved>:6379
2026-09-13T12:27:46.907-04:00  INFO 29984 --- [CatalogService] [xecutorLoop-1-4] i.l.core.protocol.ConnectionWatchdog     : Reconnecting, last destination was localhost/<unresolved>:6379
2026-09-13T12:27:46.911-04:00  WARN 29984 --- [CatalogService] [ioEventLoop-4-1] i.l.core.protocol.ConnectionWatchdog     : Cannot reconnect to [localhost/<unresolved>:6379]: Connection refused: no further information: localhost/127.0.0.1:6379
2026-09-13T12:27:46.911-04:00  WARN 29984 --- [CatalogService] [ioEventLoop-4-2] i.l.core.protocol.ConnectionWatchdog     : Cannot reconnect to [localhost/<unresolved>:6379]: Connection refused: no further information: localhost/127.0.0.1:6379
2026-09-13T12:28:17.004-04:00  INFO 29984 --- [CatalogService] [xecutorLoop-1-3] i.l.core.protocol.ConnectionWatchdog     : Reconnecting, last destination was localhost/<unresolved>:6379
2026-09-13T12:28:17.005-04:00  INFO 29984 --- [CatalogService] [xecutorLoop-1-4] i.l.core.protocol.ConnectionWatchdog     : Reconnecting, last destination was localhost/<unresolved>:6379
2026-09-13T12:28:17.010-04:00  WARN 29984 --- [CatalogService] [ioEventLoop-4-4] i.l.core.protocol.ConnectionWatchdog     : Cannot reconnect to [localhost/<unresolved>:6379]: Connection refused: no further information: localhost/127.0.0.1:6379
2026-09-13T12:28:17.011-04:00  WARN 29984 --- [CatalogService] [xecutorLoop-1-4] i.l.core.protocol.ConnectionWatchdog     : Cannot reconnect to [localhost/<unresolved>:6379]: Connection refused: no further information: localhost/127.0.0.1:6379
2026-09-13T12:28:47.108-04:00  INFO 29984 --- [CatalogService] [xecutorLoop-1-3] i.l.core.protocol.ConnectionWatchdog     : Reconnecting, last destination was localhost/<unresolved>:6379
2026-09-13T12:28:47.108-04:00  INFO 29984 --- [CatalogService] [xecutorLoop-1-4] i.l.core.protocol.ConnectionWatchdog     : Reconnecting, last destination was localhost/<unresolved>:6379
2026-09-13T12:28:47.112-04:00  WARN 29984 --- [CatalogService] [ioEventLoop-4-2] i.l.core.protocol.ConnectionWatchdog     : Cannot reconnect to [localhost/<unresolved>:6379]: Connection refused: no further information: localhost/127.0.0.1:6379
2026-09-13T12:28:47.112-04:00  WARN 29984 --- [CatalogService] [ioEventLoop-4-1] i.l.core.protocol.ConnectionWatchdog     : Cannot reconnect to [localhost/<unresolved>:6379]: Connection refused: no further information: localhost/127.0.0.1:6379
2026-09-13T12:29:17.208-04:00  INFO 29984 --- [CatalogService] [xecutorLoop-1-3] i.l.core.protocol.ConnectionWatchdog     : Reconnecting, last destination was localhost/<unresolved>:6379
2026-09-13T12:29:17.208-04:00  INFO 29984 --- [CatalogService] [xecutorLoop-1-4] i.l.core.protocol.ConnectionWatchdog     : Reconnecting, last destination was localhost/<unresolved>:6379
2026-09-13T12:29:17.213-04:00  WARN 29984 --- [CatalogService] [ioEventLoop-4-4] i.l.core.protocol.ConnectionWatchdog     : Cannot reconnect to [localhost/<unresolved>:6379]: Connection refused: no further information: localhost/127.0.0.1:6379
2026-09-13T12:29:17.213-04:00  WARN 29984 --- [CatalogService] [ioEventLoop-4-3] i.l.core.protocol.ConnectionWatchdog     : Cannot reconnect to [localhost/<unresolved>:6379]: Connection refused: no further information: localhost/127.0.0.1:6379
2026-09-13T12:29:47.309-04:00  INFO 29984 --- [CatalogService] [xecutorLoop-1-4] i.l.core.protocol.ConnectionWatchdog     : Reconnecting, last destination was localhost/<unresolved>:6379
2026-09-13T12:29:47.309-04:00  INFO 29984 --- [CatalogService] [xecutorLoop-1-3] i.l.core.protocol.ConnectionWatchdog     : Reconnecting, last destination was localhost/<unresolved>:6379
2026-09-13T12:29:47.316-04:00  WARN 29984 --- [CatalogService] [ioEventLoop-4-2] i.l.core.protocol.ConnectionWatchdog     : Cannot reconnect to [localhost/<unresolved>:6379]: Connection refused: no further information: localhost/127.0.0.1:6379
2026-09-13T12:29:47.320-04:00  WARN 29984 --- [CatalogService] [xecutorLoop-1-3] i.l.core.protocol.ConnectionWatchdog     : Cannot reconnect to [localhost/<unresolved>:6379]: Connection refused: no further information: localhost/127.0.0.1:6379
2026-09-13T12:30:17.405-04:00  INFO 29984 --- [CatalogService] [xecutorLoop-1-4] i.l.core.protocol.ConnectionWatchdog     : Reconnecting, last destination was localhost/<unresolved>:6379
2026-09-13T12:30:17.405-04:00  INFO 29984 --- [CatalogService] [xecutorLoop-1-3] i.l.core.protocol.ConnectionWatchdog     : Reconnecting, last destination was localhost/<unresolved>:6379
2026-09-13T12:30:17.410-04:00  WARN 29984 --- [CatalogService] [ioEventLoop-4-3] i.l.core.protocol.ConnectionWatchdog     : Cannot reconnect to [localhost/<unresolved>:6379]: Connection refused: no further information: localhost/127.0.0.1:6379
2026-09-13T12:30:17.410-04:00  WARN 29984 --- [CatalogService] [ioEventLoop-4-4] i.l.core.protocol.ConnectionWatchdog     : Cannot reconnect to [localhost/<unresolved>:6379]: Connection refused: no further information: localhost/127.0.0.1:6379
2026-09-13T12:30:47.508-04:00  INFO 29984 --- [CatalogService] [xecutorLoop-1-4] i.l.core.protocol.ConnectionWatchdog     : Reconnecting, last destination was localhost/<unresolved>:6379
2026-09-13T12:30:47.508-04:00  INFO 29984 --- [CatalogService] [xecutorLoop-1-3] i.l.core.protocol.ConnectionWatchdog     : Reconnecting, last destination was localhost/<unresolved>:6379
2026-09-13T12:30:47.513-04:00  WARN 29984 --- [CatalogService] [ioEventLoop-4-1] i.l.core.protocol.ConnectionWatchdog     : Cannot reconnect to [localhost/<unresolved>:6379]: Connection refused: no further information: localhost/127.0.0.1:6379
2026-09-13T12:30:47.513-04:00  WARN 29984 --- [CatalogService] [ioEventLoop-4-2] i.l.core.protocol.ConnectionWatchdog     : Cannot reconnect to [localhost/<unresolved>:6379]: Connection refused: no further information: localhost/127.0.0.1:6379
2026-09-13T12:31:17.604-04:00  INFO 29984 --- [CatalogService] [xecutorLoop-1-3] i.l.core.protocol.ConnectionWatchdog     : Reconnecting, last destination was localhost/<unresolved>:6379
2026-09-13T12:31:17.604-04:00  INFO 29984 --- [CatalogService] [xecutorLoop-1-4] i.l.core.protocol.ConnectionWatchdog     : Reconnecting, last destination was localhost/<unresolved>:6379
2026-09-13T12:31:17.608-04:00  WARN 29984 --- [CatalogService] [ioEventLoop-4-4] i.l.core.protocol.ConnectionWatchdog     : Cannot reconnect to [localhost/<unresolved>:6379]: Connection refused: no further information: localhost/127.0.0.1:6379
2026-09-13T12:31:17.608-04:00  WARN 29984 --- [CatalogService] [ioEventLoop-4-3] i.l.core.protocol.ConnectionWatchdog     : Cannot reconnect to [localhost/<unresolved>:6379]: Connection refused: no further information: localhost/127.0.0.1:6379
2026-09-13T12:31:47.713-04:00  INFO 29984 --- [CatalogService] [xecutorLoop-1-3] i.l.core.protocol.ConnectionWatchdog     : Reconnecting, last destination was localhost/<unresolved>:6379
2026-09-13T12:31:47.713-04:00  INFO 29984 --- [CatalogService] [xecutorLoop-1-4] i.l.core.protocol.ConnectionWatchdog     : Reconnecting, last destination was localhost/<unresolved>:6379
2026-09-13T12:31:47.723-04:00  WARN 29984 --- [CatalogService] [ioEventLoop-4-1] i.l.core.protocol.ConnectionWatchdog     : Cannot reconnect to [localhost/<unresolved>:6379]: Connection refused: no further information: localhost/127.0.0.1:6379
2026-09-13T12:31:47.723-04:00  WARN 29984 --- [CatalogService] [ioEventLoop-4-2] i.l.core.protocol.ConnectionWatchdog     : Cannot reconnect to [localhost/<unresolved>:6379]: Connection refused: no further information: localhost/127.0.0.1:6379
2026-09-13T12:32:17.804-04:00  INFO 29984 --- [CatalogService] [xecutorLoop-1-3] i.l.core.protocol.ConnectionWatchdog     : Reconnecting, last destination was localhost/<unresolved>:6379
2026-09-13T12:32:17.804-04:00  INFO 29984 --- [CatalogService] [xecutorLoop-1-4] i.l.core.protocol.ConnectionWatchdog     : Reconnecting, last destination was localhost/<unresolved>:6379
2026-09-13T12:32:17.810-04:00  WARN 29984 --- [CatalogService] [ioEventLoop-4-3] i.l.core.protocol.ConnectionWatchdog     : Cannot reconnect to [localhost/<unresolved>:6379]: Connection refused: no further information: localhost/127.0.0.1:6379
2026-09-13T12:32:17.810-04:00  WARN 29984 --- [CatalogService] [ioEventLoop-4-4] i.l.core.protocol.ConnectionWatchdog     : Cannot reconnect to [localhost/<unresolved>:6379]: Connection refused: no further information: localhost/127.0.0.1:6379
2026-09-13T12:32:40.301-04:00  INFO 29984 --- [CatalogService] [rap-executor-%d] c.n.d.s.r.aws.ConfigClusterResolver      : Resolving eureka endpoints via configuration
2026-09-13T12:32:47.905-04:00  INFO 29984 --- [CatalogService] [xecutorLoop-1-4] i.l.core.protocol.ConnectionWatchdog     : Reconnecting, last destination was localhost/<unresolved>:6379
2026-09-13T12:32:47.905-04:00  INFO 29984 --- [CatalogService] [xecutorLoop-1-3] i.l.core.protocol.ConnectionWatchdog     : Reconnecting, last destination was localhost/<unresolved>:6379
2026-09-13T12:32:47.909-04:00  WARN 29984 --- [CatalogService] [ioEventLoop-4-1] i.l.core.protocol.ConnectionWatchdog     : Cannot reconnect to [localhost/<unresolved>:6379]: Connection refused: no further information: localhost/127.0.0.1:6379
2026-09-13T12:32:47.909-04:00  WARN 29984 --- [CatalogService] [ioEventLoop-4-2] i.l.core.protocol.ConnectionWatchdog     : Cannot reconnect to [localhost/<unresolved>:6379]: Connection refused: no further information: localhost/127.0.0.1:6379
2026-09-13T12:33:18.005-04:00  INFO 29984 --- [CatalogService] [xecutorLoop-1-3] i.l.core.protocol.ConnectionWatchdog     : Reconnecting, last destination was localhost/<unresolved>:6379
2026-09-13T12:33:18.005-04:00  INFO 29984 --- [CatalogService] [xecutorLoop-1-4] i.l.core.protocol.ConnectionWatchdog     : Reconnecting, last destination was localhost/<unresolved>:6379
2026-09-13T12:33:18.009-04:00  WARN 29984 --- [CatalogService] [ioEventLoop-4-4] i.l.core.protocol.ConnectionWatchdog     : Cannot reconnect to [localhost/<unresolved>:6379]: Connection refused: no further information: localhost/127.0.0.1:6379
2026-09-13T12:33:18.009-04:00  WARN 29984 --- [CatalogService] [ioEventLoop-4-3] i.l.core.protocol.ConnectionWatchdog     : Cannot reconnect to [localhost/<unresolved>:6379]: Connection refused: no further information: localhost/127.0.0.1:6379
2026-09-13T12:33:48.107-04:00  INFO 29984 --- [CatalogService] [xecutorLoop-1-3] i.l.core.protocol.ConnectionWatchdog     : Reconnecting, last destination was localhost/<unresolved>:6379
2026-09-13T12:33:48.107-04:00  INFO 29984 --- [CatalogService] [xecutorLoop-1-4] i.l.core.protocol.ConnectionWatchdog     : Reconnecting, last destination was localhost/<unresolved>:6379
2026-09-13T12:33:48.111-04:00  WARN 29984 --- [CatalogService] [ioEventLoop-4-1] i.l.core.protocol.ConnectionWatchdog     : Cannot reconnect to [localhost/<unresolved>:6379]: Connection refused: no further information: localhost/127.0.0.1:6379
2026-09-13T12:33:48.111-04:00  WARN 29984 --- [CatalogService] [ioEventLoop-4-2] i.l.core.protocol.ConnectionWatchdog     : Cannot reconnect to [localhost/<unresolved>:6379]: Connection refused: no further information: localhost/127.0.0.1:6379
2026-09-13T12:34:18.204-04:00  INFO 29984 --- [CatalogService] [xecutorLoop-1-3] i.l.core.protocol.ConnectionWatchdog     : Reconnecting, last destination was localhost/<unresolved>:6379
2026-09-13T12:34:18.204-04:00  INFO 29984 --- [CatalogService] [xecutorLoop-1-4] i.l.core.protocol.ConnectionWatchdog     : Reconnecting, last destination was localhost/<unresolved>:6379
2026-09-13T12:34:18.211-04:00  WARN 29984 --- [CatalogService] [ioEventLoop-4-3] i.l.core.protocol.ConnectionWatchdog     : Cannot reconnect to [localhost/<unresolved>:6379]: Connection refused: no further information: localhost/127.0.0.1:6379
2026-09-13T12:34:18.211-04:00  WARN 29984 --- [CatalogService] [ioEventLoop-4-4] i.l.core.protocol.ConnectionWatchdog     : Cannot reconnect to [localhost/<unresolved>:6379]: Connection refused: no further information: localhost/127.0.0.1:6379
2026-09-13T12:34:48.305-04:00  INFO 29984 --- [CatalogService] [xecutorLoop-1-3] i.l.core.protocol.ConnectionWatchdog     : Reconnecting, last destination was localhost/<unresolved>:6379
2026-09-13T12:34:48.305-04:00  INFO 29984 --- [CatalogService] [xecutorLoop-1-4] i.l.core.protocol.ConnectionWatchdog     : Reconnecting, last destination was localhost/<unresolved>:6379
2026-09-13T12:34:48.311-04:00  WARN 29984 --- [CatalogService] [ioEventLoop-4-1] i.l.core.protocol.ConnectionWatchdog     : Cannot reconnect to [localhost/<unresolved>:6379]: Connection refused: no further information: localhost/127.0.0.1:6379
2026-09-13T12:34:48.311-04:00  WARN 29984 --- [CatalogService] [ioEventLoop-4-2] i.l.core.protocol.ConnectionWatchdog     : Cannot reconnect to [localhost/<unresolved>:6379]: Connection refused: no further information: localhost/127.0.0.1:6379
2026-09-13T12:35:18.409-04:00  INFO 29984 --- [CatalogService] [xecutorLoop-1-3] i.l.core.protocol.ConnectionWatchdog     : Reconnecting, last destination was localhost/<unresolved>:6379
2026-09-13T12:35:18.409-04:00  INFO 29984 --- [CatalogService] [xecutorLoop-1-4] i.l.core.protocol.ConnectionWatchdog     : Reconnecting, last destination was localhost/<unresolved>:6379
2026-09-13T12:35:18.412-04:00  WARN 29984 --- [CatalogService] [ioEventLoop-4-3] i.l.core.protocol.ConnectionWatchdog     : Cannot reconnect to [localhost/<unresolved>:6379]: Connection refused: no further information: localhost/127.0.0.1:6379
2026-09-13T12:35:18.412-04:00  WARN 29984 --- [CatalogService] [ioEventLoop-4-4] i.l.core.protocol.ConnectionWatchdog     : Cannot reconnect to [localhost/<unresolved>:6379]: Connection refused: no further information: localhost/127.0.0.1:6379
2026-09-13T12:35:48.507-04:00  INFO 29984 --- [CatalogService] [xecutorLoop-1-3] i.l.core.protocol.ConnectionWatchdog     : Reconnecting, last destination was localhost/<unresolved>:6379
2026-09-13T12:35:48.507-04:00  INFO 29984 --- [CatalogService] [xecutorLoop-1-4] i.l.core.protocol.ConnectionWatchdog     : Reconnecting, last destination was localhost/<unresolved>:6379
2026-09-13T12:35:48.512-04:00  WARN 29984 --- [CatalogService] [ioEventLoop-4-2] i.l.core.protocol.ConnectionWatchdog     : Cannot reconnect to [localhost/<unresolved>:6379]: Connection refused: no further information: localhost/127.0.0.1:6379
2026-09-13T12:35:48.512-04:00  WARN 29984 --- [CatalogService] [ioEventLoop-4-1] i.l.core.protocol.ConnectionWatchdog     : Cannot reconnect to [localhost/<unresolved>:6379]: Connection refused: no further information: localhost/127.0.0.1:6379
2026-09-13T12:36:18.606-04:00  INFO 29984 --- [CatalogService] [xecutorLoop-1-3] i.l.core.protocol.ConnectionWatchdog     : Reconnecting, last destination was localhost/<unresolved>:6379
2026-09-13T12:36:18.607-04:00  INFO 29984 --- [CatalogService] [xecutorLoop-1-4] i.l.core.protocol.ConnectionWatchdog     : Reconnecting, last destination was localhost/<unresolved>:6379
2026-09-13T12:36:18.612-04:00  WARN 29984 --- [CatalogService] [ioEventLoop-4-3] i.l.core.protocol.ConnectionWatchdog     : Cannot reconnect to [localhost/<unresolved>:6379]: Connection refused: no further information: localhost/127.0.0.1:6379
2026-09-13T12:36:18.613-04:00  WARN 29984 --- [CatalogService] [ioEventLoop-4-4] i.l.core.protocol.ConnectionWatchdog     : Cannot reconnect to [localhost/<unresolved>:6379]: Connection refused: no further information: localhost/127.0.0.1:6379
2026-09-13T12:36:48.705-04:00  INFO 29984 --- [CatalogService] [xecutorLoop-1-3] i.l.core.protocol.ConnectionWatchdog     : Reconnecting, last destination was localhost/<unresolved>:6379
2026-09-13T12:36:48.705-04:00  INFO 29984 --- [CatalogService] [xecutorLoop-1-4] i.l.core.protocol.ConnectionWatchdog     : Reconnecting, last destination was localhost/<unresolved>:6379
2026-09-13T12:36:48.709-04:00  WARN 29984 --- [CatalogService] [ioEventLoop-4-2] i.l.core.protocol.ConnectionWatchdog     : Cannot reconnect to [localhost/<unresolved>:6379]: Connection refused: no further information: localhost/127.0.0.1:6379
2026-09-13T12:36:48.709-04:00  WARN 29984 --- [CatalogService] [ioEventLoop-4-1] i.l.core.protocol.ConnectionWatchdog     : Cannot reconnect to [localhost/<unresolved>:6379]: Connection refused: no further information: localhost/127.0.0.1:6379
2026-09-13T12:37:18.808-04:00  INFO 29984 --- [CatalogService] [xecutorLoop-1-4] i.l.core.protocol.ConnectionWatchdog     : Reconnecting, last destination was localhost/<unresolved>:6379
2026-09-13T12:37:18.808-04:00  INFO 29984 --- [CatalogService] [xecutorLoop-1-3] i.l.core.protocol.ConnectionWatchdog     : Reconnecting, last destination was localhost/<unresolved>:6379
2026-09-13T12:37:18.811-04:00  WARN 29984 --- [CatalogService] [ioEventLoop-4-3] i.l.core.protocol.ConnectionWatchdog     : Cannot reconnect to [localhost/<unresolved>:6379]: Connection refused: no further information: localhost/127.0.0.1:6379
2026-09-13T12:37:18.811-04:00  WARN 29984 --- [CatalogService] [ioEventLoop-4-4] i.l.core.protocol.ConnectionWatchdog     : Cannot reconnect to [localhost/<unresolved>:6379]: Connection refused: no further information: localhost/127.0.0.1:6379
2026-09-13T12:37:40.311-04:00  INFO 29984 --- [CatalogService] [rap-executor-%d] c.n.d.s.r.aws.ConfigClusterResolver      : Resolving eureka endpoints via configuration
2026-09-13T12:37:48.906-04:00  INFO 29984 --- [CatalogService] [xecutorLoop-1-3] i.l.core.protocol.ConnectionWatchdog     : Reconnecting, last destination was localhost/<unresolved>:6379
2026-09-13T12:37:48.906-04:00  INFO 29984 --- [CatalogService] [xecutorLoop-1-4] i.l.core.protocol.ConnectionWatchdog     : Reconnecting, last destination was localhost/<unresolved>:6379
2026-09-13T12:37:48.909-04:00  WARN 29984 --- [CatalogService] [ioEventLoop-4-2] i.l.core.protocol.ConnectionWatchdog     : Cannot reconnect to [localhost/<unresolved>:6379]: Connection refused: no further information: localhost/127.0.0.1:6379
2026-09-13T12:37:48.931-04:00  WARN 29984 --- [CatalogService] [ioEventLoop-4-1] i.l.core.protocol.ConnectionWatchdog     : Cannot reconnect to [localhost/<unresolved>:6379]: Connection refused: no further information: localhost/127.0.0.1:6379
2026-09-13T12:38:19.007-04:00  INFO 29984 --- [CatalogService] [xecutorLoop-1-4] i.l.core.protocol.ConnectionWatchdog     : Reconnecting, last destination was localhost/<unresolved>:6379
2026-09-13T12:38:19.007-04:00  INFO 29984 --- [CatalogService] [xecutorLoop-1-3] i.l.core.protocol.ConnectionWatchdog     : Reconnecting, last destination was localhost/<unresolved>:6379
2026-09-13T12:38:19.011-04:00  WARN 29984 --- [CatalogService] [ioEventLoop-4-3] i.l.core.protocol.ConnectionWatchdog     : Cannot reconnect to [localhost/<unresolved>:6379]: Connection refused: no further information: localhost/127.0.0.1:6379
2026-09-13T12:38:19.011-04:00  WARN 29984 --- [CatalogService] [ioEventLoop-4-4] i.l.core.protocol.ConnectionWatchdog     : Cannot reconnect to [localhost/<unresolved>:6379]: Connection refused: no further information: localhost/127.0.0.1:6379
2026-09-13T12:38:49.110-04:00  INFO 29984 --- [CatalogService] [xecutorLoop-1-3] i.l.core.protocol.ConnectionWatchdog     : Reconnecting, last destination was localhost/<unresolved>:6379
2026-09-13T12:38:49.110-04:00  INFO 29984 --- [CatalogService] [xecutorLoop-1-4] i.l.core.protocol.ConnectionWatchdog     : Reconnecting, last destination was localhost/<unresolved>:6379
2026-09-13T12:38:49.114-04:00  WARN 29984 --- [CatalogService] [ioEventLoop-4-1] i.l.core.protocol.ConnectionWatchdog     : Cannot reconnect to [localhost/<unresolved>:6379]: Connection refused: no further information: localhost/127.0.0.1:6379
2026-09-13T12:38:49.114-04:00  WARN 29984 --- [CatalogService] [ioEventLoop-4-2] i.l.core.protocol.ConnectionWatchdog     : Cannot reconnect to [localhost/<unresolved>:6379]: Connection refused: no further information: localhost/127.0.0.1:6379
2026-09-13T12:39:19.209-04:00  INFO 29984 --- [CatalogService] [xecutorLoop-1-4] i.l.core.protocol.ConnectionWatchdog     : Reconnecting, last destination was localhost/<unresolved>:6379
2026-09-13T12:39:19.209-04:00  INFO 29984 --- [CatalogService] [xecutorLoop-1-3] i.l.core.protocol.ConnectionWatchdog     : Reconnecting, last destination was localhost/<unresolved>:6379
2026-09-13T12:39:19.211-04:00  WARN 29984 --- [CatalogService] [ioEventLoop-4-3] i.l.core.protocol.ConnectionWatchdog     : Cannot reconnect to [localhost/<unresolved>:6379]: Connection refused: no further information: localhost/127.0.0.1:6379
2026-09-13T12:39:19.211-04:00  WARN 29984 --- [CatalogService] [ioEventLoop-4-4] i.l.core.protocol.ConnectionWatchdog     : Cannot reconnect to [localhost/<unresolved>:6379]: Connection refused: no further information: localhost/127.0.0.1:6379
2026-09-13T12:39:49.305-04:00  INFO 29984 --- [CatalogService] [xecutorLoop-1-3] i.l.core.protocol.ConnectionWatchdog     : Reconnecting, last destination was localhost/<unresolved>:6379
2026-09-13T12:39:49.305-04:00  INFO 29984 --- [CatalogService] [xecutorLoop-1-4] i.l.core.protocol.ConnectionWatchdog     : Reconnecting, last destination was localhost/<unresolved>:6379
2026-09-13T12:39:49.308-04:00  WARN 29984 --- [CatalogService] [ioEventLoop-4-2] i.l.core.protocol.ConnectionWatchdog     : Cannot reconnect to [localhost/<unresolved>:6379]: Connection refused: no further information: localhost/127.0.0.1:6379
2026-09-13T12:39:49.308-04:00  WARN 29984 --- [CatalogService] [ioEventLoop-4-1] i.l.core.protocol.ConnectionWatchdog     : Cannot reconnect to [localhost/<unresolved>:6379]: Connection refused: no further information: localhost/127.0.0.1:6379
2026-09-13T12:40:19.405-04:00  INFO 29984 --- [CatalogService] [xecutorLoop-1-3] i.l.core.protocol.ConnectionWatchdog     : Reconnecting, last destination was localhost/<unresolved>:6379
2026-09-13T12:40:19.405-04:00  INFO 29984 --- [CatalogService] [xecutorLoop-1-4] i.l.core.protocol.ConnectionWatchdog     : Reconnecting, last destination was localhost/<unresolved>:6379
2026-09-13T12:40:19.410-04:00  WARN 29984 --- [CatalogService] [ioEventLoop-4-3] i.l.core.protocol.ConnectionWatchdog     : Cannot reconnect to [localhost/<unresolved>:6379]: Connection refused: no further information: localhost/127.0.0.1:6379
2026-09-13T12:40:19.411-04:00  WARN 29984 --- [CatalogService] [ioEventLoop-4-4] i.l.core.protocol.ConnectionWatchdog     : Cannot reconnect to [localhost/<unresolved>:6379]: Connection refused: no further information: localhost/127.0.0.1:6379
2026-09-13T12:40:49.513-04:00  INFO 29984 --- [CatalogService] [xecutorLoop-1-4] i.l.core.protocol.ConnectionWatchdog     : Reconnecting, last destination was localhost/<unresolved>:6379
2026-09-13T12:40:49.513-04:00  INFO 29984 --- [CatalogService] [xecutorLoop-1-3] i.l.core.protocol.ConnectionWatchdog     : Reconnecting, last destination was localhost/<unresolved>:6379
2026-09-13T12:40:49.519-04:00  WARN 29984 --- [CatalogService] [ioEventLoop-4-1] i.l.core.protocol.ConnectionWatchdog     : Cannot reconnect to [localhost/<unresolved>:6379]: Connection refused: no further information: localhost/127.0.0.1:6379
2026-09-13T12:40:49.520-04:00  WARN 29984 --- [CatalogService] [ioEventLoop-4-2] i.l.core.protocol.ConnectionWatchdog     : Cannot reconnect to [localhost/<unresolved>:6379]: Connection refused: no further information: localhost/127.0.0.1:6379
2026-09-13T12:41:19.610-04:00  INFO 29984 --- [CatalogService] [xecutorLoop-1-3] i.l.core.protocol.ConnectionWatchdog     : Reconnecting, last destination was localhost/<unresolved>:6379
2026-09-13T12:41:19.610-04:00  INFO 29984 --- [CatalogService] [xecutorLoop-1-4] i.l.core.protocol.ConnectionWatchdog     : Reconnecting, last destination was localhost/<unresolved>:6379
2026-09-13T12:41:19.613-04:00  WARN 29984 --- [CatalogService] [ioEventLoop-4-3] i.l.core.protocol.ConnectionWatchdog     : Cannot reconnect to [localhost/<unresolved>:6379]: Connection refused: no further information: localhost/127.0.0.1:6379
2026-09-13T12:41:19.613-04:00  WARN 29984 --- [CatalogService] [ioEventLoop-4-4] i.l.core.protocol.ConnectionWatchdog     : Cannot reconnect to [localhost/<unresolved>:6379]: Connection refused: no further information: localhost/127.0.0.1:6379
2026-09-13T12:41:49.707-04:00  INFO 29984 --- [CatalogService] [xecutorLoop-1-3] i.l.core.protocol.ConnectionWatchdog     : Reconnecting, last destination was localhost/<unresolved>:6379
2026-09-13T12:41:49.707-04:00  INFO 29984 --- [CatalogService] [xecutorLoop-1-4] i.l.core.protocol.ConnectionWatchdog     : Reconnecting, last destination was localhost/<unresolved>:6379
2026-09-13T12:41:49.710-04:00  WARN 29984 --- [CatalogService] [ioEventLoop-4-1] i.l.core.protocol.ConnectionWatchdog     : Cannot reconnect to [localhost/<unresolved>:6379]: Connection refused: no further information: localhost/127.0.0.1:6379
2026-09-13T12:41:49.710-04:00  WARN 29984 --- [CatalogService] [ioEventLoop-4-2] i.l.core.protocol.ConnectionWatchdog     : Cannot reconnect to [localhost/<unresolved>:6379]: Connection refused: no further information: localhost/127.0.0.1:6379
2026-09-13T12:42:19.806-04:00  INFO 29984 --- [CatalogService] [xecutorLoop-1-4] i.l.core.protocol.ConnectionWatchdog     : Reconnecting, last destination was localhost/<unresolved>:6379
2026-09-13T12:42:19.806-04:00  INFO 29984 --- [CatalogService] [xecutorLoop-1-3] i.l.core.protocol.ConnectionWatchdog     : Reconnecting, last destination was localhost/<unresolved>:6379
2026-09-13T12:42:19.809-04:00  WARN 29984 --- [CatalogService] [ioEventLoop-4-4] i.l.core.protocol.ConnectionWatchdog     : Cannot reconnect to [localhost/<unresolved>:6379]: Connection refused: no further information: localhost/127.0.0.1:6379
2026-09-13T12:42:19.809-04:00  WARN 29984 --- [CatalogService] [ioEventLoop-4-3] i.l.core.protocol.ConnectionWatchdog     : Cannot reconnect to [localhost/<unresolved>:6379]: Connection refused: no further information: localhost/127.0.0.1:6379
2026-09-13T12:42:40.318-04:00  INFO 29984 --- [CatalogService] [rap-executor-%d] c.n.d.s.r.aws.ConfigClusterResolver      : Resolving eureka endpoints via configuration
2026-09-13T12:42:49.909-04:00  INFO 29984 --- [CatalogService] [xecutorLoop-1-3] i.l.core.protocol.ConnectionWatchdog     : Reconnecting, last destination was localhost/<unresolved>:6379
2026-09-13T12:42:49.909-04:00  INFO 29984 --- [CatalogService] [xecutorLoop-1-4] i.l.core.protocol.ConnectionWatchdog     : Reconnecting, last destination was localhost/<unresolved>:6379
2026-09-13T12:42:49.912-04:00  WARN 29984 --- [CatalogService] [ioEventLoop-4-2] i.l.core.protocol.ConnectionWatchdog     : Cannot reconnect to [localhost/<unresolved>:6379]: Connection refused: no further information: localhost/127.0.0.1:6379
2026-09-13T12:42:49.912-04:00  WARN 29984 --- [CatalogService] [ioEventLoop-4-1] i.l.core.protocol.ConnectionWatchdog     : Cannot reconnect to [localhost/<unresolved>:6379]: Connection refused: no further information: localhost/127.0.0.1:6379
2026-09-13T12:43:20.006-04:00  INFO 29984 --- [CatalogService] [xecutorLoop-1-3] i.l.core.protocol.ConnectionWatchdog     : Reconnecting, last destination was localhost/<unresolved>:6379
2026-09-13T12:43:20.007-04:00  INFO 29984 --- [CatalogService] [xecutorLoop-1-4] i.l.core.protocol.ConnectionWatchdog     : Reconnecting, last destination was localhost/<unresolved>:6379
2026-09-13T12:43:20.012-04:00  WARN 29984 --- [CatalogService] [ioEventLoop-4-3] i.l.core.protocol.ConnectionWatchdog     : Cannot reconnect to [localhost/<unresolved>:6379]: Connection refused: no further information: localhost/127.0.0.1:6379
2026-09-13T12:43:20.012-04:00  WARN 29984 --- [CatalogService] [ioEventLoop-4-4] i.l.core.protocol.ConnectionWatchdog     : Cannot reconnect to [localhost/<unresolved>:6379]: Connection refused: no further information: localhost/127.0.0.1:6379
2026-09-13T12:43:50.107-04:00  INFO 29984 --- [CatalogService] [xecutorLoop-1-4] i.l.core.protocol.ConnectionWatchdog     : Reconnecting, last destination was localhost/<unresolved>:6379
2026-09-13T12:43:50.107-04:00  INFO 29984 --- [CatalogService] [xecutorLoop-1-3] i.l.core.protocol.ConnectionWatchdog     : Reconnecting, last destination was localhost/<unresolved>:6379
2026-09-13T12:43:50.108-04:00  WARN 29984 --- [CatalogService] [ioEventLoop-4-2] i.l.core.protocol.ConnectionWatchdog     : Cannot reconnect to [localhost/<unresolved>:6379]: Connection refused: no further information: localhost/127.0.0.1:6379
2026-09-13T12:43:50.108-04:00  WARN 29984 --- [CatalogService] [ioEventLoop-4-1] i.l.core.protocol.ConnectionWatchdog     : Cannot reconnect to [localhost/<unresolved>:6379]: Connection refused: no further information: localhost/127.0.0.1:6379
2026-09-13T12:44:20.207-04:00  INFO 29984 --- [CatalogService] [xecutorLoop-1-3] i.l.core.protocol.ConnectionWatchdog     : Reconnecting, last destination was localhost/<unresolved>:6379
2026-09-13T12:44:20.207-04:00  INFO 29984 --- [CatalogService] [xecutorLoop-1-4] i.l.core.protocol.ConnectionWatchdog     : Reconnecting, last destination was localhost/<unresolved>:6379
2026-09-13T12:44:20.210-04:00  WARN 29984 --- [CatalogService] [ioEventLoop-4-4] i.l.core.protocol.ConnectionWatchdog     : Cannot reconnect to [localhost/<unresolved>:6379]: Connection refused: no further information: localhost/127.0.0.1:6379
2026-09-13T12:44:20.210-04:00  WARN 29984 --- [CatalogService] [ioEventLoop-4-3] i.l.core.protocol.ConnectionWatchdog     : Cannot reconnect to [localhost/<unresolved>:6379]: Connection refused: no further information: localhost/127.0.0.1:6379
2026-09-13T12:44:50.307-04:00  INFO 29984 --- [CatalogService] [xecutorLoop-1-3] i.l.core.protocol.ConnectionWatchdog     : Reconnecting, last destination was localhost/<unresolved>:6379
2026-09-13T12:44:50.307-04:00  INFO 29984 --- [CatalogService] [xecutorLoop-1-4] i.l.core.protocol.ConnectionWatchdog     : Reconnecting, last destination was localhost/<unresolved>:6379
2026-09-13T12:44:50.308-04:00  WARN 29984 --- [CatalogService] [ioEventLoop-4-1] i.l.core.protocol.ConnectionWatchdog     : Cannot reconnect to [localhost/<unresolved>:6379]: Connection refused: no further information: localhost/127.0.0.1:6379
2026-09-13T12:44:50.308-04:00  WARN 29984 --- [CatalogService] [ioEventLoop-4-2] i.l.core.protocol.ConnectionWatchdog     : Cannot reconnect to [localhost/<unresolved>:6379]: Connection refused: no further information: localhost/127.0.0.1:6379
2026-09-13T12:45:20.415-04:00  INFO 29984 --- [CatalogService] [xecutorLoop-1-4] i.l.core.protocol.ConnectionWatchdog     : Reconnecting, last destination was localhost/<unresolved>:6379
2026-09-13T12:45:20.415-04:00  INFO 29984 --- [CatalogService] [xecutorLoop-1-3] i.l.core.protocol.ConnectionWatchdog     : Reconnecting, last destination was localhost/<unresolved>:6379
2026-09-13T12:45:20.417-04:00  WARN 29984 --- [CatalogService] [ioEventLoop-4-4] i.l.core.protocol.ConnectionWatchdog     : Cannot reconnect to [localhost/<unresolved>:6379]: Connection refused: no further information: localhost/127.0.0.1:6379
2026-09-13T12:45:20.417-04:00  WARN 29984 --- [CatalogService] [ioEventLoop-4-3] i.l.core.protocol.ConnectionWatchdog     : Cannot reconnect to [localhost/<unresolved>:6379]: Connection refused: no further information: localhost/127.0.0.1:6379
2026-09-13T12:45:50.506-04:00  INFO 29984 --- [CatalogService] [xecutorLoop-1-3] i.l.core.protocol.ConnectionWatchdog     : Reconnecting, last destination was localhost/<unresolved>:6379
2026-09-13T12:45:50.506-04:00  INFO 29984 --- [CatalogService] [xecutorLoop-1-4] i.l.core.protocol.ConnectionWatchdog     : Reconnecting, last destination was localhost/<unresolved>:6379
2026-09-13T12:45:50.509-04:00  WARN 29984 --- [CatalogService] [ioEventLoop-4-2] i.l.core.protocol.ConnectionWatchdog     : Cannot reconnect to [localhost/<unresolved>:6379]: Connection refused: no further information: localhost/127.0.0.1:6379
2026-09-13T12:45:50.509-04:00  WARN 29984 --- [CatalogService] [ioEventLoop-4-1] i.l.core.protocol.ConnectionWatchdog     : Cannot reconnect to [localhost/<unresolved>:6379]: Connection refused: no further information: localhost/127.0.0.1:6379
2026-09-13T12:46:20.608-04:00  INFO 29984 --- [CatalogService] [xecutorLoop-1-3] i.l.core.protocol.ConnectionWatchdog     : Reconnecting, last destination was localhost/<unresolved>:6379
2026-09-13T12:46:20.608-04:00  INFO 29984 --- [CatalogService] [xecutorLoop-1-4] i.l.core.protocol.ConnectionWatchdog     : Reconnecting, last destination was localhost/<unresolved>:6379
2026-09-13T12:46:20.613-04:00  WARN 29984 --- [CatalogService] [ioEventLoop-4-4] i.l.core.protocol.ConnectionWatchdog     : Cannot reconnect to [localhost/<unresolved>:6379]: Connection refused: no further information: localhost/127.0.0.1:6379
2026-09-13T12:46:20.613-04:00  WARN 29984 --- [CatalogService] [ioEventLoop-4-3] i.l.core.protocol.ConnectionWatchdog     : Cannot reconnect to [localhost/<unresolved>:6379]: Connection refused: no further information: localhost/127.0.0.1:6379
2026-09-13T12:46:50.707-04:00  INFO 29984 --- [CatalogService] [xecutorLoop-1-4] i.l.core.protocol.ConnectionWatchdog     : Reconnecting, last destination was localhost/<unresolved>:6379
2026-09-13T12:46:50.707-04:00  INFO 29984 --- [CatalogService] [xecutorLoop-1-3] i.l.core.protocol.ConnectionWatchdog     : Reconnecting, last destination was localhost/<unresolved>:6379
2026-09-13T12:46:50.708-04:00  WARN 29984 --- [CatalogService] [ioEventLoop-4-2] i.l.core.protocol.ConnectionWatchdog     : Cannot reconnect to [localhost/<unresolved>:6379]: Connection refused: no further information: localhost/127.0.0.1:6379
2026-09-13T12:46:50.708-04:00  WARN 29984 --- [CatalogService] [ioEventLoop-4-1] i.l.core.protocol.ConnectionWatchdog     : Cannot reconnect to [localhost/<unresolved>:6379]: Connection refused: no further information: localhost/127.0.0.1:6379
2026-09-13T12:47:20.807-04:00  INFO 29984 --- [CatalogService] [xecutorLoop-1-3] i.l.core.protocol.ConnectionWatchdog     : Reconnecting, last destination was localhost/<unresolved>:6379
2026-09-13T12:47:20.807-04:00  INFO 29984 --- [CatalogService] [xecutorLoop-1-4] i.l.core.protocol.ConnectionWatchdog     : Reconnecting, last destination was localhost/<unresolved>:6379
2026-09-13T12:47:20.810-04:00  WARN 29984 --- [CatalogService] [ioEventLoop-4-3] i.l.core.protocol.ConnectionWatchdog     : Cannot reconnect to [localhost/<unresolved>:6379]: Connection refused: no further information: localhost/127.0.0.1:6379
2026-09-13T12:47:20.810-04:00  WARN 29984 --- [CatalogService] [ioEventLoop-4-4] i.l.core.protocol.ConnectionWatchdog     : Cannot reconnect to [localhost/<unresolved>:6379]: Connection refused: no further information: localhost/127.0.0.1:6379
2026-09-13T12:47:40.324-04:00  INFO 29984 --- [CatalogService] [rap-executor-%d] c.n.d.s.r.aws.ConfigClusterResolver      : Resolving eureka endpoints via configuration
2026-09-13T12:47:50.906-04:00  INFO 29984 --- [CatalogService] [xecutorLoop-1-3] i.l.core.protocol.ConnectionWatchdog     : Reconnecting, last destination was localhost/<unresolved>:6379
2026-09-13T12:47:50.906-04:00  INFO 29984 --- [CatalogService] [xecutorLoop-1-4] i.l.core.protocol.ConnectionWatchdog     : Reconnecting, last destination was localhost/<unresolved>:6379
2026-09-13T12:47:50.908-04:00  WARN 29984 --- [CatalogService] [ioEventLoop-4-1] i.l.core.protocol.ConnectionWatchdog     : Cannot reconnect to [localhost/<unresolved>:6379]: Connection refused: no further information: localhost/127.0.0.1:6379
2026-09-13T12:47:50.908-04:00  WARN 29984 --- [CatalogService] [ioEventLoop-4-2] i.l.core.protocol.ConnectionWatchdog     : Cannot reconnect to [localhost/<unresolved>:6379]: Connection refused: no further information: localhost/127.0.0.1:6379
2026-09-13T12:48:21.006-04:00  INFO 29984 --- [CatalogService] [xecutorLoop-1-3] i.l.core.protocol.ConnectionWatchdog     : Reconnecting, last destination was localhost/<unresolved>:6379
2026-09-13T12:48:21.006-04:00  INFO 29984 --- [CatalogService] [xecutorLoop-1-4] i.l.core.protocol.ConnectionWatchdog     : Reconnecting, last destination was localhost/<unresolved>:6379
2026-09-13T12:48:21.011-04:00  WARN 29984 --- [CatalogService] [ioEventLoop-4-4] i.l.core.protocol.ConnectionWatchdog     : Cannot reconnect to [localhost/<unresolved>:6379]: Connection refused: no further information: localhost/127.0.0.1:6379
2026-09-13T12:48:21.011-04:00  WARN 29984 --- [CatalogService] [ioEventLoop-4-3] i.l.core.protocol.ConnectionWatchdog     : Cannot reconnect to [localhost/<unresolved>:6379]: Connection refused: no further information: localhost/127.0.0.1:6379
2026-09-13T12:48:51.106-04:00  INFO 29984 --- [CatalogService] [xecutorLoop-1-4] i.l.core.protocol.ConnectionWatchdog     : Reconnecting, last destination was localhost/<unresolved>:6379
2026-09-13T12:48:51.106-04:00  INFO 29984 --- [CatalogService] [xecutorLoop-1-3] i.l.core.protocol.ConnectionWatchdog     : Reconnecting, last destination was localhost/<unresolved>:6379
2026-09-13T12:48:51.108-04:00  WARN 29984 --- [CatalogService] [ioEventLoop-4-2] i.l.core.protocol.ConnectionWatchdog     : Cannot reconnect to [localhost/<unresolved>:6379]: Connection refused: no further information: localhost/127.0.0.1:6379
2026-09-13T12:48:51.108-04:00  WARN 29984 --- [CatalogService] [ioEventLoop-4-1] i.l.core.protocol.ConnectionWatchdog     : Cannot reconnect to [localhost/<unresolved>:6379]: Connection refused: no further information: localhost/127.0.0.1:6379
2026-09-13T12:49:21.207-04:00  INFO 29984 --- [CatalogService] [xecutorLoop-1-4] i.l.core.protocol.ConnectionWatchdog     : Reconnecting, last destination was localhost/<unresolved>:6379
2026-09-13T12:49:21.207-04:00  INFO 29984 --- [CatalogService] [xecutorLoop-1-3] i.l.core.protocol.ConnectionWatchdog     : Reconnecting, last destination was localhost/<unresolved>:6379
2026-09-13T12:49:21.210-04:00  WARN 29984 --- [CatalogService] [ioEventLoop-4-3] i.l.core.protocol.ConnectionWatchdog     : Cannot reconnect to [localhost/<unresolved>:6379]: Connection refused: no further information: localhost/127.0.0.1:6379
2026-09-13T12:49:21.210-04:00  WARN 29984 --- [CatalogService] [ioEventLoop-4-4] i.l.core.protocol.ConnectionWatchdog     : Cannot reconnect to [localhost/<unresolved>:6379]: Connection refused: no further information: localhost/127.0.0.1:6379
2026-09-13T12:49:51.307-04:00  INFO 29984 --- [CatalogService] [xecutorLoop-1-3] i.l.core.protocol.ConnectionWatchdog     : Reconnecting, last destination was localhost/<unresolved>:6379
2026-09-13T12:49:51.307-04:00  INFO 29984 --- [CatalogService] [xecutorLoop-1-4] i.l.core.protocol.ConnectionWatchdog     : Reconnecting, last destination was localhost/<unresolved>:6379
2026-09-13T12:49:51.311-04:00  WARN 29984 --- [CatalogService] [ioEventLoop-4-2] i.l.core.protocol.ConnectionWatchdog     : Cannot reconnect to [localhost/<unresolved>:6379]: Connection refused: no further information: localhost/127.0.0.1:6379
2026-09-13T12:49:51.311-04:00  WARN 29984 --- [CatalogService] [ioEventLoop-4-1] i.l.core.protocol.ConnectionWatchdog     : Cannot reconnect to [localhost/<unresolved>:6379]: Connection refused: no further information: localhost/127.0.0.1:6379
2026-09-13T12:50:21.410-04:00  INFO 29984 --- [CatalogService] [xecutorLoop-1-4] i.l.core.protocol.ConnectionWatchdog     : Reconnecting, last destination was localhost/<unresolved>:6379
2026-09-13T12:50:21.410-04:00  INFO 29984 --- [CatalogService] [xecutorLoop-1-3] i.l.core.protocol.ConnectionWatchdog     : Reconnecting, last destination was localhost/<unresolved>:6379
2026-09-13T12:50:21.414-04:00  WARN 29984 --- [CatalogService] [ioEventLoop-4-4] i.l.core.protocol.ConnectionWatchdog     : Cannot reconnect to [localhost/<unresolved>:6379]: Connection refused: no further information: localhost/127.0.0.1:6379
2026-09-13T12:50:21.414-04:00  WARN 29984 --- [CatalogService] [ioEventLoop-4-3] i.l.core.protocol.ConnectionWatchdog     : Cannot reconnect to [localhost/<unresolved>:6379]: Connection refused: no further information: localhost/127.0.0.1:6379
2026-09-13T12:50:51.508-04:00  INFO 29984 --- [CatalogService] [xecutorLoop-1-3] i.l.core.protocol.ConnectionWatchdog     : Reconnecting, last destination was localhost/<unresolved>:6379
2026-09-13T12:50:51.508-04:00  INFO 29984 --- [CatalogService] [xecutorLoop-1-4] i.l.core.protocol.ConnectionWatchdog     : Reconnecting, last destination was localhost/<unresolved>:6379
2026-09-13T12:50:51.511-04:00  WARN 29984 --- [CatalogService] [ioEventLoop-4-1] i.l.core.protocol.ConnectionWatchdog     : Cannot reconnect to [localhost/<unresolved>:6379]: Connection refused: no further information: localhost/127.0.0.1:6379
2026-09-13T12:50:51.511-04:00  WARN 29984 --- [CatalogService] [ioEventLoop-4-2] i.l.core.protocol.ConnectionWatchdog     : Cannot reconnect to [localhost/<unresolved>:6379]: Connection refused: no further information: localhost/127.0.0.1:6379
2026-09-13T12:51:21.620-04:00  INFO 29984 --- [CatalogService] [xecutorLoop-1-3] i.l.core.protocol.ConnectionWatchdog     : Reconnecting, last destination was localhost/<unresolved>:6379
2026-09-13T12:51:21.620-04:00  INFO 29984 --- [CatalogService] [xecutorLoop-1-4] i.l.core.protocol.ConnectionWatchdog     : Reconnecting, last destination was localhost/<unresolved>:6379
2026-09-13T12:51:21.625-04:00  WARN 29984 --- [CatalogService] [ioEventLoop-4-3] i.l.core.protocol.ConnectionWatchdog     : Cannot reconnect to [localhost/<unresolved>:6379]: Connection refused: no further information: localhost/127.0.0.1:6379
2026-09-13T12:51:21.625-04:00  WARN 29984 --- [CatalogService] [ioEventLoop-4-4] i.l.core.protocol.ConnectionWatchdog     : Cannot reconnect to [localhost/<unresolved>:6379]: Connection refused: no further information: localhost/127.0.0.1:6379
2026-09-13T12:51:51.708-04:00  INFO 29984 --- [CatalogService] [xecutorLoop-1-4] i.l.core.protocol.ConnectionWatchdog     : Reconnecting, last destination was localhost/<unresolved>:6379
2026-09-13T12:51:51.708-04:00  INFO 29984 --- [CatalogService] [xecutorLoop-1-3] i.l.core.protocol.ConnectionWatchdog     : Reconnecting, last destination was localhost/<unresolved>:6379
2026-09-13T12:51:51.712-04:00  WARN 29984 --- [CatalogService] [ioEventLoop-4-1] i.l.core.protocol.ConnectionWatchdog     : Cannot reconnect to [localhost/<unresolved>:6379]: Connection refused: no further information: localhost/127.0.0.1:6379
2026-09-13T12:51:51.712-04:00  WARN 29984 --- [CatalogService] [ioEventLoop-4-2] i.l.core.protocol.ConnectionWatchdog     : Cannot reconnect to [localhost/<unresolved>:6379]: Connection refused: no further information: localhost/127.0.0.1:6379
2026-09-13T12:52:21.808-04:00  INFO 29984 --- [CatalogService] [xecutorLoop-1-3] i.l.core.protocol.ConnectionWatchdog     : Reconnecting, last destination was localhost/<unresolved>:6379
2026-09-13T12:52:21.808-04:00  INFO 29984 --- [CatalogService] [xecutorLoop-1-4] i.l.core.protocol.ConnectionWatchdog     : Reconnecting, last destination was localhost/<unresolved>:6379
2026-09-13T12:52:21.811-04:00  WARN 29984 --- [CatalogService] [ioEventLoop-4-4] i.l.core.protocol.ConnectionWatchdog     : Cannot reconnect to [localhost/<unresolved>:6379]: Connection refused: no further information: localhost/127.0.0.1:6379
2026-09-13T12:52:21.811-04:00  WARN 29984 --- [CatalogService] [ioEventLoop-4-3] i.l.core.protocol.ConnectionWatchdog     : Cannot reconnect to [localhost/<unresolved>:6379]: Connection refused: no further information: localhost/127.0.0.1:6379
2026-09-13T12:52:40.340-04:00  INFO 29984 --- [CatalogService] [rap-executor-%d] c.n.d.s.r.aws.ConfigClusterResolver      : Resolving eureka endpoints via configuration
2026-09-13T12:52:51.908-04:00  INFO 29984 --- [CatalogService] [xecutorLoop-1-4] i.l.core.protocol.ConnectionWatchdog     : Reconnecting, last destination was localhost/<unresolved>:6379
2026-09-13T12:52:51.908-04:00  INFO 29984 --- [CatalogService] [xecutorLoop-1-3] i.l.core.protocol.ConnectionWatchdog     : Reconnecting, last destination was localhost/<unresolved>:6379
2026-09-13T12:52:51.910-04:00  WARN 29984 --- [CatalogService] [ioEventLoop-4-2] i.l.core.protocol.ConnectionWatchdog     : Cannot reconnect to [localhost/<unresolved>:6379]: Connection refused: no further information: localhost/127.0.0.1:6379
2026-09-13T12:52:51.910-04:00  WARN 29984 --- [CatalogService] [ioEventLoop-4-1] i.l.core.protocol.ConnectionWatchdog     : Cannot reconnect to [localhost/<unresolved>:6379]: Connection refused: no further information: localhost/127.0.0.1:6379
2026-09-13T12:53:22.009-04:00  INFO 29984 --- [CatalogService] [xecutorLoop-1-3] i.l.core.protocol.ConnectionWatchdog     : Reconnecting, last destination was localhost/<unresolved>:6379
2026-09-13T12:53:22.009-04:00  INFO 29984 --- [CatalogService] [xecutorLoop-1-4] i.l.core.protocol.ConnectionWatchdog     : Reconnecting, last destination was localhost/<unresolved>:6379
2026-09-13T12:53:22.013-04:00  WARN 29984 --- [CatalogService] [ioEventLoop-4-3] i.l.core.protocol.ConnectionWatchdog     : Cannot reconnect to [localhost/<unresolved>:6379]: Connection refused: no further information: localhost/127.0.0.1:6379
2026-09-13T12:53:22.013-04:00  WARN 29984 --- [CatalogService] [ioEventLoop-4-4] i.l.core.protocol.ConnectionWatchdog     : Cannot reconnect to [localhost/<unresolved>:6379]: Connection refused: no further information: localhost/127.0.0.1:6379
2026-09-13T12:53:52.110-04:00  INFO 29984 --- [CatalogService] [xecutorLoop-1-3] i.l.core.protocol.ConnectionWatchdog     : Reconnecting, last destination was localhost/<unresolved>:6379
2026-09-13T12:53:52.110-04:00  INFO 29984 --- [CatalogService] [xecutorLoop-1-4] i.l.core.protocol.ConnectionWatchdog     : Reconnecting, last destination was localhost/<unresolved>:6379
2026-09-13T12:53:52.112-04:00  WARN 29984 --- [CatalogService] [ioEventLoop-4-1] i.l.core.protocol.ConnectionWatchdog     : Cannot reconnect to [localhost/<unresolved>:6379]: Connection refused: no further information: localhost/127.0.0.1:6379
2026-09-13T12:53:52.112-04:00  WARN 29984 --- [CatalogService] [ioEventLoop-4-2] i.l.core.protocol.ConnectionWatchdog     : Cannot reconnect to [localhost/<unresolved>:6379]: Connection refused: no further information: localhost/127.0.0.1:6379
2026-09-13T12:54:22.219-04:00  INFO 29984 --- [CatalogService] [xecutorLoop-1-3] i.l.core.protocol.ConnectionWatchdog     : Reconnecting, last destination was localhost/<unresolved>:6379
2026-09-13T12:54:22.219-04:00  INFO 29984 --- [CatalogService] [xecutorLoop-1-4] i.l.core.protocol.ConnectionWatchdog     : Reconnecting, last destination was localhost/<unresolved>:6379
2026-09-13T12:54:22.222-04:00  WARN 29984 --- [CatalogService] [ioEventLoop-4-3] i.l.core.protocol.ConnectionWatchdog     : Cannot reconnect to [localhost/<unresolved>:6379]: Connection refused: no further information: localhost/127.0.0.1:6379
2026-09-13T12:54:22.222-04:00  WARN 29984 --- [CatalogService] [ioEventLoop-4-4] i.l.core.protocol.ConnectionWatchdog     : Cannot reconnect to [localhost/<unresolved>:6379]: Connection refused: no further information: localhost/127.0.0.1:6379
2026-09-13T12:54:52.309-04:00  INFO 29984 --- [CatalogService] [xecutorLoop-1-4] i.l.core.protocol.ConnectionWatchdog     : Reconnecting, last destination was localhost/<unresolved>:6379
2026-09-13T12:54:52.309-04:00  INFO 29984 --- [CatalogService] [xecutorLoop-1-3] i.l.core.protocol.ConnectionWatchdog     : Reconnecting, last destination was localhost/<unresolved>:6379
2026-09-13T12:54:52.313-04:00  WARN 29984 --- [CatalogService] [ioEventLoop-4-1] i.l.core.protocol.ConnectionWatchdog     : Cannot reconnect to [localhost/<unresolved>:6379]: Connection refused: no further information: localhost/127.0.0.1:6379
2026-09-13T12:54:52.313-04:00  WARN 29984 --- [CatalogService] [ioEventLoop-4-2] i.l.core.protocol.ConnectionWatchdog     : Cannot reconnect to [localhost/<unresolved>:6379]: Connection refused: no further information: localhost/127.0.0.1:6379
2026-09-13T12:55:22.419-04:00  INFO 29984 --- [CatalogService] [xecutorLoop-1-3] i.l.core.protocol.ConnectionWatchdog     : Reconnecting, last destination was localhost/<unresolved>:6379
2026-09-13T12:55:22.419-04:00  INFO 29984 --- [CatalogService] [xecutorLoop-1-4] i.l.core.protocol.ConnectionWatchdog     : Reconnecting, last destination was localhost/<unresolved>:6379
2026-09-13T12:55:22.422-04:00  WARN 29984 --- [CatalogService] [ioEventLoop-4-4] i.l.core.protocol.ConnectionWatchdog     : Cannot reconnect to [localhost/<unresolved>:6379]: Connection refused: no further information: localhost/127.0.0.1:6379
2026-09-13T12:55:22.422-04:00  WARN 29984 --- [CatalogService] [ioEventLoop-4-3] i.l.core.protocol.ConnectionWatchdog     : Cannot reconnect to [localhost/<unresolved>:6379]: Connection refused: no further information: localhost/127.0.0.1:6379
2026-09-13T12:55:52.512-04:00  INFO 29984 --- [CatalogService] [xecutorLoop-1-4] i.l.core.protocol.ConnectionWatchdog     : Reconnecting, last destination was localhost/<unresolved>:6379
2026-09-13T12:55:52.512-04:00  INFO 29984 --- [CatalogService] [xecutorLoop-1-3] i.l.core.protocol.ConnectionWatchdog     : Reconnecting, last destination was localhost/<unresolved>:6379
2026-09-13T12:55:52.515-04:00  WARN 29984 --- [CatalogService] [ioEventLoop-4-1] i.l.core.protocol.ConnectionWatchdog     : Cannot reconnect to [localhost/<unresolved>:6379]: Connection refused: no further information: localhost/127.0.0.1:6379
2026-09-13T12:55:52.515-04:00  WARN 29984 --- [CatalogService] [ioEventLoop-4-2] i.l.core.protocol.ConnectionWatchdog     : Cannot reconnect to [localhost/<unresolved>:6379]: Connection refused: no further information: localhost/127.0.0.1:6379
2026-09-13T12:56:22.612-04:00  INFO 29984 --- [CatalogService] [xecutorLoop-1-4] i.l.core.protocol.ConnectionWatchdog     : Reconnecting, last destination was localhost/<unresolved>:6379
2026-09-13T12:56:22.612-04:00  INFO 29984 --- [CatalogService] [xecutorLoop-1-3] i.l.core.protocol.ConnectionWatchdog     : Reconnecting, last destination was localhost/<unresolved>:6379
2026-09-13T12:56:22.615-04:00  WARN 29984 --- [CatalogService] [ioEventLoop-4-4] i.l.core.protocol.ConnectionWatchdog     : Cannot reconnect to [localhost/<unresolved>:6379]: Connection refused: no further information: localhost/127.0.0.1:6379
2026-09-13T12:56:22.615-04:00  WARN 29984 --- [CatalogService] [ioEventLoop-4-3] i.l.core.protocol.ConnectionWatchdog     : Cannot reconnect to [localhost/<unresolved>:6379]: Connection refused: no further information: localhost/127.0.0.1:6379
2026-09-13T12:56:52.716-04:00  INFO 29984 --- [CatalogService] [xecutorLoop-1-3] i.l.core.protocol.ConnectionWatchdog     : Reconnecting, last destination was localhost/<unresolved>:6379
2026-09-13T12:56:52.716-04:00  INFO 29984 --- [CatalogService] [xecutorLoop-1-4] i.l.core.protocol.ConnectionWatchdog     : Reconnecting, last destination was localhost/<unresolved>:6379
2026-09-13T12:56:52.721-04:00  WARN 29984 --- [CatalogService] [ioEventLoop-4-1] i.l.core.protocol.ConnectionWatchdog     : Cannot reconnect to [localhost/<unresolved>:6379]: Connection refused: no further information: localhost/127.0.0.1:6379
2026-09-13T12:56:52.723-04:00  WARN 29984 --- [CatalogService] [ioEventLoop-4-2] i.l.core.protocol.ConnectionWatchdog     : Cannot reconnect to [localhost/<unresolved>:6379]: Connection refused: no further information: localhost/127.0.0.1:6379
2026-09-13T12:57:22.808-04:00  INFO 29984 --- [CatalogService] [xecutorLoop-1-3] i.l.core.protocol.ConnectionWatchdog     : Reconnecting, last destination was localhost/<unresolved>:6379
2026-09-13T12:57:22.808-04:00  INFO 29984 --- [CatalogService] [xecutorLoop-1-4] i.l.core.protocol.ConnectionWatchdog     : Reconnecting, last destination was localhost/<unresolved>:6379
2026-09-13T12:57:22.811-04:00  WARN 29984 --- [CatalogService] [ioEventLoop-4-4] i.l.core.protocol.ConnectionWatchdog     : Cannot reconnect to [localhost/<unresolved>:6379]: Connection refused: no further information: localhost/127.0.0.1:6379
2026-09-13T12:57:22.811-04:00  WARN 29984 --- [CatalogService] [ioEventLoop-4-3] i.l.core.protocol.ConnectionWatchdog     : Cannot reconnect to [localhost/<unresolved>:6379]: Connection refused: no further information: localhost/127.0.0.1:6379
2026-09-13T12:57:40.358-04:00  INFO 29984 --- [CatalogService] [rap-executor-%d] c.n.d.s.r.aws.ConfigClusterResolver      : Resolving eureka endpoints via configuration
2026-09-13T12:57:52.909-04:00  INFO 29984 --- [CatalogService] [xecutorLoop-1-3] i.l.core.protocol.ConnectionWatchdog     : Reconnecting, last destination was localhost/<unresolved>:6379
2026-09-13T12:57:52.909-04:00  INFO 29984 --- [CatalogService] [xecutorLoop-1-4] i.l.core.protocol.ConnectionWatchdog     : Reconnecting, last destination was localhost/<unresolved>:6379
2026-09-13T12:57:52.913-04:00  WARN 29984 --- [CatalogService] [ioEventLoop-4-1] i.l.core.protocol.ConnectionWatchdog     : Cannot reconnect to [localhost/<unresolved>:6379]: Connection refused: no further information: localhost/127.0.0.1:6379
2026-09-13T12:57:52.913-04:00  WARN 29984 --- [CatalogService] [ioEventLoop-4-2] i.l.core.protocol.ConnectionWatchdog     : Cannot reconnect to [localhost/<unresolved>:6379]: Connection refused: no further information: localhost/127.0.0.1:6379
2026-09-13T12:58:23.008-04:00  INFO 29984 --- [CatalogService] [xecutorLoop-1-4] i.l.core.protocol.ConnectionWatchdog     : Reconnecting, last destination was localhost/<unresolved>:6379
2026-09-13T12:58:23.008-04:00  INFO 29984 --- [CatalogService] [xecutorLoop-1-3] i.l.core.protocol.ConnectionWatchdog     : Reconnecting, last destination was localhost/<unresolved>:6379
2026-09-13T12:58:23.015-04:00  WARN 29984 --- [CatalogService] [ioEventLoop-4-3] i.l.core.protocol.ConnectionWatchdog     : Cannot reconnect to [localhost/<unresolved>:6379]: Connection refused: no further information: localhost/127.0.0.1:6379
2026-09-13T12:58:23.016-04:00  WARN 29984 --- [CatalogService] [ioEventLoop-4-4] i.l.core.protocol.ConnectionWatchdog     : Cannot reconnect to [localhost/<unresolved>:6379]: Connection refused: no further information: localhost/127.0.0.1:6379
2026-09-13T12:58:53.109-04:00  INFO 29984 --- [CatalogService] [xecutorLoop-1-3] i.l.core.protocol.ConnectionWatchdog     : Reconnecting, last destination was localhost/<unresolved>:6379
2026-09-13T12:58:53.109-04:00  INFO 29984 --- [CatalogService] [xecutorLoop-1-4] i.l.core.protocol.ConnectionWatchdog     : Reconnecting, last destination was localhost/<unresolved>:6379
2026-09-13T12:58:53.112-04:00  WARN 29984 --- [CatalogService] [ioEventLoop-4-2] i.l.core.protocol.ConnectionWatchdog     : Cannot reconnect to [localhost/<unresolved>:6379]: Connection refused: no further information: localhost/127.0.0.1:6379
2026-09-13T12:58:53.112-04:00  WARN 29984 --- [CatalogService] [ioEventLoop-4-1] i.l.core.protocol.ConnectionWatchdog     : Cannot reconnect to [localhost/<unresolved>:6379]: Connection refused: no further information: localhost/127.0.0.1:6379
2026-09-13T12:59:23.208-04:00  INFO 29984 --- [CatalogService] [xecutorLoop-1-4] i.l.core.protocol.ConnectionWatchdog     : Reconnecting, last destination was localhost/<unresolved>:6379
2026-09-13T12:59:23.208-04:00  INFO 29984 --- [CatalogService] [xecutorLoop-1-3] i.l.core.protocol.ConnectionWatchdog     : Reconnecting, last destination was localhost/<unresolved>:6379
2026-09-13T12:59:23.212-04:00  WARN 29984 --- [CatalogService] [ioEventLoop-4-4] i.l.core.protocol.ConnectionWatchdog     : Cannot reconnect to [localhost/<unresolved>:6379]: Connection refused: no further information: localhost/127.0.0.1:6379
2026-09-13T12:59:23.212-04:00  WARN 29984 --- [CatalogService] [ioEventLoop-4-3] i.l.core.protocol.ConnectionWatchdog     : Cannot reconnect to [localhost/<unresolved>:6379]: Connection refused: no further information: localhost/127.0.0.1:6379
2026-09-13T12:59:53.312-04:00  INFO 29984 --- [CatalogService] [xecutorLoop-1-3] i.l.core.protocol.ConnectionWatchdog     : Reconnecting, last destination was localhost/<unresolved>:6379
2026-09-13T12:59:53.312-04:00  INFO 29984 --- [CatalogService] [xecutorLoop-1-4] i.l.core.protocol.ConnectionWatchdog     : Reconnecting, last destination was localhost/<unresolved>:6379
2026-09-13T12:59:53.321-04:00  WARN 29984 --- [CatalogService] [ioEventLoop-4-2] i.l.core.protocol.ConnectionWatchdog     : Cannot reconnect to [localhost/<unresolved>:6379]: Connection refused: no further information: localhost/127.0.0.1:6379
2026-09-13T12:59:53.321-04:00  WARN 29984 --- [CatalogService] [ioEventLoop-4-1] i.l.core.protocol.ConnectionWatchdog     : Cannot reconnect to [localhost/<unresolved>:6379]: Connection refused: no further information: localhost/127.0.0.1:6379
2026-09-13T13:00:23.415-04:00  INFO 29984 --- [CatalogService] [xecutorLoop-1-3] i.l.core.protocol.ConnectionWatchdog     : Reconnecting, last destination was localhost/<unresolved>:6379
2026-09-13T13:00:23.415-04:00  INFO 29984 --- [CatalogService] [xecutorLoop-1-4] i.l.core.protocol.ConnectionWatchdog     : Reconnecting, last destination was localhost/<unresolved>:6379
2026-09-13T13:00:23.421-04:00  WARN 29984 --- [CatalogService] [ioEventLoop-4-3] i.l.core.protocol.ConnectionWatchdog     : Cannot reconnect to [localhost/<unresolved>:6379]: Connection refused: no further information: localhost/127.0.0.1:6379
2026-09-13T13:00:23.422-04:00  WARN 29984 --- [CatalogService] [ioEventLoop-4-4] i.l.core.protocol.ConnectionWatchdog     : Cannot reconnect to [localhost/<unresolved>:6379]: Connection refused: no further information: localhost/127.0.0.1:6379
2026-09-13T13:00:53.508-04:00  INFO 29984 --- [CatalogService] [xecutorLoop-1-3] i.l.core.protocol.ConnectionWatchdog     : Reconnecting, last destination was localhost/<unresolved>:6379
2026-09-13T13:00:53.508-04:00  INFO 29984 --- [CatalogService] [xecutorLoop-1-4] i.l.core.protocol.ConnectionWatchdog     : Reconnecting, last destination was localhost/<unresolved>:6379
2026-09-13T13:00:53.512-04:00  WARN 29984 --- [CatalogService] [ioEventLoop-4-2] i.l.core.protocol.ConnectionWatchdog     : Cannot reconnect to [localhost/<unresolved>:6379]: Connection refused: no further information: localhost/127.0.0.1:6379
2026-09-13T13:00:53.512-04:00  WARN 29984 --- [CatalogService] [ioEventLoop-4-1] i.l.core.protocol.ConnectionWatchdog     : Cannot reconnect to [localhost/<unresolved>:6379]: Connection refused: no further information: localhost/127.0.0.1:6379
2026-09-13T13:01:23.611-04:00  INFO 29984 --- [CatalogService] [xecutorLoop-1-4] i.l.core.protocol.ConnectionWatchdog     : Reconnecting, last destination was localhost/<unresolved>:6379
2026-09-13T13:01:23.611-04:00  INFO 29984 --- [CatalogService] [xecutorLoop-1-3] i.l.core.protocol.ConnectionWatchdog     : Reconnecting, last destination was localhost/<unresolved>:6379
2026-09-13T13:01:23.614-04:00  WARN 29984 --- [CatalogService] [ioEventLoop-4-3] i.l.core.protocol.ConnectionWatchdog     : Cannot reconnect to [localhost/<unresolved>:6379]: Connection refused: no further information: localhost/127.0.0.1:6379
2026-09-13T13:01:23.614-04:00  WARN 29984 --- [CatalogService] [ioEventLoop-4-4] i.l.core.protocol.ConnectionWatchdog     : Cannot reconnect to [localhost/<unresolved>:6379]: Connection refused: no further information: localhost/127.0.0.1:6379
2026-09-13T13:01:53.711-04:00  INFO 29984 --- [CatalogService] [xecutorLoop-1-4] i.l.core.protocol.ConnectionWatchdog     : Reconnecting, last destination was localhost/<unresolved>:6379
2026-09-13T13:01:53.711-04:00  INFO 29984 --- [CatalogService] [xecutorLoop-1-3] i.l.core.protocol.ConnectionWatchdog     : Reconnecting, last destination was localhost/<unresolved>:6379
2026-09-13T13:01:53.714-04:00  WARN 29984 --- [CatalogService] [ioEventLoop-4-1] i.l.core.protocol.ConnectionWatchdog     : Cannot reconnect to [localhost/<unresolved>:6379]: Connection refused: no further information: localhost/127.0.0.1:6379
2026-09-13T13:01:53.714-04:00  WARN 29984 --- [CatalogService] [ioEventLoop-4-2] i.l.core.protocol.ConnectionWatchdog     : Cannot reconnect to [localhost/<unresolved>:6379]: Connection refused: no further information: localhost/127.0.0.1:6379
2026-09-13T13:02:23.812-04:00  INFO 29984 --- [CatalogService] [xecutorLoop-1-3] i.l.core.protocol.ConnectionWatchdog     : Reconnecting, last destination was localhost/<unresolved>:6379
2026-09-13T13:02:23.812-04:00  INFO 29984 --- [CatalogService] [xecutorLoop-1-4] i.l.core.protocol.ConnectionWatchdog     : Reconnecting, last destination was localhost/<unresolved>:6379
2026-09-13T13:02:23.814-04:00  WARN 29984 --- [CatalogService] [ioEventLoop-4-3] i.l.core.protocol.ConnectionWatchdog     : Cannot reconnect to [localhost/<unresolved>:6379]: Connection refused: no further information: localhost/127.0.0.1:6379
2026-09-13T13:02:23.814-04:00  WARN 29984 --- [CatalogService] [ioEventLoop-4-4] i.l.core.protocol.ConnectionWatchdog     : Cannot reconnect to [localhost/<unresolved>:6379]: Connection refused: no further information: localhost/127.0.0.1:6379
2026-09-13T13:02:40.366-04:00  INFO 29984 --- [CatalogService] [rap-executor-%d] c.n.d.s.r.aws.ConfigClusterResolver      : Resolving eureka endpoints via configuration
2026-09-13T13:02:53.915-04:00  INFO 29984 --- [CatalogService] [xecutorLoop-1-3] i.l.core.protocol.ConnectionWatchdog     : Reconnecting, last destination was localhost/<unresolved>:6379
2026-09-13T13:02:53.915-04:00  INFO 29984 --- [CatalogService] [xecutorLoop-1-4] i.l.core.protocol.ConnectionWatchdog     : Reconnecting, last destination was localhost/<unresolved>:6379
2026-09-13T13:02:53.925-04:00  WARN 29984 --- [CatalogService] [ioEventLoop-4-2] i.l.core.protocol.ConnectionWatchdog     : Cannot reconnect to [localhost/<unresolved>:6379]: Connection refused: no further information: localhost/127.0.0.1:6379
2026-09-13T13:02:53.925-04:00  WARN 29984 --- [CatalogService] [ioEventLoop-4-1] i.l.core.protocol.ConnectionWatchdog     : Cannot reconnect to [localhost/<unresolved>:6379]: Connection refused: no further information: localhost/127.0.0.1:6379
2026-09-13T13:03:24.011-04:00  INFO 29984 --- [CatalogService] [xecutorLoop-1-3] i.l.core.protocol.ConnectionWatchdog     : Reconnecting, last destination was localhost/<unresolved>:6379
2026-09-13T13:03:24.013-04:00  INFO 29984 --- [CatalogService] [xecutorLoop-1-4] i.l.core.protocol.ConnectionWatchdog     : Reconnecting, last destination was localhost/<unresolved>:6379
2026-09-13T13:03:24.016-04:00  WARN 29984 --- [CatalogService] [ioEventLoop-4-3] i.l.core.protocol.ConnectionWatchdog     : Cannot reconnect to [localhost/<unresolved>:6379]: Connection refused: no further information: localhost/127.0.0.1:6379
2026-09-13T13:03:24.018-04:00  WARN 29984 --- [CatalogService] [ioEventLoop-4-4] i.l.core.protocol.ConnectionWatchdog     : Cannot reconnect to [localhost/<unresolved>:6379]: Connection refused: no further information: localhost/127.0.0.1:6379
2026-09-13T13:03:54.110-04:00  INFO 29984 --- [CatalogService] [xecutorLoop-1-3] i.l.core.protocol.ConnectionWatchdog     : Reconnecting, last destination was localhost/<unresolved>:6379
2026-09-13T13:03:54.110-04:00  INFO 29984 --- [CatalogService] [xecutorLoop-1-4] i.l.core.protocol.ConnectionWatchdog     : Reconnecting, last destination was localhost/<unresolved>:6379
2026-09-13T13:03:54.111-04:00  WARN 29984 --- [CatalogService] [ioEventLoop-4-1] i.l.core.protocol.ConnectionWatchdog     : Cannot reconnect to [localhost/<unresolved>:6379]: Connection refused: no further information: localhost/127.0.0.1:6379
2026-09-13T13:03:54.111-04:00  WARN 29984 --- [CatalogService] [ioEventLoop-4-2] i.l.core.protocol.ConnectionWatchdog     : Cannot reconnect to [localhost/<unresolved>:6379]: Connection refused: no further information: localhost/127.0.0.1:6379
2026-09-13T13:04:24.217-04:00  INFO 29984 --- [CatalogService] [xecutorLoop-1-3] i.l.core.protocol.ConnectionWatchdog     : Reconnecting, last destination was localhost/<unresolved>:6379
2026-09-13T13:04:24.217-04:00  INFO 29984 --- [CatalogService] [xecutorLoop-1-4] i.l.core.protocol.ConnectionWatchdog     : Reconnecting, last destination was localhost/<unresolved>:6379
2026-09-13T13:04:24.225-04:00  WARN 29984 --- [CatalogService] [ioEventLoop-4-3] i.l.core.protocol.ConnectionWatchdog     : Cannot reconnect to [localhost/<unresolved>:6379]: Connection refused: no further information: localhost/127.0.0.1:6379
2026-09-13T13:04:24.225-04:00  WARN 29984 --- [CatalogService] [ioEventLoop-4-4] i.l.core.protocol.ConnectionWatchdog     : Cannot reconnect to [localhost/<unresolved>:6379]: Connection refused: no further information: localhost/127.0.0.1:6379
2026-09-13T13:04:54.309-04:00  INFO 29984 --- [CatalogService] [xecutorLoop-1-3] i.l.core.protocol.ConnectionWatchdog     : Reconnecting, last destination was localhost/<unresolved>:6379
2026-09-13T13:04:54.309-04:00  INFO 29984 --- [CatalogService] [xecutorLoop-1-4] i.l.core.protocol.ConnectionWatchdog     : Reconnecting, last destination was localhost/<unresolved>:6379
2026-09-13T13:04:54.310-04:00  WARN 29984 --- [CatalogService] [ioEventLoop-4-2] i.l.core.protocol.ConnectionWatchdog     : Cannot reconnect to [localhost/<unresolved>:6379]: Connection refused: no further information: localhost/127.0.0.1:6379
2026-09-13T13:04:54.310-04:00  WARN 29984 --- [CatalogService] [ioEventLoop-4-1] i.l.core.protocol.ConnectionWatchdog     : Cannot reconnect to [localhost/<unresolved>:6379]: Connection refused: no further information: localhost/127.0.0.1:6379
2026-09-13T13:05:24.410-04:00  INFO 29984 --- [CatalogService] [xecutorLoop-1-4] i.l.core.protocol.ConnectionWatchdog     : Reconnecting, last destination was localhost/<unresolved>:6379
2026-09-13T13:05:24.410-04:00  INFO 29984 --- [CatalogService] [xecutorLoop-1-3] i.l.core.protocol.ConnectionWatchdog     : Reconnecting, last destination was localhost/<unresolved>:6379
2026-09-13T13:05:24.414-04:00  WARN 29984 --- [CatalogService] [ioEventLoop-4-3] i.l.core.protocol.ConnectionWatchdog     : Cannot reconnect to [localhost/<unresolved>:6379]: Connection refused: no further information: localhost/127.0.0.1:6379
2026-09-13T13:05:24.414-04:00  WARN 29984 --- [CatalogService] [ioEventLoop-4-4] i.l.core.protocol.ConnectionWatchdog     : Cannot reconnect to [localhost/<unresolved>:6379]: Connection refused: no further information: localhost/127.0.0.1:6379
2026-09-13T13:05:54.512-04:00  INFO 29984 --- [CatalogService] [xecutorLoop-1-4] i.l.core.protocol.ConnectionWatchdog     : Reconnecting, last destination was localhost/<unresolved>:6379
2026-09-13T13:05:54.512-04:00  INFO 29984 --- [CatalogService] [xecutorLoop-1-3] i.l.core.protocol.ConnectionWatchdog     : Reconnecting, last destination was localhost/<unresolved>:6379
2026-09-13T13:05:54.515-04:00  WARN 29984 --- [CatalogService] [ioEventLoop-4-1] i.l.core.protocol.ConnectionWatchdog     : Cannot reconnect to [localhost/<unresolved>:6379]: Connection refused: no further information: localhost/127.0.0.1:6379
2026-09-13T13:05:54.515-04:00  WARN 29984 --- [CatalogService] [ioEventLoop-4-2] i.l.core.protocol.ConnectionWatchdog     : Cannot reconnect to [localhost/<unresolved>:6379]: Connection refused: no further information: localhost/127.0.0.1:6379
2026-09-13T13:06:24.611-04:00  INFO 29984 --- [CatalogService] [xecutorLoop-1-3] i.l.core.protocol.ConnectionWatchdog     : Reconnecting, last destination was localhost/<unresolved>:6379
2026-09-13T13:06:24.611-04:00  INFO 29984 --- [CatalogService] [xecutorLoop-1-4] i.l.core.protocol.ConnectionWatchdog     : Reconnecting, last destination was localhost/<unresolved>:6379
2026-09-13T13:06:24.614-04:00  WARN 29984 --- [CatalogService] [ioEventLoop-4-3] i.l.core.protocol.ConnectionWatchdog     : Cannot reconnect to [localhost/<unresolved>:6379]: Connection refused: no further information: localhost/127.0.0.1:6379
2026-09-13T13:06:24.614-04:00  WARN 29984 --- [CatalogService] [ioEventLoop-4-4] i.l.core.protocol.ConnectionWatchdog     : Cannot reconnect to [localhost/<unresolved>:6379]: Connection refused: no further information: localhost/127.0.0.1:6379
2026-09-13T13:06:54.711-04:00  INFO 29984 --- [CatalogService] [xecutorLoop-1-3] i.l.core.protocol.ConnectionWatchdog     : Reconnecting, last destination was localhost/<unresolved>:6379
2026-09-13T13:06:54.711-04:00  INFO 29984 --- [CatalogService] [xecutorLoop-1-4] i.l.core.protocol.ConnectionWatchdog     : Reconnecting, last destination was localhost/<unresolved>:6379
2026-09-13T13:06:54.714-04:00  WARN 29984 --- [CatalogService] [ioEventLoop-4-1] i.l.core.protocol.ConnectionWatchdog     : Cannot reconnect to [localhost/<unresolved>:6379]: Connection refused: no further information: localhost/127.0.0.1:6379
2026-09-13T13:06:54.714-04:00  WARN 29984 --- [CatalogService] [ioEventLoop-4-2] i.l.core.protocol.ConnectionWatchdog     : Cannot reconnect to [localhost/<unresolved>:6379]: Connection refused: no further information: localhost/127.0.0.1:6379
2026-09-13T13:07:24.810-04:00  INFO 29984 --- [CatalogService] [xecutorLoop-1-4] i.l.core.protocol.ConnectionWatchdog     : Reconnecting, last destination was localhost/<unresolved>:6379
2026-09-13T13:07:24.810-04:00  INFO 29984 --- [CatalogService] [xecutorLoop-1-3] i.l.core.protocol.ConnectionWatchdog     : Reconnecting, last destination was localhost/<unresolved>:6379
2026-09-13T13:07:24.814-04:00  WARN 29984 --- [CatalogService] [ioEventLoop-4-3] i.l.core.protocol.ConnectionWatchdog     : Cannot reconnect to [localhost/<unresolved>:6379]: Connection refused: no further information: localhost/127.0.0.1:6379
2026-09-13T13:07:24.814-04:00  WARN 29984 --- [CatalogService] [ioEventLoop-4-4] i.l.core.protocol.ConnectionWatchdog     : Cannot reconnect to [localhost/<unresolved>:6379]: Connection refused: no further information: localhost/127.0.0.1:6379
2026-09-13T13:07:40.382-04:00  INFO 29984 --- [CatalogService] [rap-executor-%d] c.n.d.s.r.aws.ConfigClusterResolver      : Resolving eureka endpoints via configuration
2026-09-13T13:07:54.910-04:00  INFO 29984 --- [CatalogService] [xecutorLoop-1-3] i.l.core.protocol.ConnectionWatchdog     : Reconnecting, last destination was localhost/<unresolved>:6379
2026-09-13T13:07:54.910-04:00  INFO 29984 --- [CatalogService] [xecutorLoop-1-4] i.l.core.protocol.ConnectionWatchdog     : Reconnecting, last destination was localhost/<unresolved>:6379
2026-09-13T13:07:54.912-04:00  WARN 29984 --- [CatalogService] [ioEventLoop-4-1] i.l.core.protocol.ConnectionWatchdog     : Cannot reconnect to [localhost/<unresolved>:6379]: Connection refused: no further information: localhost/127.0.0.1:6379
2026-09-13T13:07:54.912-04:00  WARN 29984 --- [CatalogService] [ioEventLoop-4-2] i.l.core.protocol.ConnectionWatchdog     : Cannot reconnect to [localhost/<unresolved>:6379]: Connection refused: no further information: localhost/127.0.0.1:6379
2026-09-13T13:08:25.015-04:00  INFO 29984 --- [CatalogService] [xecutorLoop-1-3] i.l.core.protocol.ConnectionWatchdog     : Reconnecting, last destination was localhost/<unresolved>:6379
2026-09-13T13:08:25.015-04:00  INFO 29984 --- [CatalogService] [xecutorLoop-1-4] i.l.core.protocol.ConnectionWatchdog     : Reconnecting, last destination was localhost/<unresolved>:6379
2026-09-13T13:08:25.017-04:00  WARN 29984 --- [CatalogService] [ioEventLoop-4-3] i.l.core.protocol.ConnectionWatchdog     : Cannot reconnect to [localhost/<unresolved>:6379]: Connection refused: no further information: localhost/127.0.0.1:6379
2026-09-13T13:08:25.017-04:00  WARN 29984 --- [CatalogService] [ioEventLoop-4-4] i.l.core.protocol.ConnectionWatchdog     : Cannot reconnect to [localhost/<unresolved>:6379]: Connection refused: no further information: localhost/127.0.0.1:6379
2026-09-13T13:08:55.112-04:00  INFO 29984 --- [CatalogService] [xecutorLoop-1-4] i.l.core.protocol.ConnectionWatchdog     : Reconnecting, last destination was localhost/<unresolved>:6379
2026-09-13T13:08:55.112-04:00  INFO 29984 --- [CatalogService] [xecutorLoop-1-3] i.l.core.protocol.ConnectionWatchdog     : Reconnecting, last destination was localhost/<unresolved>:6379
2026-09-13T13:08:55.113-04:00  WARN 29984 --- [CatalogService] [ioEventLoop-4-2] i.l.core.protocol.ConnectionWatchdog     : Cannot reconnect to [localhost/<unresolved>:6379]: Connection refused: no further information: localhost/127.0.0.1:6379
2026-09-13T13:08:55.113-04:00  WARN 29984 --- [CatalogService] [ioEventLoop-4-1] i.l.core.protocol.ConnectionWatchdog     : Cannot reconnect to [localhost/<unresolved>:6379]: Connection refused: no further information: localhost/127.0.0.1:6379
2026-09-13T13:09:25.210-04:00  INFO 29984 --- [CatalogService] [xecutorLoop-1-3] i.l.core.protocol.ConnectionWatchdog     : Reconnecting, last destination was localhost/<unresolved>:6379
2026-09-13T13:09:25.210-04:00  INFO 29984 --- [CatalogService] [xecutorLoop-1-4] i.l.core.protocol.ConnectionWatchdog     : Reconnecting, last destination was localhost/<unresolved>:6379
2026-09-13T13:09:25.214-04:00  WARN 29984 --- [CatalogService] [ioEventLoop-4-4] i.l.core.protocol.ConnectionWatchdog     : Cannot reconnect to [localhost/<unresolved>:6379]: Connection refused: no further information: localhost/127.0.0.1:6379
2026-09-13T13:09:25.214-04:00  WARN 29984 --- [CatalogService] [ioEventLoop-4-3] i.l.core.protocol.ConnectionWatchdog     : Cannot reconnect to [localhost/<unresolved>:6379]: Connection refused: no further information: localhost/127.0.0.1:6379
2026-09-13T13:09:55.310-04:00  INFO 29984 --- [CatalogService] [xecutorLoop-1-3] i.l.core.protocol.ConnectionWatchdog     : Reconnecting, last destination was localhost/<unresolved>:6379
2026-09-13T13:09:55.310-04:00  INFO 29984 --- [CatalogService] [xecutorLoop-1-4] i.l.core.protocol.ConnectionWatchdog     : Reconnecting, last destination was localhost/<unresolved>:6379
2026-09-13T13:09:55.313-04:00  WARN 29984 --- [CatalogService] [ioEventLoop-4-1] i.l.core.protocol.ConnectionWatchdog     : Cannot reconnect to [localhost/<unresolved>:6379]: Connection refused: no further information: localhost/127.0.0.1:6379
2026-09-13T13:09:55.313-04:00  WARN 29984 --- [CatalogService] [ioEventLoop-4-2] i.l.core.protocol.ConnectionWatchdog     : Cannot reconnect to [localhost/<unresolved>:6379]: Connection refused: no further information: localhost/127.0.0.1:6379
2026-09-13T13:10:25.410-04:00  INFO 29984 --- [CatalogService] [xecutorLoop-1-4] i.l.core.protocol.ConnectionWatchdog     : Reconnecting, last destination was localhost/<unresolved>:6379
2026-09-13T13:10:25.410-04:00  INFO 29984 --- [CatalogService] [xecutorLoop-1-3] i.l.core.protocol.ConnectionWatchdog     : Reconnecting, last destination was localhost/<unresolved>:6379
2026-09-13T13:10:25.411-04:00  WARN 29984 --- [CatalogService] [ioEventLoop-4-4] i.l.core.protocol.ConnectionWatchdog     : Cannot reconnect to [localhost/<unresolved>:6379]: Connection refused: no further information: localhost/127.0.0.1:6379
2026-09-13T13:10:25.412-04:00  WARN 29984 --- [CatalogService] [ioEventLoop-4-3] i.l.core.protocol.ConnectionWatchdog     : Cannot reconnect to [localhost/<unresolved>:6379]: Connection refused: no further information: localhost/127.0.0.1:6379
2026-09-13T13:10:55.513-04:00  INFO 29984 --- [CatalogService] [xecutorLoop-1-4] i.l.core.protocol.ConnectionWatchdog     : Reconnecting, last destination was localhost/<unresolved>:6379
2026-09-13T13:10:55.513-04:00  INFO 29984 --- [CatalogService] [xecutorLoop-1-3] i.l.core.protocol.ConnectionWatchdog     : Reconnecting, last destination was localhost/<unresolved>:6379
2026-09-13T13:10:55.516-04:00  WARN 29984 --- [CatalogService] [ioEventLoop-4-1] i.l.core.protocol.ConnectionWatchdog     : Cannot reconnect to [localhost/<unresolved>:6379]: Connection refused: no further information: localhost/127.0.0.1:6379
2026-09-13T13:10:55.516-04:00  WARN 29984 --- [CatalogService] [ioEventLoop-4-2] i.l.core.protocol.ConnectionWatchdog     : Cannot reconnect to [localhost/<unresolved>:6379]: Connection refused: no further information: localhost/127.0.0.1:6379
2026-09-13T13:11:25.610-04:00  INFO 29984 --- [CatalogService] [xecutorLoop-1-3] i.l.core.protocol.ConnectionWatchdog     : Reconnecting, last destination was localhost/<unresolved>:6379
2026-09-13T13:11:25.610-04:00  INFO 29984 --- [CatalogService] [xecutorLoop-1-4] i.l.core.protocol.ConnectionWatchdog     : Reconnecting, last destination was localhost/<unresolved>:6379
2026-09-13T13:11:25.613-04:00  WARN 29984 --- [CatalogService] [ioEventLoop-4-3] i.l.core.protocol.ConnectionWatchdog     : Cannot reconnect to [localhost/<unresolved>:6379]: Connection refused: no further information: localhost/127.0.0.1:6379
2026-09-13T13:11:25.613-04:00  WARN 29984 --- [CatalogService] [ioEventLoop-4-4] i.l.core.protocol.ConnectionWatchdog     : Cannot reconnect to [localhost/<unresolved>:6379]: Connection refused: no further information: localhost/127.0.0.1:6379
2026-09-13T13:11:55.711-04:00  INFO 29984 --- [CatalogService] [xecutorLoop-1-3] i.l.core.protocol.ConnectionWatchdog     : Reconnecting, last destination was localhost/<unresolved>:6379
2026-09-13T13:11:55.711-04:00  INFO 29984 --- [CatalogService] [xecutorLoop-1-4] i.l.core.protocol.ConnectionWatchdog     : Reconnecting, last destination was localhost/<unresolved>:6379
2026-09-13T13:11:55.714-04:00  WARN 29984 --- [CatalogService] [ioEventLoop-4-2] i.l.core.protocol.ConnectionWatchdog     : Cannot reconnect to [localhost/<unresolved>:6379]: Connection refused: no further information: localhost/127.0.0.1:6379
2026-09-13T13:11:55.714-04:00  WARN 29984 --- [CatalogService] [ioEventLoop-4-1] i.l.core.protocol.ConnectionWatchdog     : Cannot reconnect to [localhost/<unresolved>:6379]: Connection refused: no further information: localhost/127.0.0.1:6379
2026-09-13T13:12:25.812-04:00  INFO 29984 --- [CatalogService] [xecutorLoop-1-3] i.l.core.protocol.ConnectionWatchdog     : Reconnecting, last destination was localhost/<unresolved>:6379
2026-09-13T13:12:25.812-04:00  INFO 29984 --- [CatalogService] [xecutorLoop-1-4] i.l.core.protocol.ConnectionWatchdog     : Reconnecting, last destination was localhost/<unresolved>:6379
2026-09-13T13:12:25.815-04:00  WARN 29984 --- [CatalogService] [ioEventLoop-4-3] i.l.core.protocol.ConnectionWatchdog     : Cannot reconnect to [localhost/<unresolved>:6379]: Connection refused: no further information: localhost/127.0.0.1:6379
2026-09-13T13:12:25.815-04:00  WARN 29984 --- [CatalogService] [ioEventLoop-4-4] i.l.core.protocol.ConnectionWatchdog     : Cannot reconnect to [localhost/<unresolved>:6379]: Connection refused: no further information: localhost/127.0.0.1:6379
2026-09-13T13:12:40.388-04:00  INFO 29984 --- [CatalogService] [rap-executor-%d] c.n.d.s.r.aws.ConfigClusterResolver      : Resolving eureka endpoints via configuration
2026-09-13T13:12:55.912-04:00  INFO 29984 --- [CatalogService] [xecutorLoop-1-3] i.l.core.protocol.ConnectionWatchdog     : Reconnecting, last destination was localhost/<unresolved>:6379
2026-09-13T13:12:55.912-04:00  INFO 29984 --- [CatalogService] [xecutorLoop-1-4] i.l.core.protocol.ConnectionWatchdog     : Reconnecting, last destination was localhost/<unresolved>:6379
2026-09-13T13:12:55.914-04:00  WARN 29984 --- [CatalogService] [ioEventLoop-4-1] i.l.core.protocol.ConnectionWatchdog     : Cannot reconnect to [localhost/<unresolved>:6379]: Connection refused: no further information: localhost/127.0.0.1:6379
2026-09-13T13:12:55.914-04:00  WARN 29984 --- [CatalogService] [ioEventLoop-4-2] i.l.core.protocol.ConnectionWatchdog     : Cannot reconnect to [localhost/<unresolved>:6379]: Connection refused: no further information: localhost/127.0.0.1:6379
2026-09-13T13:13:26.012-04:00  INFO 29984 --- [CatalogService] [xecutorLoop-1-4] i.l.core.protocol.ConnectionWatchdog     : Reconnecting, last destination was localhost/<unresolved>:6379
2026-09-13T13:13:26.012-04:00  INFO 29984 --- [CatalogService] [xecutorLoop-1-3] i.l.core.protocol.ConnectionWatchdog     : Reconnecting, last destination was localhost/<unresolved>:6379
2026-09-13T13:13:26.015-04:00  WARN 29984 --- [CatalogService] [ioEventLoop-4-3] i.l.core.protocol.ConnectionWatchdog     : Cannot reconnect to [localhost/<unresolved>:6379]: Connection refused: no further information: localhost/127.0.0.1:6379
2026-09-13T13:13:26.016-04:00  WARN 29984 --- [CatalogService] [ioEventLoop-4-4] i.l.core.protocol.ConnectionWatchdog     : Cannot reconnect to [localhost/<unresolved>:6379]: Connection refused: no further information: localhost/127.0.0.1:6379
2026-09-13T13:13:56.118-04:00  INFO 29984 --- [CatalogService] [xecutorLoop-1-3] i.l.core.protocol.ConnectionWatchdog     : Reconnecting, last destination was localhost/<unresolved>:6379
2026-09-13T13:13:56.118-04:00  INFO 29984 --- [CatalogService] [xecutorLoop-1-4] i.l.core.protocol.ConnectionWatchdog     : Reconnecting, last destination was localhost/<unresolved>:6379
2026-09-13T13:13:56.122-04:00  WARN 29984 --- [CatalogService] [ioEventLoop-4-1] i.l.core.protocol.ConnectionWatchdog     : Cannot reconnect to [localhost/<unresolved>:6379]: Connection refused: no further information: localhost/127.0.0.1:6379
2026-09-13T13:13:56.122-04:00  WARN 29984 --- [CatalogService] [ioEventLoop-4-2] i.l.core.protocol.ConnectionWatchdog     : Cannot reconnect to [localhost/<unresolved>:6379]: Connection refused: no further information: localhost/127.0.0.1:6379
2026-09-13T13:14:26.210-04:00  INFO 29984 --- [CatalogService] [xecutorLoop-1-4] i.l.core.protocol.ConnectionWatchdog     : Reconnecting, last destination was localhost/<unresolved>:6379
2026-09-13T13:14:26.210-04:00  INFO 29984 --- [CatalogService] [xecutorLoop-1-3] i.l.core.protocol.ConnectionWatchdog     : Reconnecting, last destination was localhost/<unresolved>:6379
2026-09-13T13:14:26.213-04:00  WARN 29984 --- [CatalogService] [ioEventLoop-4-3] i.l.core.protocol.ConnectionWatchdog     : Cannot reconnect to [localhost/<unresolved>:6379]: Connection refused: no further information: localhost/127.0.0.1:6379
2026-09-13T13:14:26.213-04:00  WARN 29984 --- [CatalogService] [ioEventLoop-4-4] i.l.core.protocol.ConnectionWatchdog     : Cannot reconnect to [localhost/<unresolved>:6379]: Connection refused: no further information: localhost/127.0.0.1:6379
2026-09-13T13:14:56.312-04:00  INFO 29984 --- [CatalogService] [xecutorLoop-1-3] i.l.core.protocol.ConnectionWatchdog     : Reconnecting, last destination was localhost/<unresolved>:6379
2026-09-13T13:14:56.312-04:00  INFO 29984 --- [CatalogService] [xecutorLoop-1-4] i.l.core.protocol.ConnectionWatchdog     : Reconnecting, last destination was localhost/<unresolved>:6379
2026-09-13T13:14:56.316-04:00  WARN 29984 --- [CatalogService] [ioEventLoop-4-2] i.l.core.protocol.ConnectionWatchdog     : Cannot reconnect to [localhost/<unresolved>:6379]: Connection refused: no further information: localhost/127.0.0.1:6379
2026-09-13T13:14:56.316-04:00  WARN 29984 --- [CatalogService] [ioEventLoop-4-1] i.l.core.protocol.ConnectionWatchdog     : Cannot reconnect to [localhost/<unresolved>:6379]: Connection refused: no further information: localhost/127.0.0.1:6379
2026-09-13T13:15:26.417-04:00  INFO 29984 --- [CatalogService] [xecutorLoop-1-4] i.l.core.protocol.ConnectionWatchdog     : Reconnecting, last destination was localhost/<unresolved>:6379
2026-09-13T13:15:26.417-04:00  INFO 29984 --- [CatalogService] [xecutorLoop-1-3] i.l.core.protocol.ConnectionWatchdog     : Reconnecting, last destination was localhost/<unresolved>:6379
2026-09-13T13:15:26.420-04:00  WARN 29984 --- [CatalogService] [ioEventLoop-4-3] i.l.core.protocol.ConnectionWatchdog     : Cannot reconnect to [localhost/<unresolved>:6379]: Connection refused: no further information: localhost/127.0.0.1:6379
2026-09-13T13:15:26.421-04:00  WARN 29984 --- [CatalogService] [ioEventLoop-4-4] i.l.core.protocol.ConnectionWatchdog     : Cannot reconnect to [localhost/<unresolved>:6379]: Connection refused: no further information: localhost/127.0.0.1:6379
2026-09-13T13:15:56.512-04:00  INFO 29984 --- [CatalogService] [xecutorLoop-1-4] i.l.core.protocol.ConnectionWatchdog     : Reconnecting, last destination was localhost/<unresolved>:6379
2026-09-13T13:15:56.512-04:00  INFO 29984 --- [CatalogService] [xecutorLoop-1-3] i.l.core.protocol.ConnectionWatchdog     : Reconnecting, last destination was localhost/<unresolved>:6379
2026-09-13T13:15:56.515-04:00  WARN 29984 --- [CatalogService] [ioEventLoop-4-1] i.l.core.protocol.ConnectionWatchdog     : Cannot reconnect to [localhost/<unresolved>:6379]: Connection refused: no further information: localhost/127.0.0.1:6379
2026-09-13T13:15:56.515-04:00  WARN 29984 --- [CatalogService] [ioEventLoop-4-2] i.l.core.protocol.ConnectionWatchdog     : Cannot reconnect to [localhost/<unresolved>:6379]: Connection refused: no further information: localhost/127.0.0.1:6379
2026-09-13T13:16:26.619-04:00  INFO 29984 --- [CatalogService] [xecutorLoop-1-3] i.l.core.protocol.ConnectionWatchdog     : Reconnecting, last destination was localhost/<unresolved>:6379
2026-09-13T13:16:26.619-04:00  INFO 29984 --- [CatalogService] [xecutorLoop-1-4] i.l.core.protocol.ConnectionWatchdog     : Reconnecting, last destination was localhost/<unresolved>:6379
2026-09-13T13:16:26.625-04:00  WARN 29984 --- [CatalogService] [ioEventLoop-4-3] i.l.core.protocol.ConnectionWatchdog     : Cannot reconnect to [localhost/<unresolved>:6379]: Connection refused: no further information: localhost/127.0.0.1:6379
2026-09-13T13:16:26.626-04:00  WARN 29984 --- [CatalogService] [ioEventLoop-4-4] i.l.core.protocol.ConnectionWatchdog     : Cannot reconnect to [localhost/<unresolved>:6379]: Connection refused: no further information: localhost/127.0.0.1:6379
2026-09-13T13:16:56.713-04:00  INFO 29984 --- [CatalogService] [xecutorLoop-1-3] i.l.core.protocol.ConnectionWatchdog     : Reconnecting, last destination was localhost/<unresolved>:6379
2026-09-13T13:16:56.713-04:00  INFO 29984 --- [CatalogService] [xecutorLoop-1-4] i.l.core.protocol.ConnectionWatchdog     : Reconnecting, last destination was localhost/<unresolved>:6379
2026-09-13T13:16:56.716-04:00  WARN 29984 --- [CatalogService] [ioEventLoop-4-2] i.l.core.protocol.ConnectionWatchdog     : Cannot reconnect to [localhost/<unresolved>:6379]: Connection refused: no further information: localhost/127.0.0.1:6379
2026-09-13T13:16:56.716-04:00  WARN 29984 --- [CatalogService] [ioEventLoop-4-1] i.l.core.protocol.ConnectionWatchdog     : Cannot reconnect to [localhost/<unresolved>:6379]: Connection refused: no further information: localhost/127.0.0.1:6379
2026-09-13T13:17:26.818-04:00  INFO 29984 --- [CatalogService] [xecutorLoop-1-3] i.l.core.protocol.ConnectionWatchdog     : Reconnecting, last destination was localhost/<unresolved>:6379
2026-09-13T13:17:26.818-04:00  INFO 29984 --- [CatalogService] [xecutorLoop-1-4] i.l.core.protocol.ConnectionWatchdog     : Reconnecting, last destination was localhost/<unresolved>:6379
2026-09-13T13:17:26.824-04:00  WARN 29984 --- [CatalogService] [ioEventLoop-4-3] i.l.core.protocol.ConnectionWatchdog     : Cannot reconnect to [localhost/<unresolved>:6379]: Connection refused: no further information: localhost/127.0.0.1:6379
2026-09-13T13:17:26.827-04:00  WARN 29984 --- [CatalogService] [ioEventLoop-4-4] i.l.core.protocol.ConnectionWatchdog     : Cannot reconnect to [localhost/<unresolved>:6379]: Connection refused: no further information: localhost/127.0.0.1:6379
2026-09-13T13:17:40.395-04:00  INFO 29984 --- [CatalogService] [rap-executor-%d] c.n.d.s.r.aws.ConfigClusterResolver      : Resolving eureka endpoints via configuration
2026-09-13T13:17:56.913-04:00  INFO 29984 --- [CatalogService] [xecutorLoop-1-3] i.l.core.protocol.ConnectionWatchdog     : Reconnecting, last destination was localhost/<unresolved>:6379
2026-09-13T13:17:56.913-04:00  INFO 29984 --- [CatalogService] [xecutorLoop-1-4] i.l.core.protocol.ConnectionWatchdog     : Reconnecting, last destination was localhost/<unresolved>:6379
2026-09-13T13:17:56.916-04:00  WARN 29984 --- [CatalogService] [ioEventLoop-4-2] i.l.core.protocol.ConnectionWatchdog     : Cannot reconnect to [localhost/<unresolved>:6379]: Connection refused: no further information: localhost/127.0.0.1:6379
2026-09-13T13:17:56.918-04:00  WARN 29984 --- [CatalogService] [ioEventLoop-4-1] i.l.core.protocol.ConnectionWatchdog     : Cannot reconnect to [localhost/<unresolved>:6379]: Connection refused: no further information: localhost/127.0.0.1:6379
2026-09-13T13:18:27.012-04:00  INFO 29984 --- [CatalogService] [xecutorLoop-1-4] i.l.core.protocol.ConnectionWatchdog     : Reconnecting, last destination was localhost/<unresolved>:6379
2026-09-13T13:18:27.012-04:00  INFO 29984 --- [CatalogService] [xecutorLoop-1-3] i.l.core.protocol.ConnectionWatchdog     : Reconnecting, last destination was localhost/<unresolved>:6379
2026-09-13T13:18:27.017-04:00  WARN 29984 --- [CatalogService] [ioEventLoop-4-3] i.l.core.protocol.ConnectionWatchdog     : Cannot reconnect to [localhost/<unresolved>:6379]: Connection refused: no further information: localhost/127.0.0.1:6379
2026-09-13T13:18:27.017-04:00  WARN 29984 --- [CatalogService] [ioEventLoop-4-4] i.l.core.protocol.ConnectionWatchdog     : Cannot reconnect to [localhost/<unresolved>:6379]: Connection refused: no further information: localhost/127.0.0.1:6379
2026-09-13T13:18:57.113-04:00  INFO 29984 --- [CatalogService] [xecutorLoop-1-3] i.l.core.protocol.ConnectionWatchdog     : Reconnecting, last destination was localhost/<unresolved>:6379
2026-09-13T13:18:57.113-04:00  INFO 29984 --- [CatalogService] [xecutorLoop-1-4] i.l.core.protocol.ConnectionWatchdog     : Reconnecting, last destination was localhost/<unresolved>:6379
2026-09-13T13:18:57.116-04:00  WARN 29984 --- [CatalogService] [ioEventLoop-4-1] i.l.core.protocol.ConnectionWatchdog     : Cannot reconnect to [localhost/<unresolved>:6379]: Connection refused: no further information: localhost/127.0.0.1:6379
2026-09-13T13:18:57.116-04:00  WARN 29984 --- [CatalogService] [ioEventLoop-4-2] i.l.core.protocol.ConnectionWatchdog     : Cannot reconnect to [localhost/<unresolved>:6379]: Connection refused: no further information: localhost/127.0.0.1:6379
2026-09-13T13:19:27.215-04:00  INFO 29984 --- [CatalogService] [xecutorLoop-1-3] i.l.core.protocol.ConnectionWatchdog     : Reconnecting, last destination was localhost/<unresolved>:6379
2026-09-13T13:19:27.216-04:00  INFO 29984 --- [CatalogService] [xecutorLoop-1-4] i.l.core.protocol.ConnectionWatchdog     : Reconnecting, last destination was localhost/<unresolved>:6379
2026-09-13T13:19:27.227-04:00  WARN 29984 --- [CatalogService] [ioEventLoop-4-4] i.l.core.protocol.ConnectionWatchdog     : Cannot reconnect to [localhost/<unresolved>:6379]: Connection refused: no further information: localhost/127.0.0.1:6379
2026-09-13T13:19:27.227-04:00  WARN 29984 --- [CatalogService] [ioEventLoop-4-3] i.l.core.protocol.ConnectionWatchdog     : Cannot reconnect to [localhost/<unresolved>:6379]: Connection refused: no further information: localhost/127.0.0.1:6379
2026-09-13T13:19:57.314-04:00  INFO 29984 --- [CatalogService] [xecutorLoop-1-3] i.l.core.protocol.ConnectionWatchdog     : Reconnecting, last destination was localhost/<unresolved>:6379
2026-09-13T13:19:57.314-04:00  INFO 29984 --- [CatalogService] [xecutorLoop-1-4] i.l.core.protocol.ConnectionWatchdog     : Reconnecting, last destination was localhost/<unresolved>:6379
2026-09-13T13:19:57.316-04:00  WARN 29984 --- [CatalogService] [ioEventLoop-4-2] i.l.core.protocol.ConnectionWatchdog     : Cannot reconnect to [localhost/<unresolved>:6379]: Connection refused: no further information: localhost/127.0.0.1:6379
2026-09-13T13:19:57.339-04:00  WARN 29984 --- [CatalogService] [ioEventLoop-4-1] i.l.core.protocol.ConnectionWatchdog     : Cannot reconnect to [localhost/<unresolved>:6379]: Connection refused: no further information: localhost/127.0.0.1:6379
2026-09-13T13:20:27.417-04:00  INFO 29984 --- [CatalogService] [xecutorLoop-1-3] i.l.core.protocol.ConnectionWatchdog     : Reconnecting, last destination was localhost/<unresolved>:6379
2026-09-13T13:20:27.417-04:00  INFO 29984 --- [CatalogService] [xecutorLoop-1-4] i.l.core.protocol.ConnectionWatchdog     : Reconnecting, last destination was localhost/<unresolved>:6379
2026-09-13T13:20:27.423-04:00  WARN 29984 --- [CatalogService] [ioEventLoop-4-4] i.l.core.protocol.ConnectionWatchdog     : Cannot reconnect to [localhost/<unresolved>:6379]: Connection refused: no further information: localhost/127.0.0.1:6379
2026-09-13T13:20:27.423-04:00  WARN 29984 --- [CatalogService] [ioEventLoop-4-3] i.l.core.protocol.ConnectionWatchdog     : Cannot reconnect to [localhost/<unresolved>:6379]: Connection refused: no further information: localhost/127.0.0.1:6379
2026-09-13T13:20:57.513-04:00  INFO 29984 --- [CatalogService] [xecutorLoop-1-4] i.l.core.protocol.ConnectionWatchdog     : Reconnecting, last destination was localhost/<unresolved>:6379
2026-09-13T13:20:57.513-04:00  INFO 29984 --- [CatalogService] [xecutorLoop-1-3] i.l.core.protocol.ConnectionWatchdog     : Reconnecting, last destination was localhost/<unresolved>:6379
2026-09-13T13:20:57.516-04:00  WARN 29984 --- [CatalogService] [ioEventLoop-4-2] i.l.core.protocol.ConnectionWatchdog     : Cannot reconnect to [localhost/<unresolved>:6379]: Connection refused: no further information: localhost/127.0.0.1:6379
2026-09-13T13:20:57.536-04:00  WARN 29984 --- [CatalogService] [ioEventLoop-4-1] i.l.core.protocol.ConnectionWatchdog     : Cannot reconnect to [localhost/<unresolved>:6379]: Connection refused: no further information: localhost/127.0.0.1:6379
2026-09-13T13:21:27.612-04:00  INFO 29984 --- [CatalogService] [xecutorLoop-1-3] i.l.core.protocol.ConnectionWatchdog     : Reconnecting, last destination was localhost/<unresolved>:6379
2026-09-13T13:21:27.612-04:00  INFO 29984 --- [CatalogService] [xecutorLoop-1-4] i.l.core.protocol.ConnectionWatchdog     : Reconnecting, last destination was localhost/<unresolved>:6379
2026-09-13T13:21:27.616-04:00  WARN 29984 --- [CatalogService] [ioEventLoop-4-4] i.l.core.protocol.ConnectionWatchdog     : Cannot reconnect to [localhost/<unresolved>:6379]: Connection refused: no further information: localhost/127.0.0.1:6379
2026-09-13T13:21:27.616-04:00  WARN 29984 --- [CatalogService] [ioEventLoop-4-3] i.l.core.protocol.ConnectionWatchdog     : Cannot reconnect to [localhost/<unresolved>:6379]: Connection refused: no further information: localhost/127.0.0.1:6379
2026-09-13T13:21:57.713-04:00  INFO 29984 --- [CatalogService] [xecutorLoop-1-4] i.l.core.protocol.ConnectionWatchdog     : Reconnecting, last destination was localhost/<unresolved>:6379
2026-09-13T13:21:57.713-04:00  INFO 29984 --- [CatalogService] [xecutorLoop-1-3] i.l.core.protocol.ConnectionWatchdog     : Reconnecting, last destination was localhost/<unresolved>:6379
2026-09-13T13:21:57.714-04:00  WARN 29984 --- [CatalogService] [ioEventLoop-4-2] i.l.core.protocol.ConnectionWatchdog     : Cannot reconnect to [localhost/<unresolved>:6379]: Connection refused: no further information: localhost/127.0.0.1:6379
2026-09-13T13:21:57.715-04:00  WARN 29984 --- [CatalogService] [ioEventLoop-4-1] i.l.core.protocol.ConnectionWatchdog     : Cannot reconnect to [localhost/<unresolved>:6379]: Connection refused: no further information: localhost/127.0.0.1:6379
2026-09-13T13:22:27.812-04:00  INFO 29984 --- [CatalogService] [xecutorLoop-1-4] i.l.core.protocol.ConnectionWatchdog     : Reconnecting, last destination was localhost/<unresolved>:6379
2026-09-13T13:22:27.812-04:00  INFO 29984 --- [CatalogService] [xecutorLoop-1-3] i.l.core.protocol.ConnectionWatchdog     : Reconnecting, last destination was localhost/<unresolved>:6379
2026-09-13T13:22:27.818-04:00  WARN 29984 --- [CatalogService] [ioEventLoop-4-3] i.l.core.protocol.ConnectionWatchdog     : Cannot reconnect to [localhost/<unresolved>:6379]: Connection refused: no further information: localhost/127.0.0.1:6379
2026-09-13T13:22:27.817-04:00  WARN 29984 --- [CatalogService] [ioEventLoop-4-4] i.l.core.protocol.ConnectionWatchdog     : Cannot reconnect to [localhost/<unresolved>:6379]: Connection refused: no further information: localhost/127.0.0.1:6379
2026-09-13T13:22:40.406-04:00  INFO 29984 --- [CatalogService] [rap-executor-%d] c.n.d.s.r.aws.ConfigClusterResolver      : Resolving eureka endpoints via configuration
2026-09-13T13:22:57.913-04:00  INFO 29984 --- [CatalogService] [xecutorLoop-1-4] i.l.core.protocol.ConnectionWatchdog     : Reconnecting, last destination was localhost/<unresolved>:6379
2026-09-13T13:22:57.913-04:00  INFO 29984 --- [CatalogService] [xecutorLoop-1-3] i.l.core.protocol.ConnectionWatchdog     : Reconnecting, last destination was localhost/<unresolved>:6379
2026-09-13T13:22:57.918-04:00  WARN 29984 --- [CatalogService] [ioEventLoop-4-2] i.l.core.protocol.ConnectionWatchdog     : Cannot reconnect to [localhost/<unresolved>:6379]: Connection refused: no further information: localhost/127.0.0.1:6379
2026-09-13T13:22:57.918-04:00  WARN 29984 --- [CatalogService] [ioEventLoop-4-1] i.l.core.protocol.ConnectionWatchdog     : Cannot reconnect to [localhost/<unresolved>:6379]: Connection refused: no further information: localhost/127.0.0.1:6379
2026-09-13T13:23:28.013-04:00  INFO 29984 --- [CatalogService] [xecutorLoop-1-3] i.l.core.protocol.ConnectionWatchdog     : Reconnecting, last destination was localhost/<unresolved>:6379
2026-09-13T13:23:28.015-04:00  INFO 29984 --- [CatalogService] [xecutorLoop-1-4] i.l.core.protocol.ConnectionWatchdog     : Reconnecting, last destination was localhost/<unresolved>:6379
2026-09-13T13:23:28.024-04:00  WARN 29984 --- [CatalogService] [ioEventLoop-4-4] i.l.core.protocol.ConnectionWatchdog     : Cannot reconnect to [localhost/<unresolved>:6379]: Connection refused: no further information: localhost/127.0.0.1:6379
2026-09-13T13:23:28.021-04:00  WARN 29984 --- [CatalogService] [ioEventLoop-4-3] i.l.core.protocol.ConnectionWatchdog     : Cannot reconnect to [localhost/<unresolved>:6379]: Connection refused: no further information: localhost/127.0.0.1:6379
2026-09-13T13:23:58.122-04:00  INFO 29984 --- [CatalogService] [xecutorLoop-1-3] i.l.core.protocol.ConnectionWatchdog     : Reconnecting, last destination was localhost/<unresolved>:6379
2026-09-13T13:23:58.122-04:00  INFO 29984 --- [CatalogService] [xecutorLoop-1-4] i.l.core.protocol.ConnectionWatchdog     : Reconnecting, last destination was localhost/<unresolved>:6379
2026-09-13T13:23:58.126-04:00  WARN 29984 --- [CatalogService] [ioEventLoop-4-2] i.l.core.protocol.ConnectionWatchdog     : Cannot reconnect to [localhost/<unresolved>:6379]: Connection refused: no further information: localhost/127.0.0.1:6379
2026-09-13T13:23:58.129-04:00  WARN 29984 --- [CatalogService] [ioEventLoop-4-1] i.l.core.protocol.ConnectionWatchdog     : Cannot reconnect to [localhost/<unresolved>:6379]: Connection refused: no further information: localhost/127.0.0.1:6379
2026-09-13T13:24:28.213-04:00  INFO 29984 --- [CatalogService] [xecutorLoop-1-3] i.l.core.protocol.ConnectionWatchdog     : Reconnecting, last destination was localhost/<unresolved>:6379
2026-09-13T13:24:28.213-04:00  INFO 29984 --- [CatalogService] [xecutorLoop-1-4] i.l.core.protocol.ConnectionWatchdog     : Reconnecting, last destination was localhost/<unresolved>:6379
2026-09-13T13:24:28.218-04:00  WARN 29984 --- [CatalogService] [ioEventLoop-4-4] i.l.core.protocol.ConnectionWatchdog     : Cannot reconnect to [localhost/<unresolved>:6379]: Connection refused: no further information: localhost/127.0.0.1:6379
2026-09-13T13:24:28.218-04:00  WARN 29984 --- [CatalogService] [ioEventLoop-4-3] i.l.core.protocol.ConnectionWatchdog     : Cannot reconnect to [localhost/<unresolved>:6379]: Connection refused: no further information: localhost/127.0.0.1:6379
2026-09-13T13:24:58.313-04:00  INFO 29984 --- [CatalogService] [xecutorLoop-1-4] i.l.core.protocol.ConnectionWatchdog     : Reconnecting, last destination was localhost/<unresolved>:6379
2026-09-13T13:24:58.313-04:00  INFO 29984 --- [CatalogService] [xecutorLoop-1-3] i.l.core.protocol.ConnectionWatchdog     : Reconnecting, last destination was localhost/<unresolved>:6379
2026-09-13T13:24:58.315-04:00  WARN 29984 --- [CatalogService] [ioEventLoop-4-1] i.l.core.protocol.ConnectionWatchdog     : Cannot reconnect to [localhost/<unresolved>:6379]: Connection refused: no further information: localhost/127.0.0.1:6379
2026-09-13T13:24:58.315-04:00  WARN 29984 --- [CatalogService] [xecutorLoop-1-3] i.l.core.protocol.ConnectionWatchdog     : Cannot reconnect to [localhost/<unresolved>:6379]: Connection refused: no further information: localhost/127.0.0.1:6379
2026-09-13T13:25:28.417-04:00  INFO 29984 --- [CatalogService] [xecutorLoop-1-3] i.l.core.protocol.ConnectionWatchdog     : Reconnecting, last destination was localhost/<unresolved>:6379
2026-09-13T13:25:28.417-04:00  INFO 29984 --- [CatalogService] [xecutorLoop-1-4] i.l.core.protocol.ConnectionWatchdog     : Reconnecting, last destination was localhost/<unresolved>:6379
2026-09-13T13:25:28.422-04:00  WARN 29984 --- [CatalogService] [ioEventLoop-4-4] i.l.core.protocol.ConnectionWatchdog     : Cannot reconnect to [localhost/<unresolved>:6379]: Connection refused: no further information: localhost/127.0.0.1:6379
2026-09-13T13:25:28.423-04:00  WARN 29984 --- [CatalogService] [ioEventLoop-4-3] i.l.core.protocol.ConnectionWatchdog     : Cannot reconnect to [localhost/<unresolved>:6379]: Connection refused: no further information: localhost/127.0.0.1:6379
2026-09-13T13:25:58.520-04:00  INFO 29984 --- [CatalogService] [xecutorLoop-1-3] i.l.core.protocol.ConnectionWatchdog     : Reconnecting, last destination was localhost/<unresolved>:6379
2026-09-13T13:25:58.520-04:00  INFO 29984 --- [CatalogService] [xecutorLoop-1-4] i.l.core.protocol.ConnectionWatchdog     : Reconnecting, last destination was localhost/<unresolved>:6379
2026-09-13T13:25:58.521-04:00  WARN 29984 --- [CatalogService] [ioEventLoop-4-1] i.l.core.protocol.ConnectionWatchdog     : Cannot reconnect to [localhost/<unresolved>:6379]: Connection refused: no further information: localhost/127.0.0.1:6379
2026-09-13T13:25:58.522-04:00  WARN 29984 --- [CatalogService] [ioEventLoop-4-2] i.l.core.protocol.ConnectionWatchdog     : Cannot reconnect to [localhost/<unresolved>:6379]: Connection refused: no further information: localhost/127.0.0.1:6379
2026-09-13T13:26:28.617-04:00  INFO 29984 --- [CatalogService] [xecutorLoop-1-3] i.l.core.protocol.ConnectionWatchdog     : Reconnecting, last destination was localhost/<unresolved>:6379
2026-09-13T13:26:28.617-04:00  INFO 29984 --- [CatalogService] [xecutorLoop-1-4] i.l.core.protocol.ConnectionWatchdog     : Reconnecting, last destination was localhost/<unresolved>:6379
2026-09-13T13:26:28.621-04:00  WARN 29984 --- [CatalogService] [ioEventLoop-4-3] i.l.core.protocol.ConnectionWatchdog     : Cannot reconnect to [localhost/<unresolved>:6379]: Connection refused: no further information: localhost/127.0.0.1:6379
2026-09-13T13:26:28.621-04:00  WARN 29984 --- [CatalogService] [ioEventLoop-4-4] i.l.core.protocol.ConnectionWatchdog     : Cannot reconnect to [localhost/<unresolved>:6379]: Connection refused: no further information: localhost/127.0.0.1:6379
2026-09-13T13:26:58.719-04:00  INFO 29984 --- [CatalogService] [xecutorLoop-1-4] i.l.core.protocol.ConnectionWatchdog     : Reconnecting, last destination was localhost/<unresolved>:6379
2026-09-13T13:26:58.719-04:00  INFO 29984 --- [CatalogService] [xecutorLoop-1-3] i.l.core.protocol.ConnectionWatchdog     : Reconnecting, last destination was localhost/<unresolved>:6379
2026-09-13T13:26:58.721-04:00  WARN 29984 --- [CatalogService] [ioEventLoop-4-1] i.l.core.protocol.ConnectionWatchdog     : Cannot reconnect to [localhost/<unresolved>:6379]: Connection refused: no further information: localhost/127.0.0.1:6379
2026-09-13T13:26:58.725-04:00  WARN 29984 --- [CatalogService] [ioEventLoop-4-2] i.l.core.protocol.ConnectionWatchdog     : Cannot reconnect to [localhost/<unresolved>:6379]: Connection refused: no further information: localhost/127.0.0.1:6379
2026-09-13T13:27:28.814-04:00  INFO 29984 --- [CatalogService] [xecutorLoop-1-3] i.l.core.protocol.ConnectionWatchdog     : Reconnecting, last destination was localhost/<unresolved>:6379
2026-09-13T13:27:28.814-04:00  INFO 29984 --- [CatalogService] [xecutorLoop-1-4] i.l.core.protocol.ConnectionWatchdog     : Reconnecting, last destination was localhost/<unresolved>:6379
2026-09-13T13:27:28.817-04:00  WARN 29984 --- [CatalogService] [ioEventLoop-4-4] i.l.core.protocol.ConnectionWatchdog     : Cannot reconnect to [localhost/<unresolved>:6379]: Connection refused: no further information: localhost/127.0.0.1:6379
2026-09-13T13:27:28.819-04:00  WARN 29984 --- [CatalogService] [ioEventLoop-4-3] i.l.core.protocol.ConnectionWatchdog     : Cannot reconnect to [localhost/<unresolved>:6379]: Connection refused: no further information: localhost/127.0.0.1:6379
2026-09-13T13:27:40.417-04:00  INFO 29984 --- [CatalogService] [rap-executor-%d] c.n.d.s.r.aws.ConfigClusterResolver      : Resolving eureka endpoints via configuration
2026-09-13T13:27:58.914-04:00  INFO 29984 --- [CatalogService] [xecutorLoop-1-4] i.l.core.protocol.ConnectionWatchdog     : Reconnecting, last destination was localhost/<unresolved>:6379
2026-09-13T13:27:58.914-04:00  INFO 29984 --- [CatalogService] [xecutorLoop-1-3] i.l.core.protocol.ConnectionWatchdog     : Reconnecting, last destination was localhost/<unresolved>:6379
2026-09-13T13:27:58.917-04:00  WARN 29984 --- [CatalogService] [ioEventLoop-4-1] i.l.core.protocol.ConnectionWatchdog     : Cannot reconnect to [localhost/<unresolved>:6379]: Connection refused: no further information: localhost/127.0.0.1:6379
2026-09-13T13:27:58.917-04:00  WARN 29984 --- [CatalogService] [ioEventLoop-4-2] i.l.core.protocol.ConnectionWatchdog     : Cannot reconnect to [localhost/<unresolved>:6379]: Connection refused: no further information: localhost/127.0.0.1:6379
2026-09-13T13:28:29.013-04:00  INFO 29984 --- [CatalogService] [xecutorLoop-1-3] i.l.core.protocol.ConnectionWatchdog     : Reconnecting, last destination was localhost/<unresolved>:6379
2026-09-13T13:28:29.013-04:00  INFO 29984 --- [CatalogService] [xecutorLoop-1-4] i.l.core.protocol.ConnectionWatchdog     : Reconnecting, last destination was localhost/<unresolved>:6379
2026-09-13T13:28:29.018-04:00  WARN 29984 --- [CatalogService] [ioEventLoop-4-4] i.l.core.protocol.ConnectionWatchdog     : Cannot reconnect to [localhost/<unresolved>:6379]: Connection refused: no further information: localhost/127.0.0.1:6379
2026-09-13T13:28:29.018-04:00  WARN 29984 --- [CatalogService] [ioEventLoop-4-3] i.l.core.protocol.ConnectionWatchdog     : Cannot reconnect to [localhost/<unresolved>:6379]: Connection refused: no further information: localhost/127.0.0.1:6379
2026-09-13T13:28:59.115-04:00  INFO 29984 --- [CatalogService] [xecutorLoop-1-3] i.l.core.protocol.ConnectionWatchdog     : Reconnecting, last destination was localhost/<unresolved>:6379
2026-09-13T13:28:59.115-04:00  INFO 29984 --- [CatalogService] [xecutorLoop-1-4] i.l.core.protocol.ConnectionWatchdog     : Reconnecting, last destination was localhost/<unresolved>:6379
2026-09-13T13:28:59.120-04:00  WARN 29984 --- [CatalogService] [ioEventLoop-4-1] i.l.core.protocol.ConnectionWatchdog     : Cannot reconnect to [localhost/<unresolved>:6379]: Connection refused: no further information: localhost/127.0.0.1:6379
2026-09-13T13:28:59.120-04:00  WARN 29984 --- [CatalogService] [ioEventLoop-4-2] i.l.core.protocol.ConnectionWatchdog     : Cannot reconnect to [localhost/<unresolved>:6379]: Connection refused: no further information: localhost/127.0.0.1:6379
2026-09-13T13:29:29.215-04:00  INFO 29984 --- [CatalogService] [xecutorLoop-1-4] i.l.core.protocol.ConnectionWatchdog     : Reconnecting, last destination was localhost/<unresolved>:6379
2026-09-13T13:29:29.215-04:00  INFO 29984 --- [CatalogService] [xecutorLoop-1-3] i.l.core.protocol.ConnectionWatchdog     : Reconnecting, last destination was localhost/<unresolved>:6379
2026-09-13T13:29:29.217-04:00  WARN 29984 --- [CatalogService] [ioEventLoop-4-3] i.l.core.protocol.ConnectionWatchdog     : Cannot reconnect to [localhost/<unresolved>:6379]: Connection refused: no further information: localhost/127.0.0.1:6379
2026-09-13T13:29:29.219-04:00  WARN 29984 --- [CatalogService] [ioEventLoop-4-4] i.l.core.protocol.ConnectionWatchdog     : Cannot reconnect to [localhost/<unresolved>:6379]: Connection refused: no further information: localhost/127.0.0.1:6379
2026-09-13T13:29:59.313-04:00  INFO 29984 --- [CatalogService] [xecutorLoop-1-4] i.l.core.protocol.ConnectionWatchdog     : Reconnecting, last destination was localhost/<unresolved>:6379
2026-09-13T13:29:59.313-04:00  INFO 29984 --- [CatalogService] [xecutorLoop-1-3] i.l.core.protocol.ConnectionWatchdog     : Reconnecting, last destination was localhost/<unresolved>:6379
2026-09-13T13:29:59.318-04:00  WARN 29984 --- [CatalogService] [ioEventLoop-4-1] i.l.core.protocol.ConnectionWatchdog     : Cannot reconnect to [localhost/<unresolved>:6379]: Connection refused: no further information: localhost/127.0.0.1:6379
2026-09-13T13:29:59.318-04:00  WARN 29984 --- [CatalogService] [ioEventLoop-4-2] i.l.core.protocol.ConnectionWatchdog     : Cannot reconnect to [localhost/<unresolved>:6379]: Connection refused: no further information: localhost/127.0.0.1:6379
2026-09-13T13:30:29.414-04:00  INFO 29984 --- [CatalogService] [xecutorLoop-1-3] i.l.core.protocol.ConnectionWatchdog     : Reconnecting, last destination was localhost/<unresolved>:6379
2026-09-13T13:30:29.414-04:00  INFO 29984 --- [CatalogService] [xecutorLoop-1-4] i.l.core.protocol.ConnectionWatchdog     : Reconnecting, last destination was localhost/<unresolved>:6379
2026-09-13T13:30:29.417-04:00  WARN 29984 --- [CatalogService] [ioEventLoop-4-4] i.l.core.protocol.ConnectionWatchdog     : Cannot reconnect to [localhost/<unresolved>:6379]: Connection refused: no further information: localhost/127.0.0.1:6379
2026-09-13T13:30:29.418-04:00  WARN 29984 --- [CatalogService] [ioEventLoop-4-3] i.l.core.protocol.ConnectionWatchdog     : Cannot reconnect to [localhost/<unresolved>:6379]: Connection refused: no further information: localhost/127.0.0.1:6379
2026-09-13T13:30:59.520-04:00  INFO 29984 --- [CatalogService] [xecutorLoop-1-3] i.l.core.protocol.ConnectionWatchdog     : Reconnecting, last destination was localhost/<unresolved>:6379
2026-09-13T13:30:59.519-04:00  INFO 29984 --- [CatalogService] [xecutorLoop-1-4] i.l.core.protocol.ConnectionWatchdog     : Reconnecting, last destination was localhost/<unresolved>:6379
2026-09-13T13:30:59.522-04:00  WARN 29984 --- [CatalogService] [ioEventLoop-4-2] i.l.core.protocol.ConnectionWatchdog     : Cannot reconnect to [localhost/<unresolved>:6379]: Connection refused: no further information: localhost/127.0.0.1:6379
2026-09-13T13:30:59.525-04:00  WARN 29984 --- [CatalogService] [ioEventLoop-4-1] i.l.core.protocol.ConnectionWatchdog     : Cannot reconnect to [localhost/<unresolved>:6379]: Connection refused: no further information: localhost/127.0.0.1:6379
2026-09-13T13:31:29.620-04:00  INFO 29984 --- [CatalogService] [xecutorLoop-1-4] i.l.core.protocol.ConnectionWatchdog     : Reconnecting, last destination was localhost/<unresolved>:6379
2026-09-13T13:31:29.620-04:00  INFO 29984 --- [CatalogService] [xecutorLoop-1-3] i.l.core.protocol.ConnectionWatchdog     : Reconnecting, last destination was localhost/<unresolved>:6379
2026-09-13T13:31:29.623-04:00  WARN 29984 --- [CatalogService] [ioEventLoop-4-4] i.l.core.protocol.ConnectionWatchdog     : Cannot reconnect to [localhost/<unresolved>:6379]: Connection refused: no further information: localhost/127.0.0.1:6379
2026-09-13T13:31:29.626-04:00  WARN 29984 --- [CatalogService] [ioEventLoop-4-3] i.l.core.protocol.ConnectionWatchdog     : Cannot reconnect to [localhost/<unresolved>:6379]: Connection refused: no further information: localhost/127.0.0.1:6379
2026-09-13T13:31:59.715-04:00  INFO 29984 --- [CatalogService] [xecutorLoop-1-4] i.l.core.protocol.ConnectionWatchdog     : Reconnecting, last destination was localhost/<unresolved>:6379
2026-09-13T13:31:59.715-04:00  INFO 29984 --- [CatalogService] [xecutorLoop-1-3] i.l.core.protocol.ConnectionWatchdog     : Reconnecting, last destination was localhost/<unresolved>:6379
2026-09-13T13:31:59.716-04:00  WARN 29984 --- [CatalogService] [ioEventLoop-4-1] i.l.core.protocol.ConnectionWatchdog     : Cannot reconnect to [localhost/<unresolved>:6379]: Connection refused: no further information: localhost/127.0.0.1:6379
2026-09-13T13:31:59.716-04:00  WARN 29984 --- [CatalogService] [ioEventLoop-4-2] i.l.core.protocol.ConnectionWatchdog     : Cannot reconnect to [localhost/<unresolved>:6379]: Connection refused: no further information: localhost/127.0.0.1:6379
2026-09-13T13:32:29.821-04:00  INFO 29984 --- [CatalogService] [xecutorLoop-1-3] i.l.core.protocol.ConnectionWatchdog     : Reconnecting, last destination was localhost/<unresolved>:6379
2026-09-13T13:32:29.821-04:00  INFO 29984 --- [CatalogService] [xecutorLoop-1-4] i.l.core.protocol.ConnectionWatchdog     : Reconnecting, last destination was localhost/<unresolved>:6379
2026-09-13T13:32:29.824-04:00  WARN 29984 --- [CatalogService] [ioEventLoop-4-3] i.l.core.protocol.ConnectionWatchdog     : Cannot reconnect to [localhost/<unresolved>:6379]: Connection refused: no further information: localhost/127.0.0.1:6379
2026-09-13T13:32:29.826-04:00  WARN 29984 --- [CatalogService] [ioEventLoop-4-4] i.l.core.protocol.ConnectionWatchdog     : Cannot reconnect to [localhost/<unresolved>:6379]: Connection refused: no further information: localhost/127.0.0.1:6379
2026-09-13T13:32:40.422-04:00  INFO 29984 --- [CatalogService] [rap-executor-%d] c.n.d.s.r.aws.ConfigClusterResolver      : Resolving eureka endpoints via configuration
2026-09-13T13:32:59.913-04:00  INFO 29984 --- [CatalogService] [xecutorLoop-1-3] i.l.core.protocol.ConnectionWatchdog     : Reconnecting, last destination was localhost/<unresolved>:6379
2026-09-13T13:32:59.913-04:00  INFO 29984 --- [CatalogService] [xecutorLoop-1-4] i.l.core.protocol.ConnectionWatchdog     : Reconnecting, last destination was localhost/<unresolved>:6379
2026-09-13T13:32:59.916-04:00  WARN 29984 --- [CatalogService] [ioEventLoop-4-2] i.l.core.protocol.ConnectionWatchdog     : Cannot reconnect to [localhost/<unresolved>:6379]: Connection refused: no further information: localhost/127.0.0.1:6379
2026-09-13T13:32:59.916-04:00  WARN 29984 --- [CatalogService] [ioEventLoop-4-1] i.l.core.protocol.ConnectionWatchdog     : Cannot reconnect to [localhost/<unresolved>:6379]: Connection refused: no further information: localhost/127.0.0.1:6379
2026-09-13T13:33:30.015-04:00  INFO 29984 --- [CatalogService] [xecutorLoop-1-4] i.l.core.protocol.ConnectionWatchdog     : Reconnecting, last destination was localhost/<unresolved>:6379
2026-09-13T13:33:30.015-04:00  INFO 29984 --- [CatalogService] [xecutorLoop-1-3] i.l.core.protocol.ConnectionWatchdog     : Reconnecting, last destination was localhost/<unresolved>:6379
2026-09-13T13:33:30.017-04:00  WARN 29984 --- [CatalogService] [ioEventLoop-4-4] i.l.core.protocol.ConnectionWatchdog     : Cannot reconnect to [localhost/<unresolved>:6379]: Connection refused: no further information: localhost/127.0.0.1:6379
2026-09-13T13:33:30.017-04:00  WARN 29984 --- [CatalogService] [ioEventLoop-4-3] i.l.core.protocol.ConnectionWatchdog     : Cannot reconnect to [localhost/<unresolved>:6379]: Connection refused: no further information: localhost/127.0.0.1:6379
2026-09-13T13:34:00.115-04:00  INFO 29984 --- [CatalogService] [xecutorLoop-1-3] i.l.core.protocol.ConnectionWatchdog     : Reconnecting, last destination was localhost/<unresolved>:6379
2026-09-13T13:34:00.115-04:00  INFO 29984 --- [CatalogService] [xecutorLoop-1-4] i.l.core.protocol.ConnectionWatchdog     : Reconnecting, last destination was localhost/<unresolved>:6379
2026-09-13T13:34:00.116-04:00  WARN 29984 --- [CatalogService] [ioEventLoop-4-2] i.l.core.protocol.ConnectionWatchdog     : Cannot reconnect to [localhost/<unresolved>:6379]: Connection refused: no further information: localhost/127.0.0.1:6379
2026-09-13T13:34:00.117-04:00  WARN 29984 --- [CatalogService] [ioEventLoop-4-1] i.l.core.protocol.ConnectionWatchdog     : Cannot reconnect to [localhost/<unresolved>:6379]: Connection refused: no further information: localhost/127.0.0.1:6379
2026-09-13T13:34:30.214-04:00  INFO 29984 --- [CatalogService] [xecutorLoop-1-4] i.l.core.protocol.ConnectionWatchdog     : Reconnecting, last destination was localhost/<unresolved>:6379
2026-09-13T13:34:30.214-04:00  INFO 29984 --- [CatalogService] [xecutorLoop-1-3] i.l.core.protocol.ConnectionWatchdog     : Reconnecting, last destination was localhost/<unresolved>:6379
2026-09-13T13:34:30.217-04:00  WARN 29984 --- [CatalogService] [ioEventLoop-4-4] i.l.core.protocol.ConnectionWatchdog     : Cannot reconnect to [localhost/<unresolved>:6379]: Connection refused: no further information: localhost/127.0.0.1:6379
2026-09-13T13:34:30.217-04:00  WARN 29984 --- [CatalogService] [ioEventLoop-4-3] i.l.core.protocol.ConnectionWatchdog     : Cannot reconnect to [localhost/<unresolved>:6379]: Connection refused: no further information: localhost/127.0.0.1:6379
2026-09-13T13:35:00.318-04:00  INFO 29984 --- [CatalogService] [xecutorLoop-1-4] i.l.core.protocol.ConnectionWatchdog     : Reconnecting, last destination was localhost/<unresolved>:6379
2026-09-13T13:35:00.318-04:00  INFO 29984 --- [CatalogService] [xecutorLoop-1-3] i.l.core.protocol.ConnectionWatchdog     : Reconnecting, last destination was localhost/<unresolved>:6379
2026-09-13T13:35:00.321-04:00  WARN 29984 --- [CatalogService] [ioEventLoop-4-1] i.l.core.protocol.ConnectionWatchdog     : Cannot reconnect to [localhost/<unresolved>:6379]: Connection refused: no further information: localhost/127.0.0.1:6379
2026-09-13T13:35:00.321-04:00  WARN 29984 --- [CatalogService] [ioEventLoop-4-2] i.l.core.protocol.ConnectionWatchdog     : Cannot reconnect to [localhost/<unresolved>:6379]: Connection refused: no further information: localhost/127.0.0.1:6379
2026-09-13T13:35:30.422-04:00  INFO 29984 --- [CatalogService] [xecutorLoop-1-3] i.l.core.protocol.ConnectionWatchdog     : Reconnecting, last destination was localhost/<unresolved>:6379
2026-09-13T13:35:30.426-04:00  INFO 29984 --- [CatalogService] [xecutorLoop-1-4] i.l.core.protocol.ConnectionWatchdog     : Reconnecting, last destination was localhost/<unresolved>:6379
2026-09-13T13:35:30.429-04:00  WARN 29984 --- [CatalogService] [ioEventLoop-4-3] i.l.core.protocol.ConnectionWatchdog     : Cannot reconnect to [localhost/<unresolved>:6379]: Connection refused: no further information: localhost/127.0.0.1:6379
2026-09-13T13:35:30.432-04:00  WARN 29984 --- [CatalogService] [ioEventLoop-4-4] i.l.core.protocol.ConnectionWatchdog     : Cannot reconnect to [localhost/<unresolved>:6379]: Connection refused: no further information: localhost/127.0.0.1:6379
2026-09-13T13:36:00.514-04:00  INFO 29984 --- [CatalogService] [xecutorLoop-1-4] i.l.core.protocol.ConnectionWatchdog     : Reconnecting, last destination was localhost/<unresolved>:6379
2026-09-13T13:36:00.514-04:00  INFO 29984 --- [CatalogService] [xecutorLoop-1-3] i.l.core.protocol.ConnectionWatchdog     : Reconnecting, last destination was localhost/<unresolved>:6379
2026-09-13T13:36:00.517-04:00  WARN 29984 --- [CatalogService] [ioEventLoop-4-1] i.l.core.protocol.ConnectionWatchdog     : Cannot reconnect to [localhost/<unresolved>:6379]: Connection refused: no further information: localhost/127.0.0.1:6379
2026-09-13T13:36:00.520-04:00  WARN 29984 --- [CatalogService] [ioEventLoop-4-2] i.l.core.protocol.ConnectionWatchdog     : Cannot reconnect to [localhost/<unresolved>:6379]: Connection refused: no further information: localhost/127.0.0.1:6379
2026-09-13T13:36:30.617-04:00  INFO 29984 --- [CatalogService] [xecutorLoop-1-4] i.l.core.protocol.ConnectionWatchdog     : Reconnecting, last destination was localhost/<unresolved>:6379
2026-09-13T13:36:30.617-04:00  INFO 29984 --- [CatalogService] [xecutorLoop-1-3] i.l.core.protocol.ConnectionWatchdog     : Reconnecting, last destination was localhost/<unresolved>:6379
2026-09-13T13:36:30.622-04:00  WARN 29984 --- [CatalogService] [ioEventLoop-4-4] i.l.core.protocol.ConnectionWatchdog     : Cannot reconnect to [localhost/<unresolved>:6379]: Connection refused: no further information: localhost/127.0.0.1:6379
2026-09-13T13:36:30.622-04:00  WARN 29984 --- [CatalogService] [ioEventLoop-4-3] i.l.core.protocol.ConnectionWatchdog     : Cannot reconnect to [localhost/<unresolved>:6379]: Connection refused: no further information: localhost/127.0.0.1:6379
2026-09-13T13:37:00.715-04:00  INFO 29984 --- [CatalogService] [xecutorLoop-1-4] i.l.core.protocol.ConnectionWatchdog     : Reconnecting, last destination was localhost/<unresolved>:6379
2026-09-13T13:37:00.715-04:00  INFO 29984 --- [CatalogService] [xecutorLoop-1-3] i.l.core.protocol.ConnectionWatchdog     : Reconnecting, last destination was localhost/<unresolved>:6379
2026-09-13T13:37:00.718-04:00  WARN 29984 --- [CatalogService] [ioEventLoop-4-2] i.l.core.protocol.ConnectionWatchdog     : Cannot reconnect to [localhost/<unresolved>:6379]: Connection refused: no further information: localhost/127.0.0.1:6379
2026-09-13T13:37:00.718-04:00  WARN 29984 --- [CatalogService] [ioEventLoop-4-1] i.l.core.protocol.ConnectionWatchdog     : Cannot reconnect to [localhost/<unresolved>:6379]: Connection refused: no further information: localhost/127.0.0.1:6379
2026-09-13T13:37:30.821-04:00  INFO 29984 --- [CatalogService] [xecutorLoop-1-3] i.l.core.protocol.ConnectionWatchdog     : Reconnecting, last destination was localhost/<unresolved>:6379
2026-09-13T13:37:30.821-04:00  INFO 29984 --- [CatalogService] [xecutorLoop-1-4] i.l.core.protocol.ConnectionWatchdog     : Reconnecting, last destination was localhost/<unresolved>:6379
2026-09-13T13:37:30.823-04:00  WARN 29984 --- [CatalogService] [ioEventLoop-4-3] i.l.core.protocol.ConnectionWatchdog     : Cannot reconnect to [localhost/<unresolved>:6379]: Connection refused: no further information: localhost/127.0.0.1:6379
2026-09-13T13:37:30.826-04:00  WARN 29984 --- [CatalogService] [ioEventLoop-4-4] i.l.core.protocol.ConnectionWatchdog     : Cannot reconnect to [localhost/<unresolved>:6379]: Connection refused: no further information: localhost/127.0.0.1:6379
2026-09-13T13:37:40.432-04:00  INFO 29984 --- [CatalogService] [rap-executor-%d] c.n.d.s.r.aws.ConfigClusterResolver      : Resolving eureka endpoints via configuration
2026-09-13T13:38:00.914-04:00  INFO 29984 --- [CatalogService] [xecutorLoop-1-4] i.l.core.protocol.ConnectionWatchdog     : Reconnecting, last destination was localhost/<unresolved>:6379
2026-09-13T13:38:00.914-04:00  INFO 29984 --- [CatalogService] [xecutorLoop-1-3] i.l.core.protocol.ConnectionWatchdog     : Reconnecting, last destination was localhost/<unresolved>:6379
2026-09-13T13:38:00.919-04:00  WARN 29984 --- [CatalogService] [ioEventLoop-4-1] i.l.core.protocol.ConnectionWatchdog     : Cannot reconnect to [localhost/<unresolved>:6379]: Connection refused: no further information: localhost/127.0.0.1:6379
2026-09-13T13:38:00.919-04:00  WARN 29984 --- [CatalogService] [ioEventLoop-4-2] i.l.core.protocol.ConnectionWatchdog     : Cannot reconnect to [localhost/<unresolved>:6379]: Connection refused: no further information: localhost/127.0.0.1:6379
2026-09-13T13:38:31.015-04:00  INFO 29984 --- [CatalogService] [xecutorLoop-1-3] i.l.core.protocol.ConnectionWatchdog     : Reconnecting, last destination was localhost/<unresolved>:6379
2026-09-13T13:38:31.015-04:00  INFO 29984 --- [CatalogService] [xecutorLoop-1-4] i.l.core.protocol.ConnectionWatchdog     : Reconnecting, last destination was localhost/<unresolved>:6379
2026-09-13T13:38:31.018-04:00  WARN 29984 --- [CatalogService] [ioEventLoop-4-4] i.l.core.protocol.ConnectionWatchdog     : Cannot reconnect to [localhost/<unresolved>:6379]: Connection refused: no further information: localhost/127.0.0.1:6379
2026-09-13T13:38:31.021-04:00  WARN 29984 --- [CatalogService] [ioEventLoop-4-3] i.l.core.protocol.ConnectionWatchdog     : Cannot reconnect to [localhost/<unresolved>:6379]: Connection refused: no further information: localhost/127.0.0.1:6379
2026-09-13T13:39:01.121-04:00  INFO 29984 --- [CatalogService] [xecutorLoop-1-3] i.l.core.protocol.ConnectionWatchdog     : Reconnecting, last destination was localhost/<unresolved>:6379
2026-09-13T13:39:01.122-04:00  INFO 29984 --- [CatalogService] [xecutorLoop-1-4] i.l.core.protocol.ConnectionWatchdog     : Reconnecting, last destination was localhost/<unresolved>:6379
2026-09-13T13:39:01.127-04:00  WARN 29984 --- [CatalogService] [ioEventLoop-4-1] i.l.core.protocol.ConnectionWatchdog     : Cannot reconnect to [localhost/<unresolved>:6379]: Connection refused: no further information: localhost/127.0.0.1:6379
2026-09-13T13:39:01.127-04:00  WARN 29984 --- [CatalogService] [ioEventLoop-4-2] i.l.core.protocol.ConnectionWatchdog     : Cannot reconnect to [localhost/<unresolved>:6379]: Connection refused: no further information: localhost/127.0.0.1:6379
2026-09-13T13:39:31.224-04:00  INFO 29984 --- [CatalogService] [xecutorLoop-1-3] i.l.core.protocol.ConnectionWatchdog     : Reconnecting, last destination was localhost/<unresolved>:6379
2026-09-13T13:39:31.224-04:00  INFO 29984 --- [CatalogService] [xecutorLoop-1-4] i.l.core.protocol.ConnectionWatchdog     : Reconnecting, last destination was localhost/<unresolved>:6379
2026-09-13T13:39:31.227-04:00  WARN 29984 --- [CatalogService] [ioEventLoop-4-3] i.l.core.protocol.ConnectionWatchdog     : Cannot reconnect to [localhost/<unresolved>:6379]: Connection refused: no further information: localhost/127.0.0.1:6379
2026-09-13T13:39:31.227-04:00  WARN 29984 --- [CatalogService] [ioEventLoop-4-4] i.l.core.protocol.ConnectionWatchdog     : Cannot reconnect to [localhost/<unresolved>:6379]: Connection refused: no further information: localhost/127.0.0.1:6379
2026-09-13T13:40:01.317-04:00  INFO 29984 --- [CatalogService] [xecutorLoop-1-4] i.l.core.protocol.ConnectionWatchdog     : Reconnecting, last destination was localhost/<unresolved>:6379
2026-09-13T13:40:01.317-04:00  INFO 29984 --- [CatalogService] [xecutorLoop-1-3] i.l.core.protocol.ConnectionWatchdog     : Reconnecting, last destination was localhost/<unresolved>:6379
2026-09-13T13:40:01.319-04:00  WARN 29984 --- [CatalogService] [ioEventLoop-4-2] i.l.core.protocol.ConnectionWatchdog     : Cannot reconnect to [localhost/<unresolved>:6379]: Connection refused: no further information: localhost/127.0.0.1:6379
2026-09-13T13:40:01.319-04:00  WARN 29984 --- [CatalogService] [ioEventLoop-4-1] i.l.core.protocol.ConnectionWatchdog     : Cannot reconnect to [localhost/<unresolved>:6379]: Connection refused: no further information: localhost/127.0.0.1:6379
2026-09-13T13:40:31.415-04:00  INFO 29984 --- [CatalogService] [xecutorLoop-1-4] i.l.core.protocol.ConnectionWatchdog     : Reconnecting, last destination was localhost/<unresolved>:6379
2026-09-13T13:40:31.415-04:00  INFO 29984 --- [CatalogService] [xecutorLoop-1-3] i.l.core.protocol.ConnectionWatchdog     : Reconnecting, last destination was localhost/<unresolved>:6379
2026-09-13T13:40:31.421-04:00  WARN 29984 --- [CatalogService] [ioEventLoop-4-3] i.l.core.protocol.ConnectionWatchdog     : Cannot reconnect to [localhost/<unresolved>:6379]: Connection refused: no further information: localhost/127.0.0.1:6379
2026-09-13T13:40:31.423-04:00  WARN 29984 --- [CatalogService] [ioEventLoop-4-4] i.l.core.protocol.ConnectionWatchdog     : Cannot reconnect to [localhost/<unresolved>:6379]: Connection refused: no further information: localhost/127.0.0.1:6379
2026-09-13T13:41:01.515-04:00  INFO 29984 --- [CatalogService] [xecutorLoop-1-4] i.l.core.protocol.ConnectionWatchdog     : Reconnecting, last destination was localhost/<unresolved>:6379
2026-09-13T13:41:01.515-04:00  INFO 29984 --- [CatalogService] [xecutorLoop-1-3] i.l.core.protocol.ConnectionWatchdog     : Reconnecting, last destination was localhost/<unresolved>:6379
2026-09-13T13:41:01.519-04:00  WARN 29984 --- [CatalogService] [ioEventLoop-4-1] i.l.core.protocol.ConnectionWatchdog     : Cannot reconnect to [localhost/<unresolved>:6379]: Connection refused: no further information: localhost/127.0.0.1:6379
2026-09-13T13:41:01.519-04:00  WARN 29984 --- [CatalogService] [ioEventLoop-4-2] i.l.core.protocol.ConnectionWatchdog     : Cannot reconnect to [localhost/<unresolved>:6379]: Connection refused: no further information: localhost/127.0.0.1:6379
2026-09-13T13:41:31.616-04:00  INFO 29984 --- [CatalogService] [xecutorLoop-1-3] i.l.core.protocol.ConnectionWatchdog     : Reconnecting, last destination was localhost/<unresolved>:6379
2026-09-13T13:41:31.616-04:00  INFO 29984 --- [CatalogService] [xecutorLoop-1-4] i.l.core.protocol.ConnectionWatchdog     : Reconnecting, last destination was localhost/<unresolved>:6379
2026-09-13T13:41:31.619-04:00  WARN 29984 --- [CatalogService] [ioEventLoop-4-4] i.l.core.protocol.ConnectionWatchdog     : Cannot reconnect to [localhost/<unresolved>:6379]: Connection refused: no further information: localhost/127.0.0.1:6379
2026-09-13T13:41:31.619-04:00  WARN 29984 --- [CatalogService] [ioEventLoop-4-3] i.l.core.protocol.ConnectionWatchdog     : Cannot reconnect to [localhost/<unresolved>:6379]: Connection refused: no further information: localhost/127.0.0.1:6379
2026-09-13T13:42:01.715-04:00  INFO 29984 --- [CatalogService] [xecutorLoop-1-3] i.l.core.protocol.ConnectionWatchdog     : Reconnecting, last destination was localhost/<unresolved>:6379
2026-09-13T13:42:01.715-04:00  INFO 29984 --- [CatalogService] [xecutorLoop-1-4] i.l.core.protocol.ConnectionWatchdog     : Reconnecting, last destination was localhost/<unresolved>:6379
2026-09-13T13:42:01.720-04:00  WARN 29984 --- [CatalogService] [ioEventLoop-4-2] i.l.core.protocol.ConnectionWatchdog     : Cannot reconnect to [localhost/<unresolved>:6379]: Connection refused: no further information: localhost/127.0.0.1:6379
2026-09-13T13:42:01.720-04:00  WARN 29984 --- [CatalogService] [ioEventLoop-4-1] i.l.core.protocol.ConnectionWatchdog     : Cannot reconnect to [localhost/<unresolved>:6379]: Connection refused: no further information: localhost/127.0.0.1:6379
2026-09-13T13:42:31.815-04:00  INFO 29984 --- [CatalogService] [xecutorLoop-1-4] i.l.core.protocol.ConnectionWatchdog     : Reconnecting, last destination was localhost/<unresolved>:6379
2026-09-13T13:42:31.815-04:00  INFO 29984 --- [CatalogService] [xecutorLoop-1-3] i.l.core.protocol.ConnectionWatchdog     : Reconnecting, last destination was localhost/<unresolved>:6379
2026-09-13T13:42:31.821-04:00  WARN 29984 --- [CatalogService] [ioEventLoop-4-3] i.l.core.protocol.ConnectionWatchdog     : Cannot reconnect to [localhost/<unresolved>:6379]: Connection refused: no further information: localhost/127.0.0.1:6379
2026-09-13T13:42:31.821-04:00  WARN 29984 --- [CatalogService] [ioEventLoop-4-4] i.l.core.protocol.ConnectionWatchdog     : Cannot reconnect to [localhost/<unresolved>:6379]: Connection refused: no further information: localhost/127.0.0.1:6379
2026-09-13T13:42:40.438-04:00  INFO 29984 --- [CatalogService] [rap-executor-%d] c.n.d.s.r.aws.ConfigClusterResolver      : Resolving eureka endpoints via configuration
2026-09-13T13:43:01.916-04:00  INFO 29984 --- [CatalogService] [xecutorLoop-1-4] i.l.core.protocol.ConnectionWatchdog     : Reconnecting, last destination was localhost/<unresolved>:6379
2026-09-13T13:43:01.916-04:00  INFO 29984 --- [CatalogService] [xecutorLoop-1-3] i.l.core.protocol.ConnectionWatchdog     : Reconnecting, last destination was localhost/<unresolved>:6379
2026-09-13T13:43:01.918-04:00  WARN 29984 --- [CatalogService] [ioEventLoop-4-2] i.l.core.protocol.ConnectionWatchdog     : Cannot reconnect to [localhost/<unresolved>:6379]: Connection refused: no further information: localhost/127.0.0.1:6379
2026-09-13T13:43:01.920-04:00  WARN 29984 --- [CatalogService] [ioEventLoop-4-1] i.l.core.protocol.ConnectionWatchdog     : Cannot reconnect to [localhost/<unresolved>:6379]: Connection refused: no further information: localhost/127.0.0.1:6379
2026-09-13T13:43:32.017-04:00  INFO 29984 --- [CatalogService] [xecutorLoop-1-4] i.l.core.protocol.ConnectionWatchdog     : Reconnecting, last destination was localhost/<unresolved>:6379
2026-09-13T13:43:32.017-04:00  INFO 29984 --- [CatalogService] [xecutorLoop-1-3] i.l.core.protocol.ConnectionWatchdog     : Reconnecting, last destination was localhost/<unresolved>:6379
2026-09-13T13:43:32.022-04:00  WARN 29984 --- [CatalogService] [ioEventLoop-4-4] i.l.core.protocol.ConnectionWatchdog     : Cannot reconnect to [localhost/<unresolved>:6379]: Connection refused: no further information: localhost/127.0.0.1:6379
2026-09-13T13:43:32.022-04:00  WARN 29984 --- [CatalogService] [ioEventLoop-4-3] i.l.core.protocol.ConnectionWatchdog     : Cannot reconnect to [localhost/<unresolved>:6379]: Connection refused: no further information: localhost/127.0.0.1:6379
2026-09-13T13:44:02.116-04:00  INFO 29984 --- [CatalogService] [xecutorLoop-1-3] i.l.core.protocol.ConnectionWatchdog     : Reconnecting, last destination was localhost/<unresolved>:6379
2026-09-13T13:44:02.116-04:00  INFO 29984 --- [CatalogService] [xecutorLoop-1-4] i.l.core.protocol.ConnectionWatchdog     : Reconnecting, last destination was localhost/<unresolved>:6379
2026-09-13T13:44:02.120-04:00  WARN 29984 --- [CatalogService] [ioEventLoop-4-2] i.l.core.protocol.ConnectionWatchdog     : Cannot reconnect to [localhost/<unresolved>:6379]: Connection refused: no further information: localhost/127.0.0.1:6379
2026-09-13T13:44:02.120-04:00  WARN 29984 --- [CatalogService] [ioEventLoop-4-1] i.l.core.protocol.ConnectionWatchdog     : Cannot reconnect to [localhost/<unresolved>:6379]: Connection refused: no further information: localhost/127.0.0.1:6379
2026-09-13T13:44:32.218-04:00  INFO 29984 --- [CatalogService] [xecutorLoop-1-3] i.l.core.protocol.ConnectionWatchdog     : Reconnecting, last destination was localhost/<unresolved>:6379
2026-09-13T13:44:32.218-04:00  INFO 29984 --- [CatalogService] [xecutorLoop-1-4] i.l.core.protocol.ConnectionWatchdog     : Reconnecting, last destination was localhost/<unresolved>:6379
2026-09-13T13:44:32.223-04:00  WARN 29984 --- [CatalogService] [ioEventLoop-4-4] i.l.core.protocol.ConnectionWatchdog     : Cannot reconnect to [localhost/<unresolved>:6379]: Connection refused: no further information: localhost/127.0.0.1:6379
2026-09-13T13:44:32.223-04:00  WARN 29984 --- [CatalogService] [ioEventLoop-4-3] i.l.core.protocol.ConnectionWatchdog     : Cannot reconnect to [localhost/<unresolved>:6379]: Connection refused: no further information: localhost/127.0.0.1:6379
2026-09-13T13:45:02.316-04:00  INFO 29984 --- [CatalogService] [xecutorLoop-1-4] i.l.core.protocol.ConnectionWatchdog     : Reconnecting, last destination was localhost/<unresolved>:6379
2026-09-13T13:45:02.316-04:00  INFO 29984 --- [CatalogService] [xecutorLoop-1-3] i.l.core.protocol.ConnectionWatchdog     : Reconnecting, last destination was localhost/<unresolved>:6379
2026-09-13T13:45:02.322-04:00  WARN 29984 --- [CatalogService] [ioEventLoop-4-1] i.l.core.protocol.ConnectionWatchdog     : Cannot reconnect to [localhost/<unresolved>:6379]: Connection refused: no further information: localhost/127.0.0.1:6379
2026-09-13T13:45:02.322-04:00  WARN 29984 --- [CatalogService] [ioEventLoop-4-2] i.l.core.protocol.ConnectionWatchdog     : Cannot reconnect to [localhost/<unresolved>:6379]: Connection refused: no further information: localhost/127.0.0.1:6379
2026-09-13T13:45:32.416-04:00  INFO 29984 --- [CatalogService] [xecutorLoop-1-4] i.l.core.protocol.ConnectionWatchdog     : Reconnecting, last destination was localhost/<unresolved>:6379
2026-09-13T13:45:32.416-04:00  INFO 29984 --- [CatalogService] [xecutorLoop-1-3] i.l.core.protocol.ConnectionWatchdog     : Reconnecting, last destination was localhost/<unresolved>:6379
2026-09-13T13:45:32.418-04:00  WARN 29984 --- [CatalogService] [ioEventLoop-4-4] i.l.core.protocol.ConnectionWatchdog     : Cannot reconnect to [localhost/<unresolved>:6379]: Connection refused: no further information: localhost/127.0.0.1:6379
2026-09-13T13:45:32.421-04:00  WARN 29984 --- [CatalogService] [ioEventLoop-4-3] i.l.core.protocol.ConnectionWatchdog     : Cannot reconnect to [localhost/<unresolved>:6379]: Connection refused: no further information: localhost/127.0.0.1:6379
2026-09-13T13:46:02.520-04:00  INFO 29984 --- [CatalogService] [xecutorLoop-1-4] i.l.core.protocol.ConnectionWatchdog     : Reconnecting, last destination was localhost/<unresolved>:6379
2026-09-13T13:46:02.520-04:00  INFO 29984 --- [CatalogService] [xecutorLoop-1-3] i.l.core.protocol.ConnectionWatchdog     : Reconnecting, last destination was localhost/<unresolved>:6379
2026-09-13T13:46:02.522-04:00  WARN 29984 --- [CatalogService] [ioEventLoop-4-1] i.l.core.protocol.ConnectionWatchdog     : Cannot reconnect to [localhost/<unresolved>:6379]: Connection refused: no further information: localhost/127.0.0.1:6379
2026-09-13T13:46:02.522-04:00  WARN 29984 --- [CatalogService] [ioEventLoop-4-2] i.l.core.protocol.ConnectionWatchdog     : Cannot reconnect to [localhost/<unresolved>:6379]: Connection refused: no further information: localhost/127.0.0.1:6379
2026-09-13T13:46:32.618-04:00  INFO 29984 --- [CatalogService] [xecutorLoop-1-3] i.l.core.protocol.ConnectionWatchdog     : Reconnecting, last destination was localhost/<unresolved>:6379
2026-09-13T13:46:32.618-04:00  INFO 29984 --- [CatalogService] [xecutorLoop-1-4] i.l.core.protocol.ConnectionWatchdog     : Reconnecting, last destination was localhost/<unresolved>:6379
2026-09-13T13:46:32.621-04:00  WARN 29984 --- [CatalogService] [ioEventLoop-4-3] i.l.core.protocol.ConnectionWatchdog     : Cannot reconnect to [localhost/<unresolved>:6379]: Connection refused: no further information: localhost/127.0.0.1:6379
2026-09-13T13:46:32.622-04:00  WARN 29984 --- [CatalogService] [ioEventLoop-4-4] i.l.core.protocol.ConnectionWatchdog     : Cannot reconnect to [localhost/<unresolved>:6379]: Connection refused: no further information: localhost/127.0.0.1:6379
2026-09-13T13:47:02.725-04:00  INFO 29984 --- [CatalogService] [xecutorLoop-1-3] i.l.core.protocol.ConnectionWatchdog     : Reconnecting, last destination was localhost/<unresolved>:6379
2026-09-13T13:47:02.725-04:00  INFO 29984 --- [CatalogService] [xecutorLoop-1-4] i.l.core.protocol.ConnectionWatchdog     : Reconnecting, last destination was localhost/<unresolved>:6379
2026-09-13T13:47:02.727-04:00  WARN 29984 --- [CatalogService] [ioEventLoop-4-1] i.l.core.protocol.ConnectionWatchdog     : Cannot reconnect to [localhost/<unresolved>:6379]: Connection refused: no further information: localhost/127.0.0.1:6379
2026-09-13T13:47:02.727-04:00  WARN 29984 --- [CatalogService] [ioEventLoop-4-2] i.l.core.protocol.ConnectionWatchdog     : Cannot reconnect to [localhost/<unresolved>:6379]: Connection refused: no further information: localhost/127.0.0.1:6379
2026-09-13T13:47:32.816-04:00  INFO 29984 --- [CatalogService] [xecutorLoop-1-3] i.l.core.protocol.ConnectionWatchdog     : Reconnecting, last destination was localhost/<unresolved>:6379
2026-09-13T13:47:32.816-04:00  INFO 29984 --- [CatalogService] [xecutorLoop-1-4] i.l.core.protocol.ConnectionWatchdog     : Reconnecting, last destination was localhost/<unresolved>:6379
2026-09-13T13:47:32.818-04:00  WARN 29984 --- [CatalogService] [ioEventLoop-4-3] i.l.core.protocol.ConnectionWatchdog     : Cannot reconnect to [localhost/<unresolved>:6379]: Connection refused: no further information: localhost/127.0.0.1:6379
2026-09-13T13:47:32.818-04:00  WARN 29984 --- [CatalogService] [ioEventLoop-4-4] i.l.core.protocol.ConnectionWatchdog     : Cannot reconnect to [localhost/<unresolved>:6379]: Connection refused: no further information: localhost/127.0.0.1:6379
2026-09-13T13:47:40.461-04:00  INFO 29984 --- [CatalogService] [rap-executor-%d] c.n.d.s.r.aws.ConfigClusterResolver      : Resolving eureka endpoints via configuration
2026-09-13T13:48:02.918-04:00  INFO 29984 --- [CatalogService] [xecutorLoop-1-4] i.l.core.protocol.ConnectionWatchdog     : Reconnecting, last destination was localhost/<unresolved>:6379
2026-09-13T13:48:02.918-04:00  INFO 29984 --- [CatalogService] [xecutorLoop-1-3] i.l.core.protocol.ConnectionWatchdog     : Reconnecting, last destination was localhost/<unresolved>:6379
2026-09-13T13:48:02.926-04:00  WARN 29984 --- [CatalogService] [ioEventLoop-4-1] i.l.core.protocol.ConnectionWatchdog     : Cannot reconnect to [localhost/<unresolved>:6379]: Connection refused: no further information: localhost/127.0.0.1:6379
2026-09-13T13:48:02.928-04:00  WARN 29984 --- [CatalogService] [ioEventLoop-4-2] i.l.core.protocol.ConnectionWatchdog     : Cannot reconnect to [localhost/<unresolved>:6379]: Connection refused: no further information: localhost/127.0.0.1:6379
2026-09-13T13:48:33.032-04:00  INFO 29984 --- [CatalogService] [xecutorLoop-1-4] i.l.core.protocol.ConnectionWatchdog     : Reconnecting, last destination was localhost/<unresolved>:6379
2026-09-13T13:48:33.032-04:00  INFO 29984 --- [CatalogService] [xecutorLoop-1-3] i.l.core.protocol.ConnectionWatchdog     : Reconnecting, last destination was localhost/<unresolved>:6379
2026-09-13T13:48:33.038-04:00  WARN 29984 --- [CatalogService] [ioEventLoop-4-4] i.l.core.protocol.ConnectionWatchdog     : Cannot reconnect to [localhost/<unresolved>:6379]: Connection refused: no further information: localhost/127.0.0.1:6379
2026-09-13T13:48:33.042-04:00  WARN 29984 --- [CatalogService] [ioEventLoop-4-3] i.l.core.protocol.ConnectionWatchdog     : Cannot reconnect to [localhost/<unresolved>:6379]: Connection refused: no further information: localhost/127.0.0.1:6379
2026-09-13T13:49:03.117-04:00  INFO 29984 --- [CatalogService] [xecutorLoop-1-3] i.l.core.protocol.ConnectionWatchdog     : Reconnecting, last destination was localhost/<unresolved>:6379
2026-09-13T13:49:03.117-04:00  INFO 29984 --- [CatalogService] [xecutorLoop-1-4] i.l.core.protocol.ConnectionWatchdog     : Reconnecting, last destination was localhost/<unresolved>:6379
2026-09-13T13:49:03.123-04:00  WARN 29984 --- [CatalogService] [ioEventLoop-4-2] i.l.core.protocol.ConnectionWatchdog     : Cannot reconnect to [localhost/<unresolved>:6379]: Connection refused: no further information: localhost/127.0.0.1:6379
2026-09-13T13:49:03.123-04:00  WARN 29984 --- [CatalogService] [ioEventLoop-4-1] i.l.core.protocol.ConnectionWatchdog     : Cannot reconnect to [localhost/<unresolved>:6379]: Connection refused: no further information: localhost/127.0.0.1:6379
